CMD:bin/cbp.man traces/int/int_36_trace.gz
 (TAGE 1217581)  (LOOP 3648)  (SC 197568) 
 (TOTAL 1418797 bits 173.192993 KB) 
 TAGE Low Bank Used: 6
 TAGE High Bank Used: 15
 (Hard Branch Table 4559)  (Correlation Table 108576)  (Load Value Correlated Predictor Top 40041) 
 (Load Value Correlated Predictor TOTAL 18.698242 KB) 
 (Hard Branch Table 4559)  (Correlation Table 108576)  (Load Value Correlated Predictor Top 40041) 
 (Load Value Correlated Predictor TOTAL 18.698242 KB) 
[0, 0x80002400], 33554577
[0x7ca4647388, 0xffffff8008082c0c], 288230359199289059
[0x7029d350, 0xffffff8008082c0c], 288230367534479716
[0x7ca14db080, 0xffffff8008082c0c], 288230359200098799
[0x7ca14db080, 0xffffff8008082c0c], 288230359200098799
[0x7ca14db080, 0xffffff8008082c0c], 288230359200098799
[0x7ca4647618, 0xffffff8008082c0c], 288230359199289049
[0x7ca14da820, 0xffffff8008082c0c], 288230359200098833
[0x7ca14db240, 0xffffff8008082c0c], 288230359200098792
[0x7ca148c3c4, 0xffffff8008082c0c], 288230359200103842
[0x7ca148c440, 0xffffff8008082c0c], 288230359200103840
[0x7ca148c440, 0xffffff8008082c0c], 288230359200103840
[0x7ca148c440, 0xffffff8008082c0c], 288230359200103840
[0x7ca148c440, 0xffffff8008082c0c], 288230359200103840
[0x7ca148c440, 0xffffff8008082c0c], 288230359200103840
[0x7ca148c440, 0xffffff8008082c0c], 288230359200103840
[0x7ca148c440, 0xffffff8008082c0c], 288230359200103840
[0x7ca148c440, 0xffffff8008082c0c], 288230359200103840
[0x7ca148c440, 0xffffff8008082c0c], 288230359200103840
[0x7ca148c440, 0xffffff8008082c0c], 288230359200103840
[0x7ca148c440, 0xffffff8008082c0c], 288230359200103840
[0x7ca148c440, 0xffffff8008082c0c], 288230359200103840
[0x7ca148c440, 0xffffff8008082c0c], 288230359200103840
[0x7ca148c440, 0xffffff8008082c0c], 288230359200103840
[0x7ca148c440, 0xffffff8008082c0c], 288230359200103840
[0x7ca148c440, 0xffffff8008082c0c], 288230359200103840
[0x7ca14db4a0, 0xffffff8008082c0c], 288230359200098783
[0x7ca14db340, 0xffffff8008082c0c], 288230359200098788
[0x7c9f848630, 0xffffff8008082c0c], 288230359200566937
[0x7ca14db4a0, 0xffffff8008082c0c], 288230359200098783
[0x7ca14dae20, 0xffffff8008082c0c], 288230359200098809
[0x7ca14db4a0, 0xffffff8008082c0c], 288230359200098783
[0x7ca14db4a0, 0xffffff8008082c0c], 288230359200098783
[0x7ca14db4a0, 0xffffff8008082c0c], 288230359200098783
[0x7ca14db4a0, 0xffffff8008082c0c], 288230359200098783
[0x7ca14db340, 0xffffff8008082c0c], 288230359200098788
[0x7ca044618c, 0xffffff8008082c0c], 288230359200370475
[0x7ca0446008, 0xffffff8008082c0c], 288230359200370481
[0x7ca0446008, 0xffffff8008082c0c], 288230359200370481
[0x7ca0446008, 0xffffff8008082c0c], 288230359200370481
[0x7ca0446008, 0xffffff8008082c0c], 288230359200370481
[0x7ca14db080, 0xffffff8008082c0c], 288230359200098799
[0x7c1dd75028, 0xffffff8008082c0c], 288230359234560881
[0x7ca043fc98, 0xffffff8008082c0c], 288230359200370879
[0x7ca043fc98, 0xffffff8008082c0c], 288230359200370879
[0x7ca043fc80, 0xffffff8008082c0c], 288230359200370879
[0x7ca043fc80, 0xffffff8008082c0c], 288230359200370879
[0x7ca043fc98, 0xffffff8008082c0c], 288230359200370879
[0x7ca043fc98, 0xffffff8008082c0c], 288230359200370879
[0x7ca043fc98, 0xffffff8008082c0c], 288230359200370879
[0x7ca043fc98, 0xffffff8008082c0c], 288230359200370879
[0x7ca043fc80, 0xffffff8008082c0c], 288230359200370879
[0x7ca043fc80, 0xffffff8008082c0c], 288230359200370879
[0x7ca043fc80, 0xffffff8008082c0c], 288230359200370879
[0x7ca043fc80, 0xffffff8008082c0c], 288230359200370879
[0x7ca043fc80, 0xffffff8008082c0c], 288230359200370879
[0x7ca148c440, 0xffffff8008082c0c], 288230359200103840
[0x7ca148c440, 0xffffff8008082c0c], 288230359200103840
[0x7ca043e340, 0xffffff8008082c0c], 288230359200370980
[0x7ca043fc80, 0xffffff8008082c0c], 288230359200370879
[0x7ca043fc80, 0xffffff8008082c0c], 288230359200370879
[0x7ca043fc80, 0xffffff8008082c0c], 288230359200370879
[0x7ca043fc80, 0xffffff8008082c0c], 288230359200370879
[0x7ca043fd34, 0xffffff8008082c0c], 288230359200370877
[0x7ca043fc80, 0xffffff8008082c0c], 288230359200370879
[0x7ca043fc80, 0xffffff8008082c0c], 288230359200370879
[0x7ca043fc80, 0xffffff8008082c0c], 288230359200370879
[0x7ca043fc80, 0xffffff8008082c0c], 288230359200370879
[0x7ca043fc80, 0xffffff8008082c0c], 288230359200370879
[0x7ca043fc80, 0xffffff8008082c0c], 288230359200370879
[0x7ca043fc80, 0xffffff8008082c0c], 288230359200370879
[0x7ca043fc80, 0xffffff8008082c0c], 288230359200370879
[0x7ca043fc80, 0xffffff8008082c0c], 288230359200370879
[0x7ca043fc80, 0xffffff8008082c0c], 288230359200370879
[0x7ca043fc80, 0xffffff8008082c0c], 288230359200370879
[0x7ca043fc80, 0xffffff8008082c0c], 288230359200370879
[0x7ca043fc80, 0xffffff8008082c0c], 288230359200370879
[0x7ca043fc80, 0xffffff8008082c0c], 288230359200370879
[0x7ca043fc80, 0xffffff8008082c0c], 288230359200370879
[0x7ca043fc80, 0xffffff8008082c0c], 288230359200370879
[0x7ca043fc80, 0xffffff8008082c0c], 288230359200370879
[0x7ca043fc80, 0xffffff8008082c0c], 288230359200370879
[0x7ca043fc80, 0xffffff8008082c0c], 288230359200370879
[0x7ca043fc80, 0xffffff8008082c0c], 288230359200370879
[0x7ca043fc80, 0xffffff8008082c0c], 288230359200370879
[0x7ca148c220, 0xffffff8008082c0c], 288230359200103849
[0x7ca043fc80, 0xffffff8008082c0c], 288230359200370879
[0x7ca043fc80, 0xffffff8008082c0c], 288230359200370879
[0x7ca043fc80, 0xffffff8008082c0c], 288230359200370879
[0x7ca043fc80, 0xffffff8008082c0c], 288230359200370879
[0x7ca043fc80, 0xffffff8008082c0c], 288230359200370879
[0x7ca148c220, 0xffffff8008082c0c], 288230359200103849
[0x7ca148c1f0, 0xffffff8008082c0c], 288230359200103850
[0x7ca148c220, 0xffffff8008082c0c], 288230359200103849
[0x7ca148c220, 0xffffff8008082c0c], 288230359200103849
[0x7ca148c220, 0xffffff8008082c0c], 288230359200103849
[0x7ca148c220, 0xffffff8008082c0c], 288230359200103849
[0x7ca043fc80, 0xffffff8008082c0c], 288230359200370879
[0x7ca043fc80, 0xffffff8008082c0c], 288230359200370879
[0x7ca043fc80, 0xffffff8008082c0c], 288230359200370879
[0x7ca043fc80, 0xffffff8008082c0c], 288230359200370879
[0x7ca043fc80, 0xffffff8008082c0c], 288230359200370879
[0x7ca148c1f0, 0xffffff8008082c0c], 288230359200103850
[0x7ca148c220, 0xffffff8008082c0c], 288230359200103849
[0x7ca148c220, 0xffffff8008082c0c], 288230359200103849
[0x7ca148c220, 0xffffff8008082c0c], 288230359200103849
[0x7ca148c220, 0xffffff8008082c0c], 288230359200103849
[0x7ca043fc80, 0xffffff8008082c0c], 288230359200370879
[0x7ca043fc80, 0xffffff8008082c0c], 288230359200370879
[0x7ca043fc80, 0xffffff8008082c0c], 288230359200370879
[0x7ca043fc80, 0xffffff8008082c0c], 288230359200370879
[0x7ca148c220, 0xffffff8008082c0c], 288230359200103849
[0x7ca14db080, 0xffffff8008082c0c], 288230359200098799
[0x7ca4647618, 0xffffff8008082c0c], 288230359199289049
[0x7ca14db080, 0xffffff8008082c0c], 288230359200098799
[0x7ca14db080, 0xffffff8008082c0c], 288230359200098799
[0x7c1dd75028, 0xffffff8008082c0c], 288230359234560881
[0x7ca4647618, 0xffffff8008082c0c], 288230359199289049
[0x7ca14db080, 0xffffff8008082c0c], 288230359200098799
[0x7ca14dbe20, 0xffffff8008082c0c], 288230359200098745
[0x7ca4647618, 0xffffff8008082c0c], 288230359199289049
[0x7ca14dbe00, 0xffffff8008082c0c], 288230359200098745
[0x7ca14db5a0, 0xffffff8008082c0c], 288230359200098779
[0x7ca148d220, 0xffffff8008082c0c], 288230359200103785
[0x7ca148d220, 0xffffff8008082c0c], 288230359200103785
[0x7ca14db5a0, 0xffffff8008082c0c], 288230359200098779
[0x7ca4647618, 0xffffff8008082c0c], 288230359199289049
[0x7ca14db080, 0xffffff8008082c0c], 288230359200098799
[0x7ca14da6c0, 0xffffff8008082c0c], 288230359200098838
[0x7ca4647618, 0xffffff8008082c0c], 288230359199289049
[0x7ca14da6c0, 0xffffff8008082c0c], 288230359200098838
[0x7c2979f660, 0xffffff8008082c0c], 288230359231510744
[0x7c2979e840, 0xffffff8008082c0c], 288230359231510800
[0x7c2979f660, 0xffffff8008082c0c], 288230359231510744
[0x7c2979e840, 0xffffff8008082c0c], 288230359231510800
[0x7c2979f620, 0xffffff8008082c0c], 288230359231510745
[0x7c2979e820, 0xffffff8008082c0c], 288230359231510801
[0x7c2979ee00, 0xffffff8008082c0c], 288230359231510777
[0x7c2979f5a0, 0xffffff8008082c0c], 288230359231510747
[0x7c2979e500, 0xffffff8008082c0c], 288230359231510813
[0x7c2979e820, 0xffffff8008082c0c], 288230359231510801
[0x7c2979f5a0, 0xffffff8008082c0c], 288230359231510747
[0x7c2979e500, 0xffffff8008082c0c], 288230359231510813
[0x7c2979fe20, 0xffffff8008082c0c], 288230359231510713
[0x7c2979fe20, 0xffffff8008082c0c], 288230359231510713
[0x7c2af4d618, 0xffffff8008082c0c], 288230359231122777
[0x7c2979e840, 0xffffff8008082c0c], 288230359231510800
[0x7c2979f620, 0xffffff8008082c0c], 288230359231510745
[0x7c2979fe20, 0xffffff8008082c0c], 288230359231510713
[0x7c2979fe20, 0xffffff8008082c0c], 288230359231510713
[0x7c2af4d618, 0xffffff8008082c0c], 288230359231122777
[0x7c2979e840, 0xffffff8008082c0c], 288230359231510800
[0x7c2979f620, 0xffffff8008082c0c], 288230359231510745
[0x7c2979fe20, 0xffffff8008082c0c], 288230359231510713
[0x7c2979fe20, 0xffffff8008082c0c], 288230359231510713
[0x7c2af4d618, 0xffffff8008082c0c], 288230359231122777
[0x7c2979e840, 0xffffff8008082c0c], 288230359231510800
[0x7ca148d220, 0xffffff8008082c0c], 288230359200103785
[0x7ca148d220, 0xffffff8008082c0c], 288230359200103785
[0x7ca4647618, 0xffffff8008082c0c], 288230359199289049
[0x7ca14db7c0, 0xffffff8008082c0c], 288230359200098770
[0x7ca14db7c0, 0xffffff8008082c0c], 288230359200098770
[0x7ca14db7c0, 0xffffff8008082c0c], 288230359200098770
[0x7ca14db7c0, 0xffffff8008082c0c], 288230359200098770
[0x7ca14db7c0, 0xffffff8008082c0c], 288230359200098770
[0x7ca14db7c0, 0xffffff8008082c0c], 288230359200098770
[0x7ca14db7c0, 0xffffff8008082c0c], 288230359200098770
[0x7ca14db7c0, 0xffffff8008082c0c], 288230359200098770
[0x7ca14db7c0, 0xffffff8008082c0c], 288230359200098770
[0x7ca14db7c0, 0xffffff8008082c0c], 288230359200098770
[0x7ca14db7c0, 0xffffff8008082c0c], 288230359200098770
[0x7ca14db7c0, 0xffffff8008082c0c], 288230359200098770
[0x7ca14db7c0, 0xffffff8008082c0c], 288230359200098770
[0x7ca14db7c0, 0xffffff8008082c0c], 288230359200098770
[0x7ca14db7c0, 0xffffff8008082c0c], 288230359200098770
[0x7ca14db7c0, 0xffffff8008082c0c], 288230359200098770
[0x7ca14db7c0, 0xffffff8008082c0c], 288230359200098770
[0x7ca14db7c0, 0xffffff8008082c0c], 288230359200098770
[0x7ca14db7c0, 0xffffff8008082c0c], 288230359200098770
[0x7ca14db7c0, 0xffffff8008082c0c], 288230359200098770
[0x7ca14db7c0, 0xffffff8008082c0c], 288230359200098770
[0x7ca14db7c0, 0xffffff8008082c0c], 288230359200098770
[0x7ca14db7c0, 0xffffff8008082c0c], 288230359200098770
[0x7ca14db7c0, 0xffffff8008082c0c], 288230359200098770
[0x7ca14db7c0, 0xffffff8008082c0c], 288230359200098770
[0x7ca14db7c0, 0xffffff8008082c0c], 288230359200098770
[0x7ca14db7c0, 0xffffff8008082c0c], 288230359200098770
[0x7ca14db7c0, 0xffffff8008082c0c], 288230359200098770
[0x7ca14db7c0, 0xffffff8008082c0c], 288230359200098770
[0x7ca14db7c0, 0xffffff8008082c0c], 288230359200098770
[0x7ca14db7c0, 0xffffff8008082c0c], 288230359200098770
[0x7ca14db7c0, 0xffffff8008082c0c], 288230359200098770
[0x7ca14db7c0, 0xffffff8008082c0c], 288230359200098770
[0x7ca14db7c0, 0xffffff8008082c0c], 288230359200098770
[0x7ca14db7c0, 0xffffff8008082c0c], 288230359200098770
[0x7ca14db7c0, 0xffffff8008082c0c], 288230359200098770
[0x7ca14db7c0, 0xffffff8008082c0c], 288230359200098770
[0x7ca14db7c0, 0xffffff8008082c0c], 288230359200098770
[0x7ca14db7c0, 0xffffff8008082c0c], 288230359200098770
[0x7ca14db7c0, 0xffffff8008082c0c], 288230359200098770
[0x7ca14db7c0, 0xffffff8008082c0c], 288230359200098770
[0x7ca14db7c0, 0xffffff8008082c0c], 288230359200098770
[0x7ca14db7c0, 0xffffff8008082c0c], 288230359200098770
[0x7ca14db7c0, 0xffffff8008082c0c], 288230359200098770
[0x7ca14db7c0, 0xffffff8008082c0c], 288230359200098770
[0x7ca14db7c0, 0xffffff8008082c0c], 288230359200098770
[0x7ca14db7c0, 0xffffff8008082c0c], 288230359200098770
[0x7ca14db7c0, 0xffffff8008082c0c], 288230359200098770
[0x7ca14db7c0, 0xffffff8008082c0c], 288230359200098770
[0x7ca14db7c0, 0xffffff8008082c0c], 288230359200098770
[0x7ca4647618, 0xffffff8008082c0c], 288230359199289049
[0x7ca4647618, 0xffffff8008082c0c], 288230359199289049
[0x7ca14db7c0, 0xffffff8008082c0c], 288230359200098770
[0x7ca4647618, 0xffffff8008082c0c], 288230359199289049
[0x7ca14db7c0, 0xffffff8008082c0c], 288230359200098770
[0x7ca4647618, 0xffffff8008082c0c], 288230359199289049
[0x7ca14db7c0, 0xffffff8008082c0c], 288230359200098770
[0x7ca4647618, 0xffffff8008082c0c], 288230359199289049
[0x7ca14db7c0, 0xffffff8008082c0c], 288230359200098770
[0x7ca4647618, 0xffffff8008082c0c], 288230359199289049
[0x7ca14db7c0, 0xffffff8008082c0c], 288230359200098770
[0x7ca4647618, 0xffffff8008082c0c], 288230359199289049
[0x7ca14db7c0, 0xffffff8008082c0c], 288230359200098770
[0x7ca4647618, 0xffffff8008082c0c], 288230359199289049
[0x7ca14db7c0, 0xffffff8008082c0c], 288230359200098770
[0x7ca4647618, 0xffffff8008082c0c], 288230359199289049
[0x7ca14db7c0, 0xffffff8008082c0c], 288230359200098770
[0x7ca4647618, 0xffffff8008082c0c], 288230359199289049
[0x7ca14db7c0, 0xffffff8008082c0c], 288230359200098770
[0x7ca4647618, 0xffffff8008082c0c], 288230359199289049
[0x7ca14db7c0, 0xffffff8008082c0c], 288230359200098770
[0x7ca4647618, 0xffffff8008082c0c], 288230359199289049
[0x7ca14db7c0, 0xffffff8008082c0c], 288230359200098770
[0x7ca4647618, 0xffffff8008082c0c], 288230359199289049
[0x7ca14db7c0, 0xffffff8008082c0c], 288230359200098770
[0x7ca4647618, 0xffffff8008082c0c], 288230359199289049
[0x7ca14db7c0, 0xffffff8008082c0c], 288230359200098770
[0x7ca4647618, 0xffffff8008082c0c], 288230359199289049
[0x7ca14db7c0, 0xffffff8008082c0c], 288230359200098770
[0x7ca4647618, 0xffffff8008082c0c], 288230359199289049
[0x7ca14db7c0, 0xffffff8008082c0c], 288230359200098770
[0x7ca4647618, 0xffffff8008082c0c], 288230359199289049
[0x7ca14db7c0, 0xffffff8008082c0c], 288230359200098770
[0x7ca4647618, 0xffffff8008082c0c], 288230359199289049
[0x7ca14db7c0, 0xffffff8008082c0c], 288230359200098770
[0x7ca4647618, 0xffffff8008082c0c], 288230359199289049
[0x7ca14db7c0, 0xffffff8008082c0c], 288230359200098770
[0x7ca4647618, 0xffffff8008082c0c], 288230359199289049
[0x7ca14db7c0, 0xffffff8008082c0c], 288230359200098770
[0x7ca4647618, 0xffffff8008082c0c], 288230359199289049
[0x7ca14db7c0, 0xffffff8008082c0c], 288230359200098770
[0x7ca4647618, 0xffffff8008082c0c], 288230359199289049
[0x7ca14db7c0, 0xffffff8008082c0c], 288230359200098770
[0x7ca4647618, 0xffffff8008082c0c], 288230359199289049
[0x7ca14db7c0, 0xffffff8008082c0c], 288230359200098770
[0x7ca4647618, 0xffffff8008082c0c], 288230359199289049
[0x7ca14db7c0, 0xffffff8008082c0c], 288230359200098770
[0x7ca4647618, 0xffffff8008082c0c], 288230359199289049
[0x7ca14db7c0, 0xffffff8008082c0c], 288230359200098770
[0x7ca4647618, 0xffffff8008082c0c], 288230359199289049
[0x7ca14db7c0, 0xffffff8008082c0c], 288230359200098770
[0x7ca4647618, 0xffffff8008082c0c], 288230359199289049
[0x7ca14db7c0, 0xffffff8008082c0c], 288230359200098770
[0x7ca4647618, 0xffffff8008082c0c], 288230359199289049
[0x7ca14db7c0, 0xffffff8008082c0c], 288230359200098770
[0x7ca4647618, 0xffffff8008082c0c], 288230359199289049
[0x7ca14db7c0, 0xffffff8008082c0c], 288230359200098770
[0x7ca4647618, 0xffffff8008082c0c], 288230359199289049
[0x7ca14db7c0, 0xffffff8008082c0c], 288230359200098770
[0x7ca4647618, 0xffffff8008082c0c], 288230359199289049
[0x7ca14db7c0, 0xffffff8008082c0c], 288230359200098770
[0x7ca4647618, 0xffffff8008082c0c], 288230359199289049
[0x7ca14db7c0, 0xffffff8008082c0c], 288230359200098770
[0x7ca4647618, 0xffffff8008082c0c], 288230359199289049
[0x7ca14db7c0, 0xffffff8008082c0c], 288230359200098770
[0x7ca4647618, 0xffffff8008082c0c], 288230359199289049
[0x7ca14db7c0, 0xffffff8008082c0c], 288230359200098770
[0x7ca4647618, 0xffffff8008082c0c], 288230359199289049
[0x7ca14db7c0, 0xffffff8008082c0c], 288230359200098770
[0x7ca4647618, 0xffffff8008082c0c], 288230359199289049
[0x7ca14db7c0, 0xffffff8008082c0c], 288230359200098770
[0x7ca4647618, 0xffffff8008082c0c], 288230359199289049
[0x7ca14db7c0, 0xffffff8008082c0c], 288230359200098770
[0x7ca4647618, 0xffffff8008082c0c], 288230359199289049
[0x7ca14db7c0, 0xffffff8008082c0c], 288230359200098770
[0x7ca4647618, 0xffffff8008082c0c], 288230359199289049
[0x7ca14db7c0, 0xffffff8008082c0c], 288230359200098770
[0x7ca4647618, 0xffffff8008082c0c], 288230359199289049
[0x7ca14db7c0, 0xffffff8008082c0c], 288230359200098770
[0x7ca4647618, 0xffffff8008082c0c], 288230359199289049
[0x7ca14db7c0, 0xffffff8008082c0c], 288230359200098770
[0x7ca4647618, 0xffffff8008082c0c], 288230359199289049
[0x7ca14db7c0, 0xffffff8008082c0c], 288230359200098770
[0x7ca4647618, 0xffffff8008082c0c], 288230359199289049
[0x7ca14db7c0, 0xffffff8008082c0c], 288230359200098770
[0x7ca4647618, 0xffffff8008082c0c], 288230359199289049
[0x7ca14db7c0, 0xffffff8008082c0c], 288230359200098770
[0x7ca4647618, 0xffffff8008082c0c], 288230359199289049
[0x7ca14db7c0, 0xffffff8008082c0c], 288230359200098770
[0x7ca4647618, 0xffffff8008082c0c], 288230359199289049
[0x7ca14db7c0, 0xffffff8008082c0c], 288230359200098770
[0x7ca4647618, 0xffffff8008082c0c], 288230359199289049
[0x7ca14db7c0, 0xffffff8008082c0c], 288230359200098770
[0x7ca4647618, 0xffffff8008082c0c], 288230359199289049
[0x7ca14db7c0, 0xffffff8008082c0c], 288230359200098770
[0x7ca4647618, 0xffffff8008082c0c], 288230359199289049
[0x7ca14db7c0, 0xffffff8008082c0c], 288230359200098770
[0x7ca4647618, 0xffffff8008082c0c], 288230359199289049
[0x7ca14db7c0, 0xffffff8008082c0c], 288230359200098770
[0x7ca4647618, 0xffffff8008082c0c], 288230359199289049
[0x7ca14db7c0, 0xffffff8008082c0c], 288230359200098770
[0x7ca4647618, 0xffffff8008082c0c], 288230359199289049
[0x7ca14db7c0, 0xffffff8008082c0c], 288230359200098770
[0x7ca4647618, 0xffffff8008082c0c], 288230359199289049
[0x7ca14db7c0, 0xffffff8008082c0c], 288230359200098770
[0x7ca4647618, 0xffffff8008082c0c], 288230359199289049
[0x7ca14db7c0, 0xffffff8008082c0c], 288230359200098770
[0x7ca4647618, 0xffffff8008082c0c], 288230359199289049
[0x7ca14db7c0, 0xffffff8008082c0c], 288230359200098770
[0x7ca4647618, 0xffffff8008082c0c], 288230359199289049
[0x7ca14db7c0, 0xffffff8008082c0c], 288230359200098770
[0x7ca4647618, 0xffffff8008082c0c], 288230359199289049
[0x7ca14db7c0, 0xffffff8008082c0c], 288230359200098770
[0x7ca4647618, 0xffffff8008082c0c], 288230359199289049
[0x7ca14db7c0, 0xffffff8008082c0c], 288230359200098770
[0x7ca4647618, 0xffffff8008082c0c], 288230359199289049
[0x7ca14db7c0, 0xffffff8008082c0c], 288230359200098770
[0x7ca4647618, 0xffffff8008082c0c], 288230359199289049
[0x7ca14db7c0, 0xffffff8008082c0c], 288230359200098770
[0x7ca4647618, 0xffffff8008082c0c], 288230359199289049
[0x7ca14db7c0, 0xffffff8008082c0c], 288230359200098770
[0x7ca4647618, 0xffffff8008082c0c], 288230359199289049
[0x7ca14db7c0, 0xffffff8008082c0c], 288230359200098770
[0x7ca4647618, 0xffffff8008082c0c], 288230359199289049
[0x7ca14db7c0, 0xffffff8008082c0c], 288230359200098770
[0x7ca4647618, 0xffffff8008082c0c], 288230359199289049
[0x7ca14db7c0, 0xffffff8008082c0c], 288230359200098770
[0x7ca4647618, 0xffffff8008082c0c], 288230359199289049
[0x7ca14db7c0, 0xffffff8008082c0c], 288230359200098770
[0x7ca4647618, 0xffffff8008082c0c], 288230359199289049
[0x7ca14db7c0, 0xffffff8008082c0c], 288230359200098770
[0x7ca4647618, 0xffffff8008082c0c], 288230359199289049
[0x7ca14db7c0, 0xffffff8008082c0c], 288230359200098770
[0x7ca4647618, 0xffffff8008082c0c], 288230359199289049
[0x7ca14db7c0, 0xffffff8008082c0c], 288230359200098770
[0x7ca4647618, 0xffffff8008082c0c], 288230359199289049
[0x7ca14db7c0, 0xffffff8008082c0c], 288230359200098770
[0x7ca4647618, 0xffffff8008082c0c], 288230359199289049
[0x7ca14db7c0, 0xffffff8008082c0c], 288230359200098770
[0x7ca4647618, 0xffffff8008082c0c], 288230359199289049
[0x7ca14db7c0, 0xffffff8008082c0c], 288230359200098770
[0x7ca4647618, 0xffffff8008082c0c], 288230359199289049
[0x7ca14db7c0, 0xffffff8008082c0c], 288230359200098770
[0x7ca4647618, 0xffffff8008082c0c], 288230359199289049
[0x7ca14db7c0, 0xffffff8008082c0c], 288230359200098770
[0x7ca4647618, 0xffffff8008082c0c], 288230359199289049
[0x7ca14db7c0, 0xffffff8008082c0c], 288230359200098770
[0x7ca4647618, 0xffffff8008082c0c], 288230359199289049
[0x7ca14db7c0, 0xffffff8008082c0c], 288230359200098770
[0x7ca4647618, 0xffffff8008082c0c], 288230359199289049
[0x7ca14db7c0, 0xffffff8008082c0c], 288230359200098770
[0x7ca4647618, 0xffffff8008082c0c], 288230359199289049
[0x7ca14db7c0, 0xffffff8008082c0c], 288230359200098770
[0x7ca4647618, 0xffffff8008082c0c], 288230359199289049
[0x7ca14db7c0, 0xffffff8008082c0c], 288230359200098770
[0x7ca4647618, 0xffffff8008082c0c], 288230359199289049
[0x7ca14db7c0, 0xffffff8008082c0c], 288230359200098770
[0x7ca4647618, 0xffffff8008082c0c], 288230359199289049
[0x7ca14db7c0, 0xffffff8008082c0c], 288230359200098770
[0x7ca4647618, 0xffffff8008082c0c], 288230359199289049
[0x7ca14db7c0, 0xffffff8008082c0c], 288230359200098770
[0x7ca4647618, 0xffffff8008082c0c], 288230359199289049
[0x7ca14db7c0, 0xffffff8008082c0c], 288230359200098770
[0x7ca4647618, 0xffffff8008082c0c], 288230359199289049
[0x7ca14db7c0, 0xffffff8008082c0c], 288230359200098770
[0x7ca4647618, 0xffffff8008082c0c], 288230359199289049
[0x7ca14db7c0, 0xffffff8008082c0c], 288230359200098770
[0x7ca4647618, 0xffffff8008082c0c], 288230359199289049
[0x7ca14db7c0, 0xffffff8008082c0c], 288230359200098770
[0x7ca4647618, 0xffffff8008082c0c], 288230359199289049
[0x7ca14db7c0, 0xffffff8008082c0c], 288230359200098770
[0x7ca4647618, 0xffffff8008082c0c], 288230359199289049
[0x7ca14db7c0, 0xffffff8008082c0c], 288230359200098770
[0x7ca4647618, 0xffffff8008082c0c], 288230359199289049
[0x7ca14db7c0, 0xffffff8008082c0c], 288230359200098770
[0x7ca4647618, 0xffffff8008082c0c], 288230359199289049
[0x7ca14db7c0, 0xffffff8008082c0c], 288230359200098770
[0x7ca4647618, 0xffffff8008082c0c], 288230359199289049
[0x7ca14db7c0, 0xffffff8008082c0c], 288230359200098770
[0x7ca4647618, 0xffffff8008082c0c], 288230359199289049
[0x7ca14db7c0, 0xffffff8008082c0c], 288230359200098770
[0x7ca4647618, 0xffffff8008082c0c], 288230359199289049
[0x7ca14db7c0, 0xffffff8008082c0c], 288230359200098770
[0x7ca4647618, 0xffffff8008082c0c], 288230359199289049
[0x7ca14db7c0, 0xffffff8008082c0c], 288230359200098770
[0x7ca4647618, 0xffffff8008082c0c], 288230359199289049
[0x7ca14db7c0, 0xffffff8008082c0c], 288230359200098770
[0x7ca4647618, 0xffffff8008082c0c], 288230359199289049
[0x7ca14db7c0, 0xffffff8008082c0c], 288230359200098770
[0x7ca4647618, 0xffffff8008082c0c], 288230359199289049
[0x7ca14db7c0, 0xffffff8008082c0c], 288230359200098770
[0x7ca4647618, 0xffffff8008082c0c], 288230359199289049
[0x7ca14db7c0, 0xffffff8008082c0c], 288230359200098770
[0x7ca4647618, 0xffffff8008082c0c], 288230359199289049
[0x7ca14db7c0, 0xffffff8008082c0c], 288230359200098770
[0x7ca4647618, 0xffffff8008082c0c], 288230359199289049
[0x7ca14db7c0, 0xffffff8008082c0c], 288230359200098770
[0x7ca4647618, 0xffffff8008082c0c], 288230359199289049
[0x7ca14db7c0, 0xffffff8008082c0c], 288230359200098770
[0x7ca4647618, 0xffffff8008082c0c], 288230359199289049
[0x7ca14db7c0, 0xffffff8008082c0c], 288230359200098770
[0x7ca4647618, 0xffffff8008082c0c], 288230359199289049
[0x7ca14db7c0, 0xffffff8008082c0c], 288230359200098770
[0x7ca4647618, 0xffffff8008082c0c], 288230359199289049
[0x7ca14db7c0, 0xffffff8008082c0c], 288230359200098770
[0x7ca4647618, 0xffffff8008082c0c], 288230359199289049
[0x7ca14db7c0, 0xffffff8008082c0c], 288230359200098770
[0x7ca4647618, 0xffffff8008082c0c], 288230359199289049
[0x7ca14db7c0, 0xffffff8008082c0c], 288230359200098770
[0x7ca4647618, 0xffffff8008082c0c], 288230359199289049
[0x7ca14db7c0, 0xffffff8008082c0c], 288230359200098770
[0x7ca4647618, 0xffffff8008082c0c], 288230359199289049
[0x7ca14db7c0, 0xffffff8008082c0c], 288230359200098770
[0x7ca4647618, 0xffffff8008082c0c], 288230359199289049
[0x7ca14db7c0, 0xffffff8008082c0c], 288230359200098770
[0x7ca4647618, 0xffffff8008082c0c], 288230359199289049
[0x7ca14db7c0, 0xffffff8008082c0c], 288230359200098770
[0x7ca4647618, 0xffffff8008082c0c], 288230359199289049
[0x7ca14db7c0, 0xffffff8008082c0c], 288230359200098770
[0x7ca4647618, 0xffffff8008082c0c], 288230359199289049
[0x7ca14db7c0, 0xffffff8008082c0c], 288230359200098770
[0x7ca4647618, 0xffffff8008082c0c], 288230359199289049
[0x7ca14db7c0, 0xffffff8008082c0c], 288230359200098770
[0x7ca4647618, 0xffffff8008082c0c], 288230359199289049
[0x7ca14db7c0, 0xffffff8008082c0c], 288230359200098770
[0x7ca4647618, 0xffffff8008082c0c], 288230359199289049
[0x7ca14db7c0, 0xffffff8008082c0c], 288230359200098770
[0x7ca4647618, 0xffffff8008082c0c], 288230359199289049
[0x7ca14db7c0, 0xffffff8008082c0c], 288230359200098770
[0x7ca4647618, 0xffffff8008082c0c], 288230359199289049
[0x7ca14db7c0, 0xffffff8008082c0c], 288230359200098770
[0x7ca4647618, 0xffffff8008082c0c], 288230359199289049
[0x7ca14db7c0, 0xffffff8008082c0c], 288230359200098770
[0x7ca4647618, 0xffffff8008082c0c], 288230359199289049
[0x7ca14db7c0, 0xffffff8008082c0c], 288230359200098770
[0x7ca4647618, 0xffffff8008082c0c], 288230359199289049
[0x7ca14db7c0, 0xffffff8008082c0c], 288230359200098770
[0x7ca4647618, 0xffffff8008082c0c], 288230359199289049
[0x7ca14db7c0, 0xffffff8008082c0c], 288230359200098770
[0x7ca4647618, 0xffffff8008082c0c], 288230359199289049
[0x7ca14db7c0, 0xffffff8008082c0c], 288230359200098770
[0x7ca4647618, 0xffffff8008082c0c], 288230359199289049
[0x7ca14db7c0, 0xffffff8008082c0c], 288230359200098770
[0x7ca4647618, 0xffffff8008082c0c], 288230359199289049
[0x7ca14db7c0, 0xffffff8008082c0c], 288230359200098770
[0x7ca4647618, 0xffffff8008082c0c], 288230359199289049
[0x7ca14db7c0, 0xffffff8008082c0c], 288230359200098770
[0x7ca4647618, 0xffffff8008082c0c], 288230359199289049
[0x7ca14db7c0, 0xffffff8008082c0c], 288230359200098770
[0x7ca4647618, 0xffffff8008082c0c], 288230359199289049
[0x7ca14db7c0, 0xffffff8008082c0c], 288230359200098770
[0x7ca4647618, 0xffffff8008082c0c], 288230359199289049
[0x7ca14db7c0, 0xffffff8008082c0c], 288230359200098770
[0x7ca4647618, 0xffffff8008082c0c], 288230359199289049
[0x7ca14db7c0, 0xffffff8008082c0c], 288230359200098770
[0x7ca4647618, 0xffffff8008082c0c], 288230359199289049
[0x7ca14db7c0, 0xffffff8008082c0c], 288230359200098770
[0x7ca4647618, 0xffffff8008082c0c], 288230359199289049
[0x7ca14db7c0, 0xffffff8008082c0c], 288230359200098770
[0x7ca4647618, 0xffffff8008082c0c], 288230359199289049
[0x7ca14db7c0, 0xffffff8008082c0c], 288230359200098770
[0x7ca4647618, 0xffffff8008082c0c], 288230359199289049
[0x7ca14db7c0, 0xffffff8008082c0c], 288230359200098770
[0x7ca4647618, 0xffffff8008082c0c], 288230359199289049
[0x7ca14db7c0, 0xffffff8008082c0c], 288230359200098770
[0x7ca4647618, 0xffffff8008082c0c], 288230359199289049
[0x7ca14db7c0, 0xffffff8008082c0c], 288230359200098770
[0x7ca4647618, 0xffffff8008082c0c], 288230359199289049
[0x7ca14db7c0, 0xffffff8008082c0c], 288230359200098770
[0x7ca4647618, 0xffffff8008082c0c], 288230359199289049
[0x7ca14db7c0, 0xffffff8008082c0c], 288230359200098770
[0x7ca4647618, 0xffffff8008082c0c], 288230359199289049
[0x7ca14db7c0, 0xffffff8008082c0c], 288230359200098770
[0x7ca4647618, 0xffffff8008082c0c], 288230359199289049
[0x7ca14db7c0, 0xffffff8008082c0c], 288230359200098770
[0x7ca4647618, 0xffffff8008082c0c], 288230359199289049
[0x7ca14db7c0, 0xffffff8008082c0c], 288230359200098770
[0x7ca4647618, 0xffffff8008082c0c], 288230359199289049
[0x7ca14db7c0, 0xffffff8008082c0c], 288230359200098770
[0x7ca4647618, 0xffffff8008082c0c], 288230359199289049
[0x7ca14db7c0, 0xffffff8008082c0c], 288230359200098770
[0x7ca4647618, 0xffffff8008082c0c], 288230359199289049
[0x7ca14db7c0, 0xffffff8008082c0c], 288230359200098770
[0x7ca4647618, 0xffffff8008082c0c], 288230359199289049
[0x7ca14db7c0, 0xffffff8008082c0c], 288230359200098770
[0x7ca4647618, 0xffffff8008082c0c], 288230359199289049
[0x7ca14db7c0, 0xffffff8008082c0c], 288230359200098770
[0x7ca4647618, 0xffffff8008082c0c], 288230359199289049
[0x7ca14db7c0, 0xffffff8008082c0c], 288230359200098770
[0x7ca4647618, 0xffffff8008082c0c], 288230359199289049
[0x7ca14db7c0, 0xffffff8008082c0c], 288230359200098770
[0x7ca4647618, 0xffffff8008082c0c], 288230359199289049
[0x7ca14db7c0, 0xffffff8008082c0c], 288230359200098770
[0x7ca4647618, 0xffffff8008082c0c], 288230359199289049
[0x7ca14db7c0, 0xffffff8008082c0c], 288230359200098770
[0x7ca4647618, 0xffffff8008082c0c], 288230359199289049
[0x7ca14db7c0, 0xffffff8008082c0c], 288230359200098770
[0x7ca4647618, 0xffffff8008082c0c], 288230359199289049
[0x7ca14db7c0, 0xffffff8008082c0c], 288230359200098770
[0x7ca4647618, 0xffffff8008082c0c], 288230359199289049
[0x7ca14db7c0, 0xffffff8008082c0c], 288230359200098770
[0x7ca4647618, 0xffffff8008082c0c], 288230359199289049
[0x7ca14db7c0, 0xffffff8008082c0c], 288230359200098770
[0x7ca4647618, 0xffffff8008082c0c], 288230359199289049
[0x7ca14db7c0, 0xffffff8008082c0c], 288230359200098770
[0x7ca4647618, 0xffffff8008082c0c], 288230359199289049
[0x7ca14db7c0, 0xffffff8008082c0c], 288230359200098770
[0x7ca4647618, 0xffffff8008082c0c], 288230359199289049
[0x7ca14db7c0, 0xffffff8008082c0c], 288230359200098770
[0x7ca4647618, 0xffffff8008082c0c], 288230359199289049
[0x7ca14db7c0, 0xffffff8008082c0c], 288230359200098770
[0x7ca4647618, 0xffffff8008082c0c], 288230359199289049
[0x7ca14db7c0, 0xffffff8008082c0c], 288230359200098770
[0x7ca4647618, 0xffffff8008082c0c], 288230359199289049
[0x7ca14db7c0, 0xffffff8008082c0c], 288230359200098770
[0x7ca4647618, 0xffffff8008082c0c], 288230359199289049
[0x7ca14db7c0, 0xffffff8008082c0c], 288230359200098770
[0x7ca4647618, 0xffffff8008082c0c], 288230359199289049
[0x7ca14db7c0, 0xffffff8008082c0c], 288230359200098770
[0x7ca4647618, 0xffffff8008082c0c], 288230359199289049
[0x7ca14db7c0, 0xffffff8008082c0c], 288230359200098770
[0x7ca4647618, 0xffffff8008082c0c], 288230359199289049
[0x7ca14db7c0, 0xffffff8008082c0c], 288230359200098770
[0x7ca4647618, 0xffffff8008082c0c], 288230359199289049
[0x7ca14db7c0, 0xffffff8008082c0c], 288230359200098770
[0x7ca4647618, 0xffffff8008082c0c], 288230359199289049
[0x7ca14db7c0, 0xffffff8008082c0c], 288230359200098770
[0x7ca4647618, 0xffffff8008082c0c], 288230359199289049
[0x7ca14db7c0, 0xffffff8008082c0c], 288230359200098770
[0x7ca4647618, 0xffffff8008082c0c], 288230359199289049
[0x7ca14db7c0, 0xffffff8008082c0c], 288230359200098770
[0x7ca4647618, 0xffffff8008082c0c], 288230359199289049
[0x7ca14db7c0, 0xffffff8008082c0c], 288230359200098770
[0x7ca4647618, 0xffffff8008082c0c], 288230359199289049
[0x7ca14db7c0, 0xffffff8008082c0c], 288230359200098770
[0x7ca4647618, 0xffffff8008082c0c], 288230359199289049
[0x7ca14db7c0, 0xffffff8008082c0c], 288230359200098770
[0x7ca4647618, 0xffffff8008082c0c], 288230359199289049
[0x7ca14db7c0, 0xffffff8008082c0c], 288230359200098770
[0x7ca4647618, 0xffffff8008082c0c], 288230359199289049
[0x7ca14db7c0, 0xffffff8008082c0c], 288230359200098770
[0x7ca4647618, 0xffffff8008082c0c], 288230359199289049
[0x7ca14db7c0, 0xffffff8008082c0c], 288230359200098770
[0x7ca4647618, 0xffffff8008082c0c], 288230359199289049
[0x7ca14db7c0, 0xffffff8008082c0c], 288230359200098770
[0x7ca4647618, 0xffffff8008082c0c], 288230359199289049
[0x7ca14db7c0, 0xffffff8008082c0c], 288230359200098770
[0x7ca4647618, 0xffffff8008082c0c], 288230359199289049
[0x7ca14db7c0, 0xffffff8008082c0c], 288230359200098770
[0x7ca4647618, 0xffffff8008082c0c], 288230359199289049
[0x7ca14db7c0, 0xffffff8008082c0c], 288230359200098770
[0x7ca4647618, 0xffffff8008082c0c], 288230359199289049
[0x7ca14db7c0, 0xffffff8008082c0c], 288230359200098770
[0x7ca4647618, 0xffffff8008082c0c], 288230359199289049
[0x7ca14db7c0, 0xffffff8008082c0c], 288230359200098770
[0x7ca4647618, 0xffffff8008082c0c], 288230359199289049
[0x7ca14db7c0, 0xffffff8008082c0c], 288230359200098770
[0x7ca4647618, 0xffffff8008082c0c], 288230359199289049
[0x7ca14db7c0, 0xffffff8008082c0c], 288230359200098770
[0x7ca4647618, 0xffffff8008082c0c], 288230359199289049
[0x7ca14db7c0, 0xffffff8008082c0c], 288230359200098770
[0x7ca4647618, 0xffffff8008082c0c], 288230359199289049
[0x7ca14db7c0, 0xffffff8008082c0c], 288230359200098770
[0x7ca4647618, 0xffffff8008082c0c], 288230359199289049
[0x7ca14db7c0, 0xffffff8008082c0c], 288230359200098770
[0x7ca4647618, 0xffffff8008082c0c], 288230359199289049
[0x7ca14db7c0, 0xffffff8008082c0c], 288230359200098770
[0x7ca4647618, 0xffffff8008082c0c], 288230359199289049
[0x7ca14db7c0, 0xffffff8008082c0c], 288230359200098770
[0x7ca4647618, 0xffffff8008082c0c], 288230359199289049
[0x7ca14db7c0, 0xffffff8008082c0c], 288230359200098770
[0x7ca4647618, 0xffffff8008082c0c], 288230359199289049
[0x7ca14db7c0, 0xffffff8008082c0c], 288230359200098770
[0x7ca4647618, 0xffffff8008082c0c], 288230359199289049
[0x7ca14db7c0, 0xffffff8008082c0c], 288230359200098770
[0x7ca4647618, 0xffffff8008082c0c], 288230359199289049
[0x7ca14db7c0, 0xffffff8008082c0c], 288230359200098770
[0x7ca4647618, 0xffffff8008082c0c], 288230359199289049
[0x7ca14db7c0, 0xffffff8008082c0c], 288230359200098770
[0x7ca4647618, 0xffffff8008082c0c], 288230359199289049
[0x7ca14db7c0, 0xffffff8008082c0c], 288230359200098770
[0x7ca4647618, 0xffffff8008082c0c], 288230359199289049
[0x7ca14db7c0, 0xffffff8008082c0c], 288230359200098770
[0x7ca4647618, 0xffffff8008082c0c], 288230359199289049
[0x7ca14db7c0, 0xffffff8008082c0c], 288230359200098770
[0x7ca4647618, 0xffffff8008082c0c], 288230359199289049
[0x7ca14db7c0, 0xffffff8008082c0c], 288230359200098770
[0x7ca4647618, 0xffffff8008082c0c], 288230359199289049
[0x7ca14db7c0, 0xffffff8008082c0c], 288230359200098770
[0x7ca4647618, 0xffffff8008082c0c], 288230359199289049
[0x7ca14db7c0, 0xffffff8008082c0c], 288230359200098770
[0x7ca4647618, 0xffffff8008082c0c], 288230359199289049
[0x7ca14db7c0, 0xffffff8008082c0c], 288230359200098770
[0x7ca4647618, 0xffffff8008082c0c], 288230359199289049
[0x7ca14db7c0, 0xffffff8008082c0c], 288230359200098770
[0x7ca4647618, 0xffffff8008082c0c], 288230359199289049
[0x7ca14db7c0, 0xffffff8008082c0c], 288230359200098770
[0x7ca4647618, 0xffffff8008082c0c], 288230359199289049
[0x7ca14db7c0, 0xffffff8008082c0c], 288230359200098770
[0x7ca4647618, 0xffffff8008082c0c], 288230359199289049
[0x7ca14db7c0, 0xffffff8008082c0c], 288230359200098770
[0x7ca4647618, 0xffffff8008082c0c], 288230359199289049
[0x7ca14db7c0, 0xffffff8008082c0c], 288230359200098770
[0x7ca4647618, 0xffffff8008082c0c], 288230359199289049
[0x7ca14db7c0, 0xffffff8008082c0c], 288230359200098770
[0x7ca4647618, 0xffffff8008082c0c], 288230359199289049
[0x7ca14db7c0, 0xffffff8008082c0c], 288230359200098770
[0x7ca4647618, 0xffffff8008082c0c], 288230359199289049
[0x7ca14db7c0, 0xffffff8008082c0c], 288230359200098770
[0x7ca4647618, 0xffffff8008082c0c], 288230359199289049
[0x7ca14db7c0, 0xffffff8008082c0c], 288230359200098770
[0x7ca4647618, 0xffffff8008082c0c], 288230359199289049
[0x7ca14db7c0, 0xffffff8008082c0c], 288230359200098770
[0x7ca4647618, 0xffffff8008082c0c], 288230359199289049
[0x7ca14db7c0, 0xffffff8008082c0c], 288230359200098770
[0x7ca4647618, 0xffffff8008082c0c], 288230359199289049
[0x7ca14db7c0, 0xffffff8008082c0c], 288230359200098770
[0x7ca4647618, 0xffffff8008082c0c], 288230359199289049
[0x7ca14db7c0, 0xffffff8008082c0c], 288230359200098770
[0x7ca4647618, 0xffffff8008082c0c], 288230359199289049
[0x7ca14db7c0, 0xffffff8008082c0c], 288230359200098770
[0x7ca4647618, 0xffffff8008082c0c], 288230359199289049
[0x7ca14db7c0, 0xffffff8008082c0c], 288230359200098770
[0x7ca4647618, 0xffffff8008082c0c], 288230359199289049
[0x7ca14db7c0, 0xffffff8008082c0c], 288230359200098770
[0x7ca4647618, 0xffffff8008082c0c], 288230359199289049
[0x7ca14db7c0, 0xffffff8008082c0c], 288230359200098770
[0x7ca4647618, 0xffffff8008082c0c], 288230359199289049
[0x7ca14db7c0, 0xffffff8008082c0c], 288230359200098770
[0x7ca4647618, 0xffffff8008082c0c], 288230359199289049
[0x7ca14db7c0, 0xffffff8008082c0c], 288230359200098770
[0x7ca4647618, 0xffffff8008082c0c], 288230359199289049
[0x7ca14db7c0, 0xffffff8008082c0c], 288230359200098770
[0x7ca4647618, 0xffffff8008082c0c], 288230359199289049
[0x7ca14db7c0, 0xffffff8008082c0c], 288230359200098770
[0x7ca4647618, 0xffffff8008082c0c], 288230359199289049
[0x7ca14db7c0, 0xffffff8008082c0c], 288230359200098770
[0x7ca4647618, 0xffffff8008082c0c], 288230359199289049
[0x7ca14db7c0, 0xffffff8008082c0c], 288230359200098770
[0x7ca4647618, 0xffffff8008082c0c], 288230359199289049
[0x7ca14db7c0, 0xffffff8008082c0c], 288230359200098770
[0x7ca4647618, 0xffffff8008082c0c], 288230359199289049
[0x7ca14db7c0, 0xffffff8008082c0c], 288230359200098770
[0x7ca4647618, 0xffffff8008082c0c], 288230359199289049
[0x7ca14db7c0, 0xffffff8008082c0c], 288230359200098770
[0x7ca4647618, 0xffffff8008082c0c], 288230359199289049
[0x7ca14db7c0, 0xffffff8008082c0c], 288230359200098770
[0x7ca4647618, 0xffffff8008082c0c], 288230359199289049
[0x7ca14db7c0, 0xffffff8008082c0c], 288230359200098770
[0x7ca4647618, 0xffffff8008082c0c], 288230359199289049
[0x7ca14db7c0, 0xffffff8008082c0c], 288230359200098770
[0x7ca4647618, 0xffffff8008082c0c], 288230359199289049
[0x7ca14db7c0, 0xffffff8008082c0c], 288230359200098770
[0x7ca4647618, 0xffffff8008082c0c], 288230359199289049
[0x7ca14db7c0, 0xffffff8008082c0c], 288230359200098770
[0x7ca4647618, 0xffffff8008082c0c], 288230359199289049
[0x7ca14db7c0, 0xffffff8008082c0c], 288230359200098770
[0x7ca4647618, 0xffffff8008082c0c], 288230359199289049
[0x7ca14db7c0, 0xffffff8008082c0c], 288230359200098770
[0x7ca4647618, 0xffffff8008082c0c], 288230359199289049
[0x7ca14db7c0, 0xffffff8008082c0c], 288230359200098770
[0x7ca4647618, 0xffffff8008082c0c], 288230359199289049
[0x7ca14db7c0, 0xffffff8008082c0c], 288230359200098770
[0x7ca4647618, 0xffffff8008082c0c], 288230359199289049
[0x7ca14db7c0, 0xffffff8008082c0c], 288230359200098770
[0x7ca4647618, 0xffffff8008082c0c], 288230359199289049
[0x7ca14db7c0, 0xffffff8008082c0c], 288230359200098770
[0x7ca4647618, 0xffffff8008082c0c], 288230359199289049
[0x7ca14db7c0, 0xffffff8008082c0c], 288230359200098770
[0x7ca4647618, 0xffffff8008082c0c], 288230359199289049
[0x7ca14db7c0, 0xffffff8008082c0c], 288230359200098770
[0x7ca4647618, 0xffffff8008082c0c], 288230359199289049
[0x7ca14db7c0, 0xffffff8008082c0c], 288230359200098770
[0x7ca4647618, 0xffffff8008082c0c], 288230359199289049
[0x7ca14db7c0, 0xffffff8008082c0c], 288230359200098770
[0x7ca4647618, 0xffffff8008082c0c], 288230359199289049
[0x7ca14db7c0, 0xffffff8008082c0c], 288230359200098770
[0x7ca4647618, 0xffffff8008082c0c], 288230359199289049
[0x7ca14db7c0, 0xffffff8008082c0c], 288230359200098770
[0x7ca4647618, 0xffffff8008082c0c], 288230359199289049
[0x7ca14db7c0, 0xffffff8008082c0c], 288230359200098770
[0x7ca4647618, 0xffffff8008082c0c], 288230359199289049
[0x7ca14db7c0, 0xffffff8008082c0c], 288230359200098770
[0x7ca4647618, 0xffffff8008082c0c], 288230359199289049
[0x7ca14db7c0, 0xffffff8008082c0c], 288230359200098770
[0x7ca4647618, 0xffffff8008082c0c], 288230359199289049
[0x7ca14db7c0, 0xffffff8008082c0c], 288230359200098770
[0x7ca4647618, 0xffffff8008082c0c], 288230359199289049
[0x7ca14db7c0, 0xffffff8008082c0c], 288230359200098770
[0x7ca4647618, 0xffffff8008082c0c], 288230359199289049
[0x7ca14db7c0, 0xffffff8008082c0c], 288230359200098770
[0x7ca4647618, 0xffffff8008082c0c], 288230359199289049
[0x7ca14db7c0, 0xffffff8008082c0c], 288230359200098770
[0x7ca4647618, 0xffffff8008082c0c], 288230359199289049
[0x7ca14db7c0, 0xffffff8008082c0c], 288230359200098770
[0x7ca4647618, 0xffffff8008082c0c], 288230359199289049
[0x7ca14db7c0, 0xffffff8008082c0c], 288230359200098770
[0x7ca4647618, 0xffffff8008082c0c], 288230359199289049
[0x7ca14db7c0, 0xffffff8008082c0c], 288230359200098770
[0x7ca4647618, 0xffffff8008082c0c], 288230359199289049
[0x7ca14db7c0, 0xffffff8008082c0c], 288230359200098770
[0x7ca4647618, 0xffffff8008082c0c], 288230359199289049
[0x7ca14db7c0, 0xffffff8008082c0c], 288230359200098770
[0x7ca4647618, 0xffffff8008082c0c], 288230359199289049
[0x7ca14db7c0, 0xffffff8008082c0c], 288230359200098770
[0x7ca4647618, 0xffffff8008082c0c], 288230359199289049
[0x7ca14db7c0, 0xffffff8008082c0c], 288230359200098770
[0x7ca148d220, 0xffffff8008082c0c], 288230359200103785
[0x7ca148d220, 0xffffff8008082c0c], 288230359200103785
[0x7ca148d220, 0xffffff8008082c0c], 288230359200103785
[0x7ca148d220, 0xffffff8008082c0c], 288230359200103785
[0x7ca148d220, 0xffffff8008082c0c], 288230359200103785
[0x7ca148d220, 0xffffff8008082c0c], 288230359200103785
[0x7ca14db620, 0xffffff8008082c0c], 288230359200098777
[0x7ca14da800, 0xffffff8008082c0c], 288230359200098833
[0x7ca14db080, 0xffffff8008082c0c], 288230359200098799
[0x7ca14da6c0, 0xffffff8008082c0c], 288230359200098838
[0x7ca4647618, 0xffffff8008082c0c], 288230359199289049
[0x7ca14da6c0, 0xffffff8008082c0c], 288230359200098838
[0x7519a48220, 0xffffff8008082c0c], 288230359705423529
[0x751b6bc618, 0xffffff8008082c0c], 288230359704957337
[0x7519a95800, 0xffffff8008082c0c], 288230359705418577
[0x7ca14da800, 0xffffff8008082c0c], 288230359200098833
[0x7519a48220, 0xffffff8008082c0c], 288230359705423529
[0x7519a48220, 0xffffff8008082c0c], 288230359705423529
[0x717c593340, 0xffffff8008082c0c], 288230359947983844
[0x717c593380, 0xffffff8008082c0c], 288230359947983843
[0x717c593b00, 0xffffff8008082c0c], 288230359947983813
[0x717c593480, 0xffffff8008082c0c], 288230359947983839
[0x717c593340, 0xffffff8008082c0c], 288230359947983844
[0x717c593380, 0xffffff8008082c0c], 288230359947983843
[0x717c544440, 0xffffff8008082c0c], 288230359947988896
[0x717c593980, 0xffffff8008082c0c], 288230359947983819
[0x717c8672e8, 0xffffff8008082c0c], 288230359947937510
[0x717c87a790, 0xffffff8008082c0c], 288230359947936275
[0x717c1f3380, 0xffffff8008082c0c], 288230359948043235
[0x717c867330, 0xffffff8008082c0c], 288230359947937509
[0x717c544440, 0xffffff8008082c0c], 288230359947988896
[0x717c593340, 0xffffff8008082c0c], 288230359947983844
[0x717c593480, 0xffffff8008082c0c], 288230359947983839
[0x717c593400, 0xffffff8008082c0c], 288230359947983841
[0x717c593340, 0xffffff8008082c0c], 288230359947983844
[0x717c593480, 0xffffff8008082c0c], 288230359947983839
[0x717c593400, 0xffffff8008082c0c], 288230359947983841
[0x717c593400, 0xffffff8008082c0c], 288230359947983841
[0x717c51a63c, 0xffffff8008082c0c], 288230359947991577
[0x717c5186ac, 0xffffff8008082c0c], 288230359947991703
[0x717c544440, 0xffffff8008082c0c], 288230359947988896
[0x717c544440, 0xffffff8008082c0c], 288230359947988896
[0x717c5359e4, 0xffffff8008082c0c], 288230359947989834
[0x717c51b0ec, 0xffffff8008082c0c], 288230359947991534
[0x717c593340, 0xffffff8008082c0c], 288230359947983844
[0x717c593480, 0xffffff8008082c0c], 288230359947983839
[0x717c531d7c, 0xffffff8008082c0c], 288230359947990076
[0x717c531da0, 0xffffff8008082c0c], 288230359947990075
[0x717c49a0a8, 0xffffff8008082c0c], 288230359947999791
[0x717c8692f4, 0xffffff8008082c0c], 288230359947937382
[0x717c44d508, 0xffffff8008082c0c], 288230359948004701
[0x717c858d88, 0xffffff8008082c0c], 288230359947938427
[0x717c52ba7c, 0xffffff8008082c0c], 288230359947990472
[0x717c858c5c, 0xffffff8008082c0c], 288230359947938432
[0x717c3764cc, 0xffffff8008082c0c], 288230359948018462
[0x717c3764e8, 0xffffff8008082c0c], 288230359948018462
[0x717c44d508, 0xffffff8008082c0c], 288230359948004701
[0x717c592820, 0xffffff8008082c0c], 288230359947983889
[0x717c592e00, 0xffffff8008082c0c], 288230359947983865
[0x717c593340, 0xffffff8008082c0c], 288230359947983844
[0x717c3766fc, 0xffffff8008082c0c], 288230359948018454
[0x717c592500, 0xffffff8008082c0c], 288230359947983901
[0x717c545220, 0xffffff8008082c0c], 288230359947988841
[0x717c545220, 0xffffff8008082c0c], 288230359947988841
[0x717c8693b0, 0xffffff8008082c0c], 288230359947937379
[0x717c1ed5e8, 0xffffff8008082c0c], 288230359948043610
[0x717c592820, 0xffffff8008082c0c], 288230359947983889
[0x717c592e00, 0xffffff8008082c0c], 288230359947983865
[0x717c51af84, 0xffffff8008082c0c], 288230359947991539
[0x717c51af88, 0xffffff8008082c0c], 288230359947991539
[0x717c54419c, 0xffffff8008082c0c], 288230359947988907
[0x717c5935a0, 0xffffff8008082c0c], 288230359947983835
[0x717c5935a0, 0xffffff8008082c0c], 288230359947983835
[0x717c5935a0, 0xffffff8008082c0c], 288230359947983835
[0x717c5935a0, 0xffffff8008082c0c], 288230359947983835
[0x717c49aa0c, 0xffffff8008082c0c], 288230359947999753
[0x717c5935a0, 0xffffff8008082c0c], 288230359947983835
[0x717c5935a0, 0xffffff8008082c0c], 288230359947983835
[0x717c5935a0, 0xffffff8008082c0c], 288230359947983835
[0x717c5935a0, 0xffffff8008082c0c], 288230359947983835
[0x717c49aa0c, 0xffffff8008082c0c], 288230359947999753
[0x717c5935a0, 0xffffff8008082c0c], 288230359947983835
[0x717c5935a0, 0xffffff8008082c0c], 288230359947983835
[0x717c592500, 0xffffff8008082c0c], 288230359947983901
[0x717c544220, 0xffffff8008082c0c], 288230359947988905
[0x717c544220, 0xffffff8008082c0c], 288230359947988905
[0x717c86b470, 0xffffff8008082c0c], 288230359947937248
[0x717c544168, 0xffffff8008082c0c], 288230359947988908
[0x717c871394, 0xffffff8008082c0c], 288230359947936867
[0x717c871910, 0xffffff8008082c0c], 288230359947936845
[0x717c87139c, 0xffffff8008082c0c], 288230359947936867
[0x717c52ba7c, 0xffffff8008082c0c], 288230359947990472
[0x717c871394, 0xffffff8008082c0c], 288230359947936867
[0x717c871910, 0xffffff8008082c0c], 288230359947936845
[0x717c87139c, 0xffffff8008082c0c], 288230359947936867
[0x717c871554, 0xffffff8008082c0c], 288230359947936860
[0x717c87139c, 0xffffff8008082c0c], 288230359947936867
[0x717c871910, 0xffffff8008082c0c], 288230359947936845
[0x717c49a0a8, 0xffffff8008082c0c], 288230359947999791
[0x717c593280, 0xffffff8008082c0c], 288230359947983847
[0x717c592520, 0xffffff8008082c0c], 288230359947983901
[0x717c545220, 0xffffff8008082c0c], 288230359947988841
[0x717c592520, 0xffffff8008082c0c], 288230359947983901
[0x717c592500, 0xffffff8008082c0c], 288230359947983901
[0x717c592520, 0xffffff8008082c0c], 288230359947983901
[0x717c545220, 0xffffff8008082c0c], 288230359947988841
[0x717c592820, 0xffffff8008082c0c], 288230359947983889
[0x717c593e00, 0xffffff8008082c0c], 288230359947983801
[0x717c592500, 0xffffff8008082c0c], 288230359947983901
[0x717c593480, 0xffffff8008082c0c], 288230359947983839
[0x717c593480, 0xffffff8008082c0c], 288230359947983839
[0x717c17d4fc, 0xffffff8008082c0c], 288230359948050782
[0x717c593080, 0xffffff8008082c0c], 288230359947983855
[0x717c163654, 0xffffff8008082c0c], 288230359948052440
[0x717c592800, 0xffffff8008082c0c], 288230359947983889
[0x717c313a20, 0xffffff8008082c0c], 288230359948024777
[0x717c593340, 0xffffff8008082c0c], 288230359947983844
[0x717c593380, 0xffffff8008082c0c], 288230359947983843
[0x717c592900, 0xffffff8008082c0c], 288230359947983885
[0x717c592900, 0xffffff8008082c0c], 288230359947983885
[0x717c5a6c84, 0xffffff8008082c0c], 288230359947982591
[0x717c5a6c90, 0xffffff8008082c0c], 288230359947982591
[0x717c544e60, 0xffffff8008082c0c], 288230359947988856
[0x717c545220, 0xffffff8008082c0c], 288230359947988841
[0x717c592800, 0xffffff8008082c0c], 288230359947983889
[0x717c593340, 0xffffff8008082c0c], 288230359947983844
[0x717c593380, 0xffffff8008082c0c], 288230359947983843
[0x717c593b00, 0xffffff8008082c0c], 288230359947983813
[0x717c593480, 0xffffff8008082c0c], 288230359947983839
[0x717c593340, 0xffffff8008082c0c], 288230359947983844
[0x717c593380, 0xffffff8008082c0c], 288230359947983843
[0x717c52ba7c, 0xffffff8008082c0c], 288230359947990472
[0x717c50e08c, 0xffffff8008082c0c], 288230359947992367
[0x717c544440, 0xffffff8008082c0c], 288230359947988896
[0x717c593980, 0xffffff8008082c0c], 288230359947983819
[0x717c544440, 0xffffff8008082c0c], 288230359947988896
[0x717c592820, 0xffffff8008082c0c], 288230359947983889
[0x717c593e00, 0xffffff8008082c0c], 288230359947983801
[0x717c592500, 0xffffff8008082c0c], 288230359947983901
[0x717c593480, 0xffffff8008082c0c], 288230359947983839
[0x717c593480, 0xffffff8008082c0c], 288230359947983839
[0x717c17d4fc, 0xffffff8008082c0c], 288230359948050782
[0x717c593080, 0xffffff8008082c0c], 288230359947983855
[0x717c592800, 0xffffff8008082c0c], 288230359947983889
[0x717c545220, 0xffffff8008082c0c], 288230359947988841
[0x717c592800, 0xffffff8008082c0c], 288230359947983889
[0x767c799220, 0xffffff8008082c0c], 288230359612406377
[0x767c7e6800, 0xffffff8008082c0c], 288230359612401425
[0x7519a48220, 0xffffff8008082c0c], 288230359705423529
[0x7519a48220, 0xffffff8008082c0c], 288230359705423529
[0x7519a48220, 0xffffff8008082c0c], 288230359705423529
[0x7519a48220, 0xffffff8008082c0c], 288230359705423529
[0x75193a8a20, 0xffffff8008082c0c], 288230359705532041
[0x7519087de4, 0xffffff8008082c0c], 288230359705583290
[0x7519a47440, 0xffffff8008082c0c], 288230359705423584
[0x751b6bc618, 0xffffff8008082c0c], 288230359704957337
[0x7519a48220, 0xffffff8008082c0c], 288230359705423529
[0x7519a48220, 0xffffff8008082c0c], 288230359705423529
[0x751b6bc618, 0xffffff8008082c0c], 288230359704957337
[0x7519a48220, 0xffffff8008082c0c], 288230359705423529
[0x751b6bc618, 0xffffff8008082c0c], 288230359704957337
[0x751b6bc618, 0xffffff8008082c0c], 288230359704957337
[0x7519a48220, 0xffffff8008082c0c], 288230359705423529
[0x751b6bc618, 0xffffff8008082c0c], 288230359704957337
[0x751b6bc618, 0xffffff8008082c0c], 288230359704957337
[0x7519a48220, 0xffffff8008082c0c], 288230359705423529
[0x751b6bc618, 0xffffff8008082c0c], 288230359704957337
[0x751b6bc618, 0xffffff8008082c0c], 288230359704957337
[0x7519a48220, 0xffffff8008082c0c], 288230359705423529
[0x7519a48220, 0xffffff8008082c0c], 288230359705423529
[0x7519a48220, 0xffffff8008082c0c], 288230359705423529
[0x7519a48220, 0xffffff8008082c0c], 288230359705423529
[0x751b6bc618, 0xffffff8008082c0c], 288230359704957337
[0x751b6bc618, 0xffffff8008082c0c], 288230359704957337
[0x751b6bc618, 0xffffff8008082c0c], 288230359704957337
[0x7519a48220, 0xffffff8008082c0c], 288230359705423529
[0x751b6bc618, 0xffffff8008082c0c], 288230359704957337
[0x751b6bc618, 0xffffff8008082c0c], 288230359704957337
[0x7519a48220, 0xffffff8008082c0c], 288230359705423529
[0x7519a95800, 0xffffff8008082c0c], 288230359705418577
[0x7519a48220, 0xffffff8008082c0c], 288230359705423529
[0x7519a95800, 0xffffff8008082c0c], 288230359705418577
[0x7519a48220, 0xffffff8008082c0c], 288230359705423529
[0x7519a95800, 0xffffff8008082c0c], 288230359705418577
[0x7ca14da800, 0xffffff8008082c0c], 288230359200098833
5000000 instrs 
[0x7519a48220, 0xffffff8008082c0c], 288230359705423529
[0x75193a8a20, 0xffffff8008082c0c], 288230359705532041
[0x7519086cf4, 0xffffff8008082c0c], 288230359705583358
[0x7519a47440, 0xffffff8008082c0c], 288230359705423584
[0x7519a95800, 0xffffff8008082c0c], 288230359705418577
[0x7519a48220, 0xffffff8008082c0c], 288230359705423529
[0x7519a95800, 0xffffff8008082c0c], 288230359705418577
[0x7ca14da800, 0xffffff8008082c0c], 288230359200098833
[0x7519a48220, 0xffffff8008082c0c], 288230359705423529
[0x751b6bc618, 0xffffff8008082c0c], 288230359704957337
[0x751b6bc618, 0xffffff8008082c0c], 288230359704957337
[0x7519a95800, 0xffffff8008082c0c], 288230359705418577
[0x7519a48220, 0xffffff8008082c0c], 288230359705423529
[0x7519a95800, 0xffffff8008082c0c], 288230359705418577
[0x7ca4647618, 0xffffff8008082c0c], 288230359199289049
[0x7ca14dbe00, 0xffffff8008082c0c], 288230359200098745
[0x7ca14db5a0, 0xffffff8008082c0c], 288230359200098779
[0x7ca148d220, 0xffffff8008082c0c], 288230359200103785
[0x7ca148d220, 0xffffff8008082c0c], 288230359200103785
[0x7ca148d220, 0xffffff8008082c0c], 288230359200103785
[0x7ca148d220, 0xffffff8008082c0c], 288230359200103785
[0x7ca4647618, 0xffffff8008082c0c], 288230359199289049
[0x7ca148d220, 0xffffff8008082c0c], 288230359200103785
[0x7ca148d220, 0xffffff8008082c0c], 288230359200103785
[0x7ca4647388, 0xffffff8008082c0c], 288230359199289059
[0x7ca4647618, 0xffffff8008082c0c], 288230359199289049
[0x7ca14db080, 0xffffff8008082c0c], 288230359200098799
[0x7ca14dae00, 0xffffff8008082c0c], 288230359200098809
[0x7ca14da800, 0xffffff8008082c0c], 288230359200098833
[0x7ca14dae00, 0xffffff8008082c0c], 288230359200098809
[0x7ca14da800, 0xffffff8008082c0c], 288230359200098833
[0x7ca14db080, 0xffffff8008082c0c], 288230359200098799
[0x7ca4647618, 0xffffff8008082c0c], 288230359199289049
[0x7ca148d220, 0xffffff8008082c0c], 288230359200103785
[0x7ca148d220, 0xffffff8008082c0c], 288230359200103785
[0x7ca4647618, 0xffffff8008082c0c], 288230359199289049
[0x7ca14dbe00, 0xffffff8008082c0c], 288230359200098745
[0x7ca14db5a0, 0xffffff8008082c0c], 288230359200098779
[0x7ca148d220, 0xffffff8008082c0c], 288230359200103785
[0x7ca148d220, 0xffffff8008082c0c], 288230359200103785
[0x7ca148d220, 0xffffff8008082c0c], 288230359200103785
[0x7ca148d220, 0xffffff8008082c0c], 288230359200103785
[0x7ca4647618, 0xffffff8008082c0c], 288230359199289049
[0x7ca148d220, 0xffffff8008082c0c], 288230359200103785
[0x7ca148d220, 0xffffff8008082c0c], 288230359200103785
[0x7ca148d220, 0xffffff8008082c0c], 288230359200103785
[0x7ca4647618, 0xffffff8008082c0c], 288230359199289049
[0x7ca14db080, 0xffffff8008082c0c], 288230359200098799
[0x7ca14dbe20, 0xffffff8008082c0c], 288230359200098745
[0x7c1dd75028, 0xffffff8008082c0c], 288230359234560881
[0x7ca4647618, 0xffffff8008082c0c], 288230359199289049
[0x7ca14da800, 0xffffff8008082c0c], 288230359200098833
[0x7519a48220, 0xffffff8008082c0c], 288230359705423529
[0x75193a8a20, 0xffffff8008082c0c], 288230359705532041
[0x7519087de4, 0xffffff8008082c0c], 288230359705583290
[0x7519a47440, 0xffffff8008082c0c], 288230359705423584
[0x7519a95800, 0xffffff8008082c0c], 288230359705418577
[0x7519a48220, 0xffffff8008082c0c], 288230359705423529
[0x7519a95800, 0xffffff8008082c0c], 288230359705418577
[0x7c2979f660, 0xffffff8008082c0c], 288230359231510744
[0x7c2979e840, 0xffffff8008082c0c], 288230359231510800
[0x7ca148d220, 0xffffff8008082c0c], 288230359200103785
[0x7ca148d220, 0xffffff8008082c0c], 288230359200103785
[0x7ca148d220, 0xffffff8008082c0c], 288230359200103785
[0x7ca14da800, 0xffffff8008082c0c], 288230359200098833
[0x7519a48220, 0xffffff8008082c0c], 288230359705423529
[0x751b6bc618, 0xffffff8008082c0c], 288230359704957337
[0x751b6bc618, 0xffffff8008082c0c], 288230359704957337
[0x7519a95800, 0xffffff8008082c0c], 288230359705418577
[0x7519a48220, 0xffffff8008082c0c], 288230359705423529
[0x7519a95800, 0xffffff8008082c0c], 288230359705418577
[0x7ca148d220, 0xffffff8008082c0c], 288230359200103785
[0x7ca4647618, 0xffffff8008082c0c], 288230359199289049
[0x7ca14db080, 0xffffff8008082c0c], 288230359200098799
[0x7ca14dbe20, 0xffffff8008082c0c], 288230359200098745
[0x7ca4647618, 0xffffff8008082c0c], 288230359199289049
[0x7ca4647618, 0xffffff8008082c0c], 288230359199289049
[0x7ca4647618, 0xffffff8008082c0c], 288230359199289049
[0x7ca4647618, 0xffffff8008082c0c], 288230359199289049
[0x7ca4647618, 0xffffff8008082c0c], 288230359199289049
[0x7ca148d220, 0xffffff8008082c0c], 288230359200103785
[0x7ca148d220, 0xffffff8008082c0c], 288230359200103785
[0x7ca14db080, 0xffffff8008082c0c], 288230359200098799
[0x7ca14db080, 0xffffff8008082c0c], 288230359200098799
[0x7ca4647618, 0xffffff8008082c0c], 288230359199289049
[0x7ca14db080, 0xffffff8008082c0c], 288230359200098799
[0x7ca14dbe20, 0xffffff8008082c0c], 288230359200098745
[0x7ca4647618, 0xffffff8008082c0c], 288230359199289049
[0x7ca14da800, 0xffffff8008082c0c], 288230359200098833
[0x7ca4647618, 0xffffff8008082c0c], 288230359199289049
[0x7ca4647618, 0xffffff8008082c0c], 288230359199289049
[0x7ca4647618, 0xffffff8008082c0c], 288230359199289049
[0x7ca14db080, 0xffffff8008082c0c], 288230359200098799
[0x7ca14dbe20, 0xffffff8008082c0c], 288230359200098745
[0x7c1dd75028, 0xffffff8008082c0c], 288230359234560881
[0x7ca4647618, 0xffffff8008082c0c], 288230359199289049
[0x7ca14db080, 0xffffff8008082c0c], 288230359200098799
[0x7ca14dbe20, 0xffffff8008082c0c], 288230359200098745
[0x7ca14da800, 0xffffff8008082c0c], 288230359200098833
[0x7d767f4220, 0xffffff8008082c0c], 288230359144211369
[0x7d76841800, 0xffffff8008082c0c], 288230359144206417
[0x7ca4647618, 0xffffff8008082c0c], 288230359199289049
[0x7ca148d220, 0xffffff8008082c0c], 288230359200103785
[0x7ca148d220, 0xffffff8008082c0c], 288230359200103785
[0x7ca148d220, 0xffffff8008082c0c], 288230359200103785
[0x7ca4647618, 0xffffff8008082c0c], 288230359199289049
[0x7ca14dbe00, 0xffffff8008082c0c], 288230359200098745
[0x7ca148d220, 0xffffff8008082c0c], 288230359200103785
[0x7ca14da800, 0xffffff8008082c0c], 288230359200098833
[0x7ca14db5a0, 0xffffff8008082c0c], 288230359200098779
[0x7ca4647618, 0xffffff8008082c0c], 288230359199289049
[0x7ca14db080, 0xffffff8008082c0c], 288230359200098799
[0x7ca4647618, 0xffffff8008082c0c], 288230359199289049
[0x7ca14db080, 0xffffff8008082c0c], 288230359200098799
[0x7ca14dbe20, 0xffffff8008082c0c], 288230359200098745
[0x7ca14da800, 0xffffff8008082c0c], 288230359200098833
[0x7ca148d220, 0xffffff8008082c0c], 288230359200103785
[0x7ca14db080, 0xffffff8008082c0c], 288230359200098799
[0x7ca148d220, 0xffffff8008082c0c], 288230359200103785
[0x7ca148d220, 0xffffff8008082c0c], 288230359200103785
[0x7ca148d220, 0xffffff8008082c0c], 288230359200103785
[0x7d767f4220, 0xffffff8008082c0c], 288230359144211369
[0x7d76841800, 0xffffff8008082c0c], 288230359144206417
[0x7c2979f660, 0xffffff8008082c0c], 288230359231510744
[0x7c2979e840, 0xffffff8008082c0c], 288230359231510800
[0x7c2979f660, 0xffffff8008082c0c], 288230359231510744
[0x7c2979e840, 0xffffff8008082c0c], 288230359231510800
[0x7c2979f660, 0xffffff8008082c0c], 288230359231510744
[0x7c2979e840, 0xffffff8008082c0c], 288230359231510800
[0x7c2979f660, 0xffffff8008082c0c], 288230359231510744
[0x7c2979e840, 0xffffff8008082c0c], 288230359231510800
[0x7c2979f660, 0xffffff8008082c0c], 288230359231510744
[0x7c2979e840, 0xffffff8008082c0c], 288230359231510800
[0x7ca14da800, 0xffffff8008082c0c], 288230359200098833
[0x7ca14db080, 0xffffff8008082c0c], 288230359200098799
[0x7ca4647388, 0xffffff8008082c0c], 288230359199289059
[0x7ca4647618, 0xffffff8008082c0c], 288230359199289049
[0x7ca14db080, 0xffffff8008082c0c], 288230359200098799
[0x7ca14dbe20, 0xffffff8008082c0c], 288230359200098745
[0x7000e83c, 0xffffff8008082c0c], 288230367534521617
[0x7ca14da800, 0xffffff8008082c0c], 288230359200098833
[0x7519a48220, 0xffffff8008082c0c], 288230359705423529
[0x75193a8a20, 0xffffff8008082c0c], 288230359705532041
[0x7519087de4, 0xffffff8008082c0c], 288230359705583290
[0x7519a47440, 0xffffff8008082c0c], 288230359705423584
[0x7519a95800, 0xffffff8008082c0c], 288230359705418577
[0x7519a48220, 0xffffff8008082c0c], 288230359705423529
[0x7519a95800, 0xffffff8008082c0c], 288230359705418577
[0x7519a48220, 0xffffff8008082c0c], 288230359705423529
[0x7519a48220, 0xffffff8008082c0c], 288230359705423529
[0x7519a95800, 0xffffff8008082c0c], 288230359705418577
[0x7c2979f660, 0xffffff8008082c0c], 288230359231510744
[0x7c2979e840, 0xffffff8008082c0c], 288230359231510800
[0x7ca148d220, 0xffffff8008082c0c], 288230359200103785
[0x7ca148d220, 0xffffff8008082c0c], 288230359200103785
[0x7ca14da7c0, 0xffffff8008082c0c], 288230359200098834
[0x7ca14da7c0, 0xffffff8008082c0c], 288230359200098834
[0x7ca14db980, 0xffffff8008082c0c], 288230359200098763
[0x7ca4647618, 0xffffff8008082c0c], 288230359199289049
[0x7ca148d220, 0xffffff8008082c0c], 288230359200103785
[0x7ca148d220, 0xffffff8008082c0c], 288230359200103785
[0x7ca14da7c0, 0xffffff8008082c0c], 288230359200098834
[0x7ca14db980, 0xffffff8008082c0c], 288230359200098763
[0x7ca14da7c0, 0xffffff8008082c0c], 288230359200098834
[0x7ca14db980, 0xffffff8008082c0c], 288230359200098763
[0x7ca4647618, 0xffffff8008082c0c], 288230359199289049
[0x7ca14dbe00, 0xffffff8008082c0c], 288230359200098745
[0x7ca14db5a0, 0xffffff8008082c0c], 288230359200098779
[0x7ca148d220, 0xffffff8008082c0c], 288230359200103785
[0x7ca148d220, 0xffffff8008082c0c], 288230359200103785
[0x7ca148d220, 0xffffff8008082c0c], 288230359200103785
[0x7ca148d220, 0xffffff8008082c0c], 288230359200103785
[0x7ca4647618, 0xffffff8008082c0c], 288230359199289049
[0x7ca4647618, 0xffffff8008082c0c], 288230359199289049
[0x7ca14da800, 0xffffff8008082c0c], 288230359200098833
[0x7ca4647618, 0xffffff8008082c0c], 288230359199289049
[0x7ca14db080, 0xffffff8008082c0c], 288230359200098799
[0x7ca14da6c0, 0xffffff8008082c0c], 288230359200098838
[0x7ca4647618, 0xffffff8008082c0c], 288230359199289049
[0x7ca14da6c0, 0xffffff8008082c0c], 288230359200098838
[0x7ca148d220, 0xffffff8008082c0c], 288230359200103785
[0x7ca4647618, 0xffffff8008082c0c], 288230359199289049
[0x7ca14dbe00, 0xffffff8008082c0c], 288230359200098745
[0x7ca148d220, 0xffffff8008082c0c], 288230359200103785
[0x7ca14da800, 0xffffff8008082c0c], 288230359200098833
[0x7ca14db5a0, 0xffffff8008082c0c], 288230359200098779
[0x7ca4647618, 0xffffff8008082c0c], 288230359199289049
[0x7ca14db080, 0xffffff8008082c0c], 288230359200098799
[0x7ca14da6c0, 0xffffff8008082c0c], 288230359200098838
[0x7ca4647618, 0xffffff8008082c0c], 288230359199289049
[0x7ca14da6c0, 0xffffff8008082c0c], 288230359200098838
[0x7ca4647618, 0xffffff8008082c0c], 288230359199289049
[0x7ca148d220, 0xffffff8008082c0c], 288230359200103785
[0x7ca148d220, 0xffffff8008082c0c], 288230359200103785
[0x7ca14db080, 0xffffff8008082c0c], 288230359200098799
[0x7ca14db080, 0xffffff8008082c0c], 288230359200098799
[0x7ca14db080, 0xffffff8008082c0c], 288230359200098799
[0x7ca14db080, 0xffffff8008082c0c], 288230359200098799
[0x7ca14db080, 0xffffff8008082c0c], 288230359200098799
[0x7ca14db080, 0xffffff8008082c0c], 288230359200098799
[0x7ca14db080, 0xffffff8008082c0c], 288230359200098799
[0x7ca14db080, 0xffffff8008082c0c], 288230359200098799
[0x7ca14db080, 0xffffff8008082c0c], 288230359200098799
[0x7ca14db080, 0xffffff8008082c0c], 288230359200098799
[0x7ca4647618, 0xffffff8008082c0c], 288230359199289049
[0x7ca4647618, 0xffffff8008082c0c], 288230359199289049
[0x7ca4647618, 0xffffff8008082c0c], 288230359199289049
[0x7ca14db080, 0xffffff8008082c0c], 288230359200098799
[0x7ca14dbe20, 0xffffff8008082c0c], 288230359200098745
[0x7ca4647618, 0xffffff8008082c0c], 288230359199289049
[0x7ca14da800, 0xffffff8008082c0c], 288230359200098833
[0x7ca14db080, 0xffffff8008082c0c], 288230359200098799
[0x7ca4647618, 0xffffff8008082c0c], 288230359199289049
[0x7ca4647618, 0xffffff8008082c0c], 288230359199289049
[0x7ca14dbe00, 0xffffff8008082c0c], 288230359200098745
[0x7ca14db5a0, 0xffffff8008082c0c], 288230359200098779
[0x7ca148d220, 0xffffff8008082c0c], 288230359200103785
[0x7ca148d220, 0xffffff8008082c0c], 288230359200103785
[0x7ca148d220, 0xffffff8008082c0c], 288230359200103785
[0x700b1270, 0xffffff8008082c0c], 288230367534511208
[0x7c1e05a8f0, 0xffffff8008082c0c], 288230359234513422
[0x70abfdec, 0xffffff8008082c0c], 288230367534346426
[0x7ca4647618, 0xffffff8008082c0c], 288230359199289049
[0x7ca148d220, 0xffffff8008082c0c], 288230359200103785
[0x7ca14da800, 0xffffff8008082c0c], 288230359200098833
[0x7c2979f660, 0xffffff8008082c0c], 288230359231510744
[0x7c2979e840, 0xffffff8008082c0c], 288230359231510800
[0x7ca148d220, 0xffffff8008082c0c], 288230359200103785
[0x7ca148d220, 0xffffff8008082c0c], 288230359200103785
[0x7ca4647618, 0xffffff8008082c0c], 288230359199289049
[0x7ca148d220, 0xffffff8008082c0c], 288230359200103785
[0x7ca148d220, 0xffffff8008082c0c], 288230359200103785
[0x7ca14da800, 0xffffff8008082c0c], 288230359200098833
[0x7efafb3220, 0xffffff8008082c0c], 288230359042372585
[0x7efb001e00, 0xffffff8008082c0c], 288230359042367545
[0x7efccbb618, 0xffffff8008082c0c], 288230359041896921
[0x7efb000800, 0xffffff8008082c0c], 288230359042367633
[0x7efafb3220, 0xffffff8008082c0c], 288230359042372585
[0x7efb000800, 0xffffff8008082c0c], 288230359042367633
[0x7ca4647618, 0xffffff8008082c0c], 288230359199289049
[0x7ca4647618, 0xffffff8008082c0c], 288230359199289049
[0x7ca4647618, 0xffffff8008082c0c], 288230359199289049
[0x7ca4647618, 0xffffff8008082c0c], 288230359199289049
[0x7ca14dbe20, 0xffffff8008082c0c], 288230359200098745
[0x7ca4647618, 0xffffff8008082c0c], 288230359199289049
[0x7ca148d220, 0xffffff8008082c0c], 288230359200103785
[0x7ca148d220, 0xffffff8008082c0c], 288230359200103785
[0x7ca14db080, 0xffffff8008082c0c], 288230359200098799
[0x7ca14da6c0, 0xffffff8008082c0c], 288230359200098838
[0x7ca4647618, 0xffffff8008082c0c], 288230359199289049
[0x7ca14da6c0, 0xffffff8008082c0c], 288230359200098838
[0x734e4be660, 0xffffff8008082c0c], 288230359825838360
[0x734fc34388, 0xffffff8008082c0c], 288230359825453987
[0x734e470220, 0xffffff8008082c0c], 288230359825843369
[0x734e4bd840, 0xffffff8008082c0c], 288230359825838416
[0x734e470220, 0xffffff8008082c0c], 288230359825843369
[0x7ca4647618, 0xffffff8008082c0c], 288230359199289049
[0x7ca4647618, 0xffffff8008082c0c], 288230359199289049
[0x7ca4647618, 0xffffff8008082c0c], 288230359199289049
[0x7ca14db080, 0xffffff8008082c0c], 288230359200098799
[0x7ca14db080, 0xffffff8008082c0c], 288230359200098799
[0x7ca14db080, 0xffffff8008082c0c], 288230359200098799
[0x7ca14db080, 0xffffff8008082c0c], 288230359200098799
[0x7ca14db080, 0xffffff8008082c0c], 288230359200098799
[0x7ca14db080, 0xffffff8008082c0c], 288230359200098799
[0x7ca14db080, 0xffffff8008082c0c], 288230359200098799
[0x7ca14db080, 0xffffff8008082c0c], 288230359200098799
[0x7ca14db080, 0xffffff8008082c0c], 288230359200098799
[0x7ca148d220, 0xffffff8008082c0c], 288230359200103785
[0x7ca148d220, 0xffffff8008082c0c], 288230359200103785
[0x7ca4647618, 0xffffff8008082c0c], 288230359199289049
[0x7ca14da800, 0xffffff8008082c0c], 288230359200098833
[0x7ca148d220, 0xffffff8008082c0c], 288230359200103785
[0x7ca148d220, 0xffffff8008082c0c], 288230359200103785
[0x7ca148d220, 0xffffff8008082c0c], 288230359200103785
[0x7ca148d220, 0xffffff8008082c0c], 288230359200103785
[0x7ca4647618, 0xffffff8008082c0c], 288230359199289049
[0x7ca4647618, 0xffffff8008082c0c], 288230359199289049
[0x7ca4647618, 0xffffff8008082c0c], 288230359199289049
[0x7ca148d220, 0xffffff8008082c0c], 288230359200103785
[0x7ca148c220, 0xffffff8008082c0c], 288230359200103849
[0x7ca14da800, 0xffffff8008082c0c], 288230359200098833
[0x7519a48220, 0xffffff8008082c0c], 288230359705423529
[0x751b6bc618, 0xffffff8008082c0c], 288230359704957337
[0x751b6bc618, 0xffffff8008082c0c], 288230359704957337
[0x7519a95800, 0xffffff8008082c0c], 288230359705418577
[0x7ca148d220, 0xffffff8008082c0c], 288230359200103785
[0x7ca4647618, 0xffffff8008082c0c], 288230359199289049
[0x7ca14dbe00, 0xffffff8008082c0c], 288230359200098745
[0x7ca148d220, 0xffffff8008082c0c], 288230359200103785
[0x7ca14da800, 0xffffff8008082c0c], 288230359200098833
[0x7ca14db5a0, 0xffffff8008082c0c], 288230359200098779
[0x7ca4647618, 0xffffff8008082c0c], 288230359199289049
[0x7ca14db080, 0xffffff8008082c0c], 288230359200098799
[0x7ca14da6c0, 0xffffff8008082c0c], 288230359200098838
[0x7ca4647618, 0xffffff8008082c0c], 288230359199289049
[0x7ca14da6c0, 0xffffff8008082c0c], 288230359200098838
[0x7519a48220, 0xffffff8008082c0c], 288230359705423529
[0x7519a95800, 0xffffff8008082c0c], 288230359705418577
[0x7ca148d220, 0xffffff8008082c0c], 288230359200103785
[0x7ca4647618, 0xffffff8008082c0c], 288230359199289049
[0x7ca4647618, 0xffffff8008082c0c], 288230359199289049
[0x7ca4647618, 0xffffff8008082c0c], 288230359199289049
[0x7c1ddc1f98, 0xffffff8008082c0c], 288230359234555955
[0x7ca4647618, 0xffffff8008082c0c], 288230359199289049
[0x7ca148d220, 0xffffff8008082c0c], 288230359200103785
[0x7ca148d220, 0xffffff8008082c0c], 288230359200103785
[0x7ca148d220, 0xffffff8008082c0c], 288230359200103785
[0x7ca148d220, 0xffffff8008082c0c], 288230359200103785
[0x7ca148d220, 0xffffff8008082c0c], 288230359200103785
[0x7ca148d220, 0xffffff8008082c0c], 288230359200103785
[0x7ca14db080, 0xffffff8008082c0c], 288230359200098799
[0x7ca14da6c0, 0xffffff8008082c0c], 288230359200098838
[0x7ca4647618, 0xffffff8008082c0c], 288230359199289049
[0x7ca148d220, 0xffffff8008082c0c], 288230359200103785
[0x7ca148d220, 0xffffff8008082c0c], 288230359200103785
[0x7ca148d220, 0xffffff8008082c0c], 288230359200103785
[0x7ca148d220, 0xffffff8008082c0c], 288230359200103785
[0x7ca148d220, 0xffffff8008082c0c], 288230359200103785
[0x7ca14da7c0, 0xffffff8008082c0c], 288230359200098834
[0x7ca148d220, 0xffffff8008082c0c], 288230359200103785
[0x7ca148d220, 0xffffff8008082c0c], 288230359200103785
[0x7ca14da800, 0xffffff8008082c0c], 288230359200098833
[0x7ca148d220, 0xffffff8008082c0c], 288230359200103785
[0x7ca14da800, 0xffffff8008082c0c], 288230359200098833
[0x7ca14db080, 0xffffff8008082c0c], 288230359200098799
[0x7ca14da6c0, 0xffffff8008082c0c], 288230359200098838
[0x7ca4647618, 0xffffff8008082c0c], 288230359199289049
[0x707847a8, 0xffffff8008082c0c], 288230367534399379
[0x7ca4647618, 0xffffff8008082c0c], 288230359199289049
[0x7ca14dbe00, 0xffffff8008082c0c], 288230359200098745
[0x7ca14db080, 0xffffff8008082c0c], 288230359200098799
[0x7ca14db080, 0xffffff8008082c0c], 288230359200098799
[0x7ca4647618, 0xffffff8008082c0c], 288230359199289049
[0x7ca14db080, 0xffffff8008082c0c], 288230359200098799
[0x7ca14dbe20, 0xffffff8008082c0c], 288230359200098745
[0x7ca14da800, 0xffffff8008082c0c], 288230359200098833
[0x7ca14db5a0, 0xffffff8008082c0c], 288230359200098779
[0x7ca4647618, 0xffffff8008082c0c], 288230359199289049
[0x7ca14da800, 0xffffff8008082c0c], 288230359200098833
[0x7ca148d220, 0xffffff8008082c0c], 288230359200103785
[0x7ca148d220, 0xffffff8008082c0c], 288230359200103785
[0x7ca14da7c0, 0xffffff8008082c0c], 288230359200098834
[0x7ca14da7c0, 0xffffff8008082c0c], 288230359200098834
[0x7ca14db980, 0xffffff8008082c0c], 288230359200098763
[0x7ca148d220, 0xffffff8008082c0c], 288230359200103785
[0x7ca148d220, 0xffffff8008082c0c], 288230359200103785
[0x7ca148d220, 0xffffff8008082c0c], 288230359200103785
[0x7ca148d220, 0xffffff8008082c0c], 288230359200103785
[0x7ca148d220, 0xffffff8008082c0c], 288230359200103785
[0x7ca148d220, 0xffffff8008082c0c], 288230359200103785
[0x7ca14da7c0, 0xffffff8008082c0c], 288230359200098834
[0x7ca14db980, 0xffffff8008082c0c], 288230359200098763
[0x7ca4647618, 0xffffff8008082c0c], 288230359199289049
[0x7ca14da800, 0xffffff8008082c0c], 288230359200098833
[0x7ca4647618, 0xffffff8008082c0c], 288230359199289049
[0x7ca14da800, 0xffffff8008082c0c], 288230359200098833
[0x7ca14db080, 0xffffff8008082c0c], 288230359200098799
[0x7ca14da6c0, 0xffffff8008082c0c], 288230359200098838
[0x7ca4647618, 0xffffff8008082c0c], 288230359199289049
[0x7ca14da7c0, 0xffffff8008082c0c], 288230359200098834
[0x7ca4647618, 0xffffff8008082c0c], 288230359199289049
[0x7ca14db080, 0xffffff8008082c0c], 288230359200098799
[0x7ca14da6c0, 0xffffff8008082c0c], 288230359200098838
[0x7ca4647618, 0xffffff8008082c0c], 288230359199289049
[0x7ca14da7c0, 0xffffff8008082c0c], 288230359200098834
[0x7ca14da7c0, 0xffffff8008082c0c], 288230359200098834
[0x7ca14db980, 0xffffff8008082c0c], 288230359200098763
[0x7ca148d220, 0xffffff8008082c0c], 288230359200103785
[0x7ca14db080, 0xffffff8008082c0c], 288230359200098799
[0x7ca148d220, 0xffffff8008082c0c], 288230359200103785
[0x7ca148d220, 0xffffff8008082c0c], 288230359200103785
[0x7ca14da800, 0xffffff8008082c0c], 288230359200098833
[0x7ca14db080, 0xffffff8008082c0c], 288230359200098799
[0x7ca14da6c0, 0xffffff8008082c0c], 288230359200098838
[0x7ca4647618, 0xffffff8008082c0c], 288230359199289049
[0x7ca14da800, 0xffffff8008082c0c], 288230359200098833
[0x7ca14da6c0, 0xffffff8008082c0c], 288230359200098838
[0x7ca148d220, 0xffffff8008082c0c], 288230359200103785
[0x7ca14da800, 0xffffff8008082c0c], 288230359200098833
[0x7ca148d220, 0xffffff8008082c0c], 288230359200103785
[0x7ca148d220, 0xffffff8008082c0c], 288230359200103785
[0x7ca14da7c0, 0xffffff8008082c0c], 288230359200098834
[0x7ca14db980, 0xffffff8008082c0c], 288230359200098763
[0x7ca14da7c0, 0xffffff8008082c0c], 288230359200098834
[0x7ca4647618, 0xffffff8008082c0c], 288230359199289049
[0x7ca4647618, 0xffffff8008082c0c], 288230359199289049
[0x7ca14db080, 0xffffff8008082c0c], 288230359200098799
[0x7ca14db080, 0xffffff8008082c0c], 288230359200098799
[0x7ca14db080, 0xffffff8008082c0c], 288230359200098799
[0x7ca14db080, 0xffffff8008082c0c], 288230359200098799
[0x7ca14db080, 0xffffff8008082c0c], 288230359200098799
[0x7ca14db080, 0xffffff8008082c0c], 288230359200098799
[0x7ca4647618, 0xffffff8008082c0c], 288230359199289049
[0x7ca14dbe00, 0xffffff8008082c0c], 288230359200098745
[0x7ca4647618, 0xffffff8008082c0c], 288230359199289049
[0x7ca4647618, 0xffffff8008082c0c], 288230359199289049
[0x7ca14db080, 0xffffff8008082c0c], 288230359200098799
[0x7ca14db080, 0xffffff8008082c0c], 288230359200098799
[0x7ca14db080, 0xffffff8008082c0c], 288230359200098799
[0x7ca14db080, 0xffffff8008082c0c], 288230359200098799
[0x7ca14db080, 0xffffff8008082c0c], 288230359200098799
[0x7ca14db080, 0xffffff8008082c0c], 288230359200098799
[0x7ca14db080, 0xffffff8008082c0c], 288230359200098799
[0x7ca14db080, 0xffffff8008082c0c], 288230359200098799
[0x7ca4647618, 0xffffff8008082c0c], 288230359199289049
[0x7ca14db080, 0xffffff8008082c0c], 288230359200098799
[0x7ca14db080, 0xffffff8008082c0c], 288230359200098799
[0x7ca14db080, 0xffffff8008082c0c], 288230359200098799
[0x7ca14db080, 0xffffff8008082c0c], 288230359200098799
[0x7ca14db080, 0xffffff8008082c0c], 288230359200098799
[0x7ca14db080, 0xffffff8008082c0c], 288230359200098799
[0x7ca14db080, 0xffffff8008082c0c], 288230359200098799
[0x7ca4647618, 0xffffff8008082c0c], 288230359199289049
[0x7ca4647618, 0xffffff8008082c0c], 288230359199289049
[0x7ca14db080, 0xffffff8008082c0c], 288230359200098799
[0x7ca14db080, 0xffffff8008082c0c], 288230359200098799
[0x7ca14db080, 0xffffff8008082c0c], 288230359200098799
[0x7ca14db080, 0xffffff8008082c0c], 288230359200098799
[0x7ca14db080, 0xffffff8008082c0c], 288230359200098799
[0x7ca4647618, 0xffffff8008082c0c], 288230359199289049
[0x7ca4647618, 0xffffff8008082c0c], 288230359199289049
[0x7ca4647618, 0xffffff8008082c0c], 288230359199289049
[0x7ca14db080, 0xffffff8008082c0c], 288230359200098799
[0x7ca14dbe20, 0xffffff8008082c0c], 288230359200098745
[0x7ca4647618, 0xffffff8008082c0c], 288230359199289049
[0x7ca14db080, 0xffffff8008082c0c], 288230359200098799
[0x7ca14db080, 0xffffff8008082c0c], 288230359200098799
[0x7ca14da800, 0xffffff8008082c0c], 288230359200098833
[0x7ca4647618, 0xffffff8008082c0c], 288230359199289049
[0x7ca4647618, 0xffffff8008082c0c], 288230359199289049
[0x7ca4647618, 0xffffff8008082c0c], 288230359199289049
[0x7ca148c1f0, 0xffffff8008082c0c], 288230359200103850
[0x7ca148c220, 0xffffff8008082c0c], 288230359200103849
[0x7ca14da800, 0xffffff8008082c0c], 288230359200098833
[0x7ca148d220, 0xffffff8008082c0c], 288230359200103785
[0x7ca4647618, 0xffffff8008082c0c], 288230359199289049
[0x7ca14dbe00, 0xffffff8008082c0c], 288230359200098745
[0x7ca148d220, 0xffffff8008082c0c], 288230359200103785
[0x7ca14da800, 0xffffff8008082c0c], 288230359200098833
[0x7ca14db5a0, 0xffffff8008082c0c], 288230359200098779
[0x7ca4647618, 0xffffff8008082c0c], 288230359199289049
[0x7ca4647618, 0xffffff8008082c0c], 288230359199289049
[0x7ca14da800, 0xffffff8008082c0c], 288230359200098833
[0x7ca4647618, 0xffffff8008082c0c], 288230359199289049
[0x7ca14db080, 0xffffff8008082c0c], 288230359200098799
[0x7ca14da6c0, 0xffffff8008082c0c], 288230359200098838
[0x7ca4647618, 0xffffff8008082c0c], 288230359199289049
[0x7ca14da6c0, 0xffffff8008082c0c], 288230359200098838
[0x7ca148d220, 0xffffff8008082c0c], 288230359200103785
[0x7ca4647618, 0xffffff8008082c0c], 288230359199289049
[0x7ca148d220, 0xffffff8008082c0c], 288230359200103785
[0x7ca14da800, 0xffffff8008082c0c], 288230359200098833
[0x7ca14db080, 0xffffff8008082c0c], 288230359200098799
[0x7ca14da6c0, 0xffffff8008082c0c], 288230359200098838
[0x7ca4647618, 0xffffff8008082c0c], 288230359199289049
[0x7ca14db080, 0xffffff8008082c0c], 288230359200098799
[0x7ca14da6c0, 0xffffff8008082c0c], 288230359200098838
[0x7ca4647618, 0xffffff8008082c0c], 288230359199289049
[0x7ca14db080, 0xffffff8008082c0c], 288230359200098799
[0x7ca14da6c0, 0xffffff8008082c0c], 288230359200098838
[0x7ca4647618, 0xffffff8008082c0c], 288230359199289049
[0x7ca14db080, 0xffffff8008082c0c], 288230359200098799
[0x7ca14da6c0, 0xffffff8008082c0c], 288230359200098838
[0x7ca4647618, 0xffffff8008082c0c], 288230359199289049
[0x7ca14da7c0, 0xffffff8008082c0c], 288230359200098834
[0x7ca4647618, 0xffffff8008082c0c], 288230359199289049
[0x7ca4647618, 0xffffff8008082c0c], 288230359199289049
[0x7ca14dbe20, 0xffffff8008082c0c], 288230359200098745
[0x7ca4647618, 0xffffff8008082c0c], 288230359199289049
[0x7ca14db080, 0xffffff8008082c0c], 288230359200098799
[0x7ca14da6c0, 0xffffff8008082c0c], 288230359200098838
[0x7ca4647618, 0xffffff8008082c0c], 288230359199289049
[0x7ca14da7c0, 0xffffff8008082c0c], 288230359200098834
[0x7ca4647618, 0xffffff8008082c0c], 288230359199289049
[0x7ca4647618, 0xffffff8008082c0c], 288230359199289049
[0x7ca14dbe00, 0xffffff8008082c0c], 288230359200098745
[0x7ca14db080, 0xffffff8008082c0c], 288230359200098799
[0x7ca14da6c0, 0xffffff8008082c0c], 288230359200098838
[0x7ca4647618, 0xffffff8008082c0c], 288230359199289049
[0x7ca14da7c0, 0xffffff8008082c0c], 288230359200098834
[0x7ca4647618, 0xffffff8008082c0c], 288230359199289049
[0x7ca4647618, 0xffffff8008082c0c], 288230359199289049
[0x7ca4647618, 0xffffff8008082c0c], 288230359199289049
[0x7ca4647618, 0xffffff8008082c0c], 288230359199289049
[0x7c1de8c4e8, 0xffffff8008082c0c], 288230359234543006
[0x7ca148d220, 0xffffff8008082c0c], 288230359200103785
[0x7ca148d220, 0xffffff8008082c0c], 288230359200103785
[0x7ca14db5a0, 0xffffff8008082c0c], 288230359200098779
[0x7ca4647618, 0xffffff8008082c0c], 288230359199289049
[0x7ca4647618, 0xffffff8008082c0c], 288230359199289049
[0x7ca4647388, 0xffffff8008082c0c], 288230359199289059
[0x7ca4647618, 0xffffff8008082c0c], 288230359199289049
[0x7ca4647618, 0xffffff8008082c0c], 288230359199289049
[0x7ca4647618, 0xffffff8008082c0c], 288230359199289049
[0x7ca14db080, 0xffffff8008082c0c], 288230359200098799
[0x7ca14da6c0, 0xffffff8008082c0c], 288230359200098838
[0x7ca4647618, 0xffffff8008082c0c], 288230359199289049
[0x7ca14da6c0, 0xffffff8008082c0c], 288230359200098838
[0x734e4be660, 0xffffff8008082c0c], 288230359825838360
[0x734fc34388, 0xffffff8008082c0c], 288230359825453987
[0x734e470220, 0xffffff8008082c0c], 288230359825843369
[0x734e4bd840, 0xffffff8008082c0c], 288230359825838416
[0x734e470220, 0xffffff8008082c0c], 288230359825843369
[0x7ca148d220, 0xffffff8008082c0c], 288230359200103785
[0x7ca4647618, 0xffffff8008082c0c], 288230359199289049
[0x7ca148d220, 0xffffff8008082c0c], 288230359200103785
[0x7ca14da800, 0xffffff8008082c0c], 288230359200098833
[0x7ca148d220, 0xffffff8008082c0c], 288230359200103785
[0x7ca4647618, 0xffffff8008082c0c], 288230359199289049
[0x7ca148d220, 0xffffff8008082c0c], 288230359200103785
[0x7ca14da800, 0xffffff8008082c0c], 288230359200098833
[0x7ca14db5a0, 0xffffff8008082c0c], 288230359200098779
[0x7ca4647618, 0xffffff8008082c0c], 288230359199289049
[0x7ca14db080, 0xffffff8008082c0c], 288230359200098799
[0x7ca14da6c0, 0xffffff8008082c0c], 288230359200098838
[0x7ca4647618, 0xffffff8008082c0c], 288230359199289049
[0x7ca14db080, 0xffffff8008082c0c], 288230359200098799
[0x7ca14da6c0, 0xffffff8008082c0c], 288230359200098838
[0x7ca4647618, 0xffffff8008082c0c], 288230359199289049
[0x7ca14db080, 0xffffff8008082c0c], 288230359200098799
[0x7ca14da6c0, 0xffffff8008082c0c], 288230359200098838
[0x7ca4647618, 0xffffff8008082c0c], 288230359199289049
[0x7ca14da6c0, 0xffffff8008082c0c], 288230359200098838
[0x7519a48220, 0xffffff8008082c0c], 288230359705423529
[0x75193a8c14, 0xffffff8008082c0c], 288230359705532033
[0x751b6bc618, 0xffffff8008082c0c], 288230359704957337
[0x751b6bc618, 0xffffff8008082c0c], 288230359704957337
[0x7519a95800, 0xffffff8008082c0c], 288230359705418577
[0x7ca148d220, 0xffffff8008082c0c], 288230359200103785
[0x7ca4647618, 0xffffff8008082c0c], 288230359199289049
[0x7ca4647618, 0xffffff8008082c0c], 288230359199289049
[0x7ca148d220, 0xffffff8008082c0c], 288230359200103785
[0x7ca148d220, 0xffffff8008082c0c], 288230359200103785
[0x7ca14da800, 0xffffff8008082c0c], 288230359200098833
[0x7ca14db080, 0xffffff8008082c0c], 288230359200098799
[0x7ca14da6c0, 0xffffff8008082c0c], 288230359200098838
[0x7ca4647618, 0xffffff8008082c0c], 288230359199289049
[0x7ca14db080, 0xffffff8008082c0c], 288230359200098799
[0x7ca14da6c0, 0xffffff8008082c0c], 288230359200098838
[0x7ca4647618, 0xffffff8008082c0c], 288230359199289049
[0x7ca14da800, 0xffffff8008082c0c], 288230359200098833
[0x7ca14da6c0, 0xffffff8008082c0c], 288230359200098838
[0x7ca148d220, 0xffffff8008082c0c], 288230359200103785
[0x7ca14da800, 0xffffff8008082c0c], 288230359200098833
[0x7ca4647618, 0xffffff8008082c0c], 288230359199289049
[0x7ca14db080, 0xffffff8008082c0c], 288230359200098799
[0x7ca14dbe20, 0xffffff8008082c0c], 288230359200098745
[0x7ca4647618, 0xffffff8008082c0c], 288230359199289049
[0x7ca4647618, 0xffffff8008082c0c], 288230359199289049
[0x7ca14dbe20, 0xffffff8008082c0c], 288230359200098745
[0x7ca4647618, 0xffffff8008082c0c], 288230359199289049
[0x7ca4647618, 0xffffff8008082c0c], 288230359199289049
[0x7ca4647618, 0xffffff8008082c0c], 288230359199289049
[0x7ca4647618, 0xffffff8008082c0c], 288230359199289049
[0x7ca4647618, 0xffffff8008082c0c], 288230359199289049
[0x7ca4647618, 0xffffff8008082c0c], 288230359199289049
[0x7ca4647618, 0xffffff8008082c0c], 288230359199289049
[0x7ca4647618, 0xffffff8008082c0c], 288230359199289049
[0x7ca14db080, 0xffffff8008082c0c], 288230359200098799
[0x7ca4647618, 0xffffff8008082c0c], 288230359199289049
[0x7ca14db080, 0xffffff8008082c0c], 288230359200098799
[0x7ca4647618, 0xffffff8008082c0c], 288230359199289049
[0x700ba704, 0xffffff8008082c0c], 288230367534510613
[0x7ca4647618, 0xffffff8008082c0c], 288230359199289049
[0x7ca14dbe00, 0xffffff8008082c0c], 288230359200098745
[0x7ca4647618, 0xffffff8008082c0c], 288230359199289049
[0x7ca14db080, 0xffffff8008082c0c], 288230359200098799
[0x7ca14da6c0, 0xffffff8008082c0c], 288230359200098838
[0x7ca4647618, 0xffffff8008082c0c], 288230359199289049
[0x7ca14da7c0, 0xffffff8008082c0c], 288230359200098834
[0x7ca14da7c0, 0xffffff8008082c0c], 288230359200098834
[0x7ca14db980, 0xffffff8008082c0c], 288230359200098763
[0x7ca14db5a0, 0xffffff8008082c0c], 288230359200098779
[0x7ca4647618, 0xffffff8008082c0c], 288230359199289049
[0x7c1e1b104c, 0xffffff8008082c0c], 288230359234491504
[0x7ca4647618, 0xffffff8008082c0c], 288230359199289049
[0x7ca4647618, 0xffffff8008082c0c], 288230359199289049
[0x7000e83c, 0xffffff8008082c0c], 288230367534521617
[0x6ff5dbc4, 0xffffff8008082c0c], 288230367534532930
[0x7ca14db820, 0xffffff8008082c0c], 288230359200098769
[0x7ca14da800, 0xffffff8008082c0c], 288230359200098833
[0x7ca4647618, 0xffffff8008082c0c], 288230359199289049
[0x7ca148d220, 0xffffff8008082c0c], 288230359200103785
[0x7ca148d220, 0xffffff8008082c0c], 288230359200103785
[0x7ca148c1f0, 0xffffff8008082c0c], 288230359200103850
[0x7ca148c220, 0xffffff8008082c0c], 288230359200103849
[0x7ca14db660, 0xffffff8008082c0c], 288230359200098776
[0x7ca148c220, 0xffffff8008082c0c], 288230359200103849
[0x70285cac, 0xffffff8008082c0c], 288230367534481215
[0x7ca148c1f0, 0xffffff8008082c0c], 288230359200103850
[0x7ca14da800, 0xffffff8008082c0c], 288230359200098833
[0x7ca148d220, 0xffffff8008082c0c], 288230359200103785
[0x7ca148d220, 0xffffff8008082c0c], 288230359200103785
[0x7ca4647388, 0xffffff8008082c0c], 288230359199289059
[0x7c1e03cd5c, 0xffffff8008082c0c], 288230359234515324
[0x7c1dd804cc, 0xffffff8008082c0c], 288230359234560158
[0x7c1dd804cc, 0xffffff8008082c0c], 288230359234560158
[0x7c1e03e6ac, 0xffffff8008082c0c], 288230359234515223
[0x7ca148d220, 0xffffff8008082c0c], 288230359200103785
[0x7ca148d220, 0xffffff8008082c0c], 288230359200103785
[0x7ca148d220, 0xffffff8008082c0c], 288230359200103785
[0x7ca148d220, 0xffffff8008082c0c], 288230359200103785
[0x7ca14db400, 0xffffff8008082c0c], 288230359200098785
[0x7ca14dbb00, 0xffffff8008082c0c], 288230359200098757
[0x7ca14db400, 0xffffff8008082c0c], 288230359200098785
[0x7ca14da900, 0xffffff8008082c0c], 288230359200098829
[0x7ca14db400, 0xffffff8008082c0c], 288230359200098785
[0x7ca14da980, 0xffffff8008082c0c], 288230359200098827
[0x7ca148ce90, 0xffffff8008082c0c], 288230359200103799
[0x7ca148ce98, 0xffffff8008082c0c], 288230359200103799
[0x734e4be660, 0xffffff8008082c0c], 288230359825838360
[0x734fc34388, 0xffffff8008082c0c], 288230359825453987
[0x734e470220, 0xffffff8008082c0c], 288230359825843369
[0x734e4bd840, 0xffffff8008082c0c], 288230359825838416
[0x734e470220, 0xffffff8008082c0c], 288230359825843369
[0x7ca148d220, 0xffffff8008082c0c], 288230359200103785
[0x7ca148d220, 0xffffff8008082c0c], 288230359200103785
[0x7ca4647388, 0xffffff8008082c0c], 288230359199289059
[0x7ca148d220, 0xffffff8008082c0c], 288230359200103785
[0x7ca148d220, 0xffffff8008082c0c], 288230359200103785
[0x7ca14db380, 0xffffff8008082c0c], 288230359200098787
[0x7c1ddbd490, 0xffffff8008082c0c], 288230359234556255
[0x70127b4c, 0xffffff8008082c0c], 288230367534503620
[0x7ca1479a60, 0xffffff8008082c0c], 288230359200105032
[0x7ca1473a7c, 0xffffff8008082c0c], 288230359200105416
[0x7ca14f0254, 0xffffff8008082c0c], 288230359200097448
[0x7ca14f0254, 0xffffff8008082c0c], 288230359200097448
[0x7c1e11eae4, 0xffffff8008082c0c], 288230359234500870
[0x7c1e10d3ec, 0xffffff8008082c0c], 288230359234501986
[0x7c1e10d3ec, 0xffffff8008082c0c], 288230359234501986
[0x7c1e199144, 0xffffff8008082c0c], 288230359234493036
[0x7ca148d220, 0xffffff8008082c0c], 288230359200103785
[0x7ca148d220, 0xffffff8008082c0c], 288230359200103785
[0x7ca14db400, 0xffffff8008082c0c], 288230359200098785
[0x7ca14db280, 0xffffff8008082c0c], 288230359200098791
[0x7ca14db280, 0xffffff8008082c0c], 288230359200098791
[0x7ca14db280, 0xffffff8008082c0c], 288230359200098791
[0x7ca14db280, 0xffffff8008082c0c], 288230359200098791
[0x7ca14db280, 0xffffff8008082c0c], 288230359200098791
[0x7ca14db280, 0xffffff8008082c0c], 288230359200098791
[0x7ca14db280, 0xffffff8008082c0c], 288230359200098791
[0x7ca14db280, 0xffffff8008082c0c], 288230359200098791
[0x7ca14db280, 0xffffff8008082c0c], 288230359200098791
[0x7ca14db280, 0xffffff8008082c0c], 288230359200098791
[0x7ca14db280, 0xffffff8008082c0c], 288230359200098791
[0x7ca148af38, 0xffffff8008082c0c], 288230359200103925
[0x7ca148c440, 0xffffff8008082c0c], 288230359200103840
[0x7ca14db280, 0xffffff8008082c0c], 288230359200098791
[0x7ca14dbb00, 0xffffff8008082c0c], 288230359200098757
[0x7ca14db400, 0xffffff8008082c0c], 288230359200098785
[0x7ca14da900, 0xffffff8008082c0c], 288230359200098829
[0x7ca14db400, 0xffffff8008082c0c], 288230359200098785
[0x7ca14da980, 0xffffff8008082c0c], 288230359200098827
[0x7ca148ce90, 0xffffff8008082c0c], 288230359200103799
[0x7ca148ce98, 0xffffff8008082c0c], 288230359200103799
[0x7ca148d220, 0xffffff8008082c0c], 288230359200103785
[0x7ca148d220, 0xffffff8008082c0c], 288230359200103785
[0x7ca4647388, 0xffffff8008082c0c], 288230359199289059
[0x7ca148d220, 0xffffff8008082c0c], 288230359200103785
[0x7ca148d220, 0xffffff8008082c0c], 288230359200103785
[0x7ca14db380, 0xffffff8008082c0c], 288230359200098787
[0x7c1ddbd490, 0xffffff8008082c0c], 288230359234556255
[0x6ff2f220, 0xffffff8008082c0c], 288230367534535913
[0x7ca1473a7c, 0xffffff8008082c0c], 288230359200105416
[0x7c1e11eae4, 0xffffff8008082c0c], 288230359234500870
[0x7c1e199144, 0xffffff8008082c0c], 288230359234493036
[0x7ca148d220, 0xffffff8008082c0c], 288230359200103785
[0x7ca148d220, 0xffffff8008082c0c], 288230359200103785
[0x7ca14db400, 0xffffff8008082c0c], 288230359200098785
[0x7ca14db280, 0xffffff8008082c0c], 288230359200098791
[0x7ca14db280, 0xffffff8008082c0c], 288230359200098791
[0x7ca14db280, 0xffffff8008082c0c], 288230359200098791
[0x7ca14db280, 0xffffff8008082c0c], 288230359200098791
[0x7ca14db280, 0xffffff8008082c0c], 288230359200098791
[0x7ca14db280, 0xffffff8008082c0c], 288230359200098791
[0x7ca14db280, 0xffffff8008082c0c], 288230359200098791
[0x7ca14db280, 0xffffff8008082c0c], 288230359200098791
[0x7ca14db280, 0xffffff8008082c0c], 288230359200098791
[0x7ca14db280, 0xffffff8008082c0c], 288230359200098791
[0x7ca14db280, 0xffffff8008082c0c], 288230359200098791
[0x7ca145e948, 0xffffff8008082c0c], 288230359200106764
[0x7ca14dbb00, 0xffffff8008082c0c], 288230359200098757
[0x7ca14db400, 0xffffff8008082c0c], 288230359200098785
[0x7ca14da900, 0xffffff8008082c0c], 288230359200098829
[0x7ca14db400, 0xffffff8008082c0c], 288230359200098785
[0x7ca14da980, 0xffffff8008082c0c], 288230359200098827
[0x7ca148ce90, 0xffffff8008082c0c], 288230359200103799
[0x7ca148ce98, 0xffffff8008082c0c], 288230359200103799
[0x7ca148d220, 0xffffff8008082c0c], 288230359200103785
[0x7ca148d220, 0xffffff8008082c0c], 288230359200103785
[0x7ca4647388, 0xffffff8008082c0c], 288230359199289059
[0x7ca148d220, 0xffffff8008082c0c], 288230359200103785
[0x7ca148d220, 0xffffff8008082c0c], 288230359200103785
[0x7ca14db380, 0xffffff8008082c0c], 288230359200098787
[0x7c1ddbd490, 0xffffff8008082c0c], 288230359234556255
[0x7ca1473a7c, 0xffffff8008082c0c], 288230359200105416
[0x7c1e11eae4, 0xffffff8008082c0c], 288230359234500870
[0x7ca148d220, 0xffffff8008082c0c], 288230359200103785
[0x7ca148d220, 0xffffff8008082c0c], 288230359200103785
[0x7ca14db400, 0xffffff8008082c0c], 288230359200098785
[0x7ca14db280, 0xffffff8008082c0c], 288230359200098791
[0x7ca14db280, 0xffffff8008082c0c], 288230359200098791
[0x7ca14db280, 0xffffff8008082c0c], 288230359200098791
[0x7ca14db280, 0xffffff8008082c0c], 288230359200098791
[0x7ca14db280, 0xffffff8008082c0c], 288230359200098791
[0x7ca14db280, 0xffffff8008082c0c], 288230359200098791
[0x7ca14db280, 0xffffff8008082c0c], 288230359200098791
[0x7ca14db280, 0xffffff8008082c0c], 288230359200098791
10000000 instrs 
[0x7ca14db280, 0xffffff8008082c0c], 288230359200098791
[0x7ca14db280, 0xffffff8008082c0c], 288230359200098791
[0x7ca14db280, 0xffffff8008082c0c], 288230359200098791
[0x7ca14db280, 0xffffff8008082c0c], 288230359200098791
[0x7ca148af38, 0xffffff8008082c0c], 288230359200103925
[0x7ca148c440, 0xffffff8008082c0c], 288230359200103840
[0x7ca14db280, 0xffffff8008082c0c], 288230359200098791
[0x7ca14dbb00, 0xffffff8008082c0c], 288230359200098757
[0x7ca14db400, 0xffffff8008082c0c], 288230359200098785
[0x7ca14da900, 0xffffff8008082c0c], 288230359200098829
[0x7ca14db400, 0xffffff8008082c0c], 288230359200098785
[0x7ca14da980, 0xffffff8008082c0c], 288230359200098827
[0x7ca148ce90, 0xffffff8008082c0c], 288230359200103799
[0x7ca148ce98, 0xffffff8008082c0c], 288230359200103799
[0x7ca148d220, 0xffffff8008082c0c], 288230359200103785
[0x7ca148d220, 0xffffff8008082c0c], 288230359200103785
[0x7ca148d220, 0xffffff8008082c0c], 288230359200103785
[0x7ca14db400, 0xffffff8008082c0c], 288230359200098785
[0x7ca14db280, 0xffffff8008082c0c], 288230359200098791
[0x7ca14db280, 0xffffff8008082c0c], 288230359200098791
[0x7ca14db280, 0xffffff8008082c0c], 288230359200098791
[0x7ca14db280, 0xffffff8008082c0c], 288230359200098791
[0x7ca14dbb00, 0xffffff8008082c0c], 288230359200098757
[0x7ca14db400, 0xffffff8008082c0c], 288230359200098785
[0x7ca14da900, 0xffffff8008082c0c], 288230359200098829
[0x7ca14db400, 0xffffff8008082c0c], 288230359200098785
[0x7ca14da6e0, 0xffffff8008082c0c], 288230359200098838
[0x7ca14db400, 0xffffff8008082c0c], 288230359200098785
[0x7ca14db400, 0xffffff8008082c0c], 288230359200098785
[0x70277b08, 0xffffff8008082c0c], 288230367534482117
[0x7ca14da820, 0xffffff8008082c0c], 288230359200098833
[0x7ca14da780, 0xffffff8008082c0c], 288230359200098835
[0x7ca14da780, 0xffffff8008082c0c], 288230359200098835
[0x7ca14da500, 0xffffff8008082c0c], 288230359200098845
[0x7c1dd804cc, 0xffffff8008082c0c], 288230359234560158
[0x7c1de27724, 0xffffff8008082c0c], 288230359234549461
[0x7c1e02eb3c, 0xffffff8008082c0c], 288230359234516229
[0x7c1dd6d77c, 0xffffff8008082c0c], 288230359234561364
[0x7ca14da7c0, 0xffffff8008082c0c], 288230359200098834
[0x7ca14db980, 0xffffff8008082c0c], 288230359200098763
[0x7ca14dab60, 0xffffff8008082c0c], 288230359200098820
[0x7ca14da8c0, 0xffffff8008082c0c], 288230359200098830
[0x7ca14da8c0, 0xffffff8008082c0c], 288230359200098830
[0x7ca14da900, 0xffffff8008082c0c], 288230359200098829
[0x7ca14da500, 0xffffff8008082c0c], 288230359200098845
[0x7ca14efb34, 0xffffff8008082c0c], 288230359200097477
[0x7ca09087a0, 0xffffff8008082c0c], 288230359200292499
[0x7ca14da820, 0xffffff8008082c0c], 288230359200098833
[0x7ca14da780, 0xffffff8008082c0c], 288230359200098835
[0x7ca14da780, 0xffffff8008082c0c], 288230359200098835
[0x7ca14da500, 0xffffff8008082c0c], 288230359200098845
[0x7ca14dae00, 0xffffff8008082c0c], 288230359200098809
[0x7ca14dae00, 0xffffff8008082c0c], 288230359200098809
[0x7ca14db040, 0xffffff8008082c0c], 288230359200098800
[0x7ca08f7864, 0xffffff8008082c0c], 288230359200293584
[0x7ca14dae00, 0xffffff8008082c0c], 288230359200098809
[0x7ca14dae00, 0xffffff8008082c0c], 288230359200098809
[0x7ca14dae00, 0xffffff8008082c0c], 288230359200098809
[0x7ca14db040, 0xffffff8008082c0c], 288230359200098800
[0x7ca08f7864, 0xffffff8008082c0c], 288230359200293584
[0x7ca14dae00, 0xffffff8008082c0c], 288230359200098809
[0x7ca14dae00, 0xffffff8008082c0c], 288230359200098809
[0x7ca14dae00, 0xffffff8008082c0c], 288230359200098809
[0x7ca14dae00, 0xffffff8008082c0c], 288230359200098809
[0x7ca14dae00, 0xffffff8008082c0c], 288230359200098809
[0x7ca14dae00, 0xffffff8008082c0c], 288230359200098809
[0x7ca14dae00, 0xffffff8008082c0c], 288230359200098809
[0x7ca14dae00, 0xffffff8008082c0c], 288230359200098809
[0x7ca14dae00, 0xffffff8008082c0c], 288230359200098809
[0x7ca14dae00, 0xffffff8008082c0c], 288230359200098809
[0x7ca14db040, 0xffffff8008082c0c], 288230359200098800
[0x7ca14dae00, 0xffffff8008082c0c], 288230359200098809
[0x7ca14dae00, 0xffffff8008082c0c], 288230359200098809
[0x7ca14dae00, 0xffffff8008082c0c], 288230359200098809
[0x7ca14dae00, 0xffffff8008082c0c], 288230359200098809
[0x7ca14dae00, 0xffffff8008082c0c], 288230359200098809
[0x7ca14dae00, 0xffffff8008082c0c], 288230359200098809
[0x7ca14dae00, 0xffffff8008082c0c], 288230359200098809
[0x7ca14dae00, 0xffffff8008082c0c], 288230359200098809
[0x7ca14dae00, 0xffffff8008082c0c], 288230359200098809
[0x7ca148d220, 0xffffff8008082c0c], 288230359200103785
[0x7ca1491bc0, 0xffffff8008082c0c], 288230359200103490
[0x7ca14edaac, 0xffffff8008082c0c], 288230359200097607
[0x7ca14f0020, 0xffffff8008082c0c], 288230359200097457
[0x7ca14f0020, 0xffffff8008082c0c], 288230359200097457
[0x7ca14f0020, 0xffffff8008082c0c], 288230359200097457
[0x7ca14f0020, 0xffffff8008082c0c], 288230359200097457
[0x7ca14f0020, 0xffffff8008082c0c], 288230359200097457
[0x7ca14f0020, 0xffffff8008082c0c], 288230359200097457
[0x7ca14f0020, 0xffffff8008082c0c], 288230359200097457
[0x7ca14f0020, 0xffffff8008082c0c], 288230359200097457
[0x7ca14f0020, 0xffffff8008082c0c], 288230359200097457
[0x7ca14f0020, 0xffffff8008082c0c], 288230359200097457
[0x7ca14f0020, 0xffffff8008082c0c], 288230359200097457
[0x7ca14f0020, 0xffffff8008082c0c], 288230359200097457
[0x7ca14f0020, 0xffffff8008082c0c], 288230359200097457
[0x7ca14f014c, 0xffffff8008082c0c], 288230359200097452
[0x7ca0c61714, 0xffffff8008082c0c], 288230359200237653
[0x7ca14efb34, 0xffffff8008082c0c], 288230359200097477
[0x7ca14da520, 0xffffff8008082c0c], 288230359200098845
[0x7ca0c5f228, 0xffffff8008082c0c], 288230359200237801
[0x7ca14da520, 0xffffff8008082c0c], 288230359200098845
[0x7ca14da4c8, 0xffffff8008082c0c], 288230359200098846
[0x7ca14da520, 0xffffff8008082c0c], 288230359200098845
[0x7ca14da520, 0xffffff8008082c0c], 288230359200098845
[0x7ca14da520, 0xffffff8008082c0c], 288230359200098845
[0x7ca14da520, 0xffffff8008082c0c], 288230359200098845
[0x7ca14da520, 0xffffff8008082c0c], 288230359200098845
[0x7ca14da520, 0xffffff8008082c0c], 288230359200098845
[0x7ca14da520, 0xffffff8008082c0c], 288230359200098845
[0x7ca14db080, 0xffffff8008082c0c], 288230359200098799
[0x7ca14da520, 0xffffff8008082c0c], 288230359200098845
[0x7ca14da9c0, 0xffffff8008082c0c], 288230359200098826
[0x7ca4647618, 0xffffff8008082c0c], 288230359199289049
[0x7ca14da6a0, 0xffffff8008082c0c], 288230359200098839
[0x7ca4647618, 0xffffff8008082c0c], 288230359199289049
[0x7ca4647618, 0xffffff8008082c0c], 288230359199289049
[0x7ca14db080, 0xffffff8008082c0c], 288230359200098799
[0x7ca14dbe20, 0xffffff8008082c0c], 288230359200098745
[0x7ca1451f7c, 0xffffff8008082c0c], 288230359200107572
[0x7ca08f3080, 0xffffff8008082c0c], 288230359200293871
[0x7ca14ef894, 0xffffff8008082c0c], 288230359200097487
[0x7ca14da900, 0xffffff8008082c0c], 288230359200098829
[0x7ca1455ed0, 0xffffff8008082c0c], 288230359200107318
[0x7c1e1bedf8, 0xffffff8008082c0c], 288230359234490618
[0x7c1e1bef24, 0xffffff8008082c0c], 288230359234490613
[0x7c1e1becf4, 0xffffff8008082c0c], 288230359234490622
[0x70277970, 0xffffff8008082c0c], 288230367534482124
[0x7c1dd6d77c, 0xffffff8008082c0c], 288230359234561364
[0x7c1dd75028, 0xffffff8008082c0c], 288230359234560881
[0x70011914, 0xffffff8008082c0c], 288230367534521421
[0x7c1dd6d77c, 0xffffff8008082c0c], 288230359234561364
[0x7c1dd6d77c, 0xffffff8008082c0c], 288230359234561364
[0x70278e8c, 0xffffff8008082c0c], 288230367534482039
[0x700143a8, 0xffffff8008082c0c], 288230367534521251
[0x700143b4, 0xffffff8008082c0c], 288230367534521251
[0x7c1dd804cc, 0xffffff8008082c0c], 288230359234560158
[0x7c1e122a88, 0xffffff8008082c0c], 288230359234500615
[0x7ca145d7f8, 0xffffff8008082c0c], 288230359200106834
[0x7ca145deb4, 0xffffff8008082c0c], 288230359200106807
[0x7ca145d8e4, 0xffffff8008082c0c], 288230359200106830
[0x7c1e12d9b8, 0xffffff8008082c0c], 288230359234499915
[0x7c1e12d9d8, 0xffffff8008082c0c], 288230359234499914
[0x7ca148c41c, 0xffffff8008082c0c], 288230359200103841
[0x7c1e12db00, 0xffffff8008082c0c], 288230359234499909
[0x7ca145d7f4, 0xffffff8008082c0c], 288230359200106834
[0x7c1e12db40, 0xffffff8008082c0c], 288230359234499908
[0x7c1ded4a6c, 0xffffff8008082c0c], 288230359234538376
[0x7c1ded4e70, 0xffffff8008082c0c], 288230359234538360
[0x7c1dfb17f4, 0xffffff8008082c0c], 288230359234524242
[0x7ca14db340, 0xffffff8008082c0c], 288230359200098788
[0x7ca14db480, 0xffffff8008082c0c], 288230359200098783
[0x7ca316ed50, 0xffffff8008082c0c], 288230359199630588
[0x7ca316ed78, 0xffffff8008082c0c], 288230359199630588
[0x7ca14db340, 0xffffff8008082c0c], 288230359200098788
[0x7ca14db380, 0xffffff8008082c0c], 288230359200098787
[0x7ca14da900, 0xffffff8008082c0c], 288230359200098829
[0x7ca14f084c, 0xffffff8008082c0c], 288230359200097424
[0x7ca14da900, 0xffffff8008082c0c], 288230359200098829
[0x7ca14eec84, 0xffffff8008082c0c], 288230359200097535
[0x7ca14eec90, 0xffffff8008082c0c], 288230359200097535
[0x7ca148ce60, 0xffffff8008082c0c], 288230359200103800
[0x7c1dd6d77c, 0xffffff8008082c0c], 288230359234561364
[0x7c1e12d9b8, 0xffffff8008082c0c], 288230359234499915
[0x7ca1473ebc, 0xffffff8008082c0c], 288230359200105399
[0x7ca14db340, 0xffffff8008082c0c], 288230359200098788
[0x7ca14db480, 0xffffff8008082c0c], 288230359200098783
[0x7ca14db340, 0xffffff8008082c0c], 288230359200098788
[0x7ca14db380, 0xffffff8008082c0c], 288230359200098787
[0x7ca14da900, 0xffffff8008082c0c], 288230359200098829
[0x7ca14da900, 0xffffff8008082c0c], 288230359200098829
[0x7ca14eec84, 0xffffff8008082c0c], 288230359200097535
[0x7ca14eec90, 0xffffff8008082c0c], 288230359200097535
[0x7ca148ce60, 0xffffff8008082c0c], 288230359200103800
[0x7c1dd6d77c, 0xffffff8008082c0c], 288230359234561364
[0x7c1e12d9b8, 0xffffff8008082c0c], 288230359234499915
[0x7c1e12d9d8, 0xffffff8008082c0c], 288230359234499914
[0x7c1dfb17f4, 0xffffff8008082c0c], 288230359234524242
[0x7ca14db340, 0xffffff8008082c0c], 288230359200098788
[0x7ca14db480, 0xffffff8008082c0c], 288230359200098783
[0x7ca14db340, 0xffffff8008082c0c], 288230359200098788
[0x7ca14db380, 0xffffff8008082c0c], 288230359200098787
[0x7ca14da900, 0xffffff8008082c0c], 288230359200098829
[0x7ca14da900, 0xffffff8008082c0c], 288230359200098829
[0x7ca14eec84, 0xffffff8008082c0c], 288230359200097535
[0x7ca14eec90, 0xffffff8008082c0c], 288230359200097535
[0x7ca148ce60, 0xffffff8008082c0c], 288230359200103800
[0x7c1dd804cc, 0xffffff8008082c0c], 288230359234560158
[0x7c1e12d9b8, 0xffffff8008082c0c], 288230359234499915
[0x7c1e12d9fc, 0xffffff8008082c0c], 288230359234499914
[0x7ca1473ebc, 0xffffff8008082c0c], 288230359200105399
[0x7c1e12db00, 0xffffff8008082c0c], 288230359234499909
[0x7c1e12db40, 0xffffff8008082c0c], 288230359234499908
[0x7ca14db340, 0xffffff8008082c0c], 288230359200098788
[0x7ca14db480, 0xffffff8008082c0c], 288230359200098783
[0x7ca1473ebc, 0xffffff8008082c0c], 288230359200105399
[0x7ca1473ebc, 0xffffff8008082c0c], 288230359200105399
[0x7ca14db340, 0xffffff8008082c0c], 288230359200098788
[0x7ca14db380, 0xffffff8008082c0c], 288230359200098787
[0x7ca14da900, 0xffffff8008082c0c], 288230359200098829
[0x7ca14da900, 0xffffff8008082c0c], 288230359200098829
[0x7ca14eec84, 0xffffff8008082c0c], 288230359200097535
[0x7ca14eec90, 0xffffff8008082c0c], 288230359200097535
[0x7ca148ce60, 0xffffff8008082c0c], 288230359200103800
[0x7c1e142988, 0xffffff8008082c0c], 288230359234498571
[0x7ca14db340, 0xffffff8008082c0c], 288230359200098788
[0x7ca145e948, 0xffffff8008082c0c], 288230359200106764
[0x7ca14db480, 0xffffff8008082c0c], 288230359200098783
[0x7ca148c150, 0xffffff8008082c0c], 288230359200103852
[0x7ca14db380, 0xffffff8008082c0c], 288230359200098787
[0x7ca14db340, 0xffffff8008082c0c], 288230359200098788
[0x7ca14db380, 0xffffff8008082c0c], 288230359200098787
[0x7ca148c3c4, 0xffffff8008082c0c], 288230359200103842
[0x7ca14da900, 0xffffff8008082c0c], 288230359200098829
[0x7ca14da900, 0xffffff8008082c0c], 288230359200098829
[0x7ca14eec84, 0xffffff8008082c0c], 288230359200097535
[0x7ca148ce60, 0xffffff8008082c0c], 288230359200103800
[0x7c1e143880, 0xffffff8008082c0c], 288230359234498511
[0x7c1dd75fec, 0xffffff8008082c0c], 288230359234560818
[0x7ca14daf40, 0xffffff8008082c0c], 288230359200098804
[0x7c1dd75fec, 0xffffff8008082c0c], 288230359234560818
[0x7ca14db960, 0xffffff8008082c0c], 288230359200098764
[0x7c1dd6d77c, 0xffffff8008082c0c], 288230359234561364
[0x7ca14db820, 0xffffff8008082c0c], 288230359200098769
[0x7ca14db820, 0xffffff8008082c0c], 288230359200098769
[0x7ca14db820, 0xffffff8008082c0c], 288230359200098769
[0x7ca14db820, 0xffffff8008082c0c], 288230359200098769
[0x70184f18, 0xffffff8008082c0c], 288230367534497653
[0x7ca14db820, 0xffffff8008082c0c], 288230359200098769
[0x70d36d68, 0xffffff8008082c0c], 288230367534306044
[0x7ca4647618, 0xffffff8008082c0c], 288230359199289049
[0x7c1e1b1060, 0xffffff8008082c0c], 288230359234491504
[0x7c1dff7358, 0xffffff8008082c0c], 288230359234519780
[0x7ca148c140, 0xffffff8008082c0c], 288230359200103852
[0x7c1ded4e70, 0xffffff8008082c0c], 288230359234538360
[0x7c1dd75fec, 0xffffff8008082c0c], 288230359234560818
[0x7ca148c394, 0xffffff8008082c0c], 288230359200103843
[0x7ca14efb34, 0xffffff8008082c0c], 288230359200097477
[0x7ca4647618, 0xffffff8008082c0c], 288230359199289049
[0x7ca14da840, 0xffffff8008082c0c], 288230359200098832
[0x7ca14da7c0, 0xffffff8008082c0c], 288230359200098834
[0x7ca14db980, 0xffffff8008082c0c], 288230359200098763
[0x7ca14db080, 0xffffff8008082c0c], 288230359200098799
[0x7ca14da6c0, 0xffffff8008082c0c], 288230359200098838
[0x7ca4647618, 0xffffff8008082c0c], 288230359199289049
[0x7ca14da7c0, 0xffffff8008082c0c], 288230359200098834
[0x7ca4647618, 0xffffff8008082c0c], 288230359199289049
[0x7ca4647618, 0xffffff8008082c0c], 288230359199289049
[0x7ca4647618, 0xffffff8008082c0c], 288230359199289049
[0x7ca4647618, 0xffffff8008082c0c], 288230359199289049
[0x7ca4647618, 0xffffff8008082c0c], 288230359199289049
[0x7ca14db080, 0xffffff8008082c0c], 288230359200098799
[0x7ca14da6c0, 0xffffff8008082c0c], 288230359200098838
[0x7ca4647618, 0xffffff8008082c0c], 288230359199289049
[0x7ca14da7c0, 0xffffff8008082c0c], 288230359200098834
[0x7ca14da7c0, 0xffffff8008082c0c], 288230359200098834
[0x7ca14db980, 0xffffff8008082c0c], 288230359200098763
[0x7ca4647618, 0xffffff8008082c0c], 288230359199289049
[0x7ca14da7c0, 0xffffff8008082c0c], 288230359200098834
[0x7ca14db980, 0xffffff8008082c0c], 288230359200098763
[0x7ca14db080, 0xffffff8008082c0c], 288230359200098799
[0x7ca14da6c0, 0xffffff8008082c0c], 288230359200098838
[0x7ca4647618, 0xffffff8008082c0c], 288230359199289049
[0x7ca14db080, 0xffffff8008082c0c], 288230359200098799
[0x7ca14da6c0, 0xffffff8008082c0c], 288230359200098838
[0x7ca4647618, 0xffffff8008082c0c], 288230359199289049
[0x7ca14db080, 0xffffff8008082c0c], 288230359200098799
[0x7ca14da6c0, 0xffffff8008082c0c], 288230359200098838
[0x7ca4647618, 0xffffff8008082c0c], 288230359199289049
[0x7ca14da7c0, 0xffffff8008082c0c], 288230359200098834
[0x7ca14db080, 0xffffff8008082c0c], 288230359200098799
[0x7ca14db080, 0xffffff8008082c0c], 288230359200098799
[0x7ca4647618, 0xffffff8008082c0c], 288230359199289049
[0x7ca4647618, 0xffffff8008082c0c], 288230359199289049
[0x7ca4647618, 0xffffff8008082c0c], 288230359199289049
[0x7ca4647618, 0xffffff8008082c0c], 288230359199289049
[0x7ca14db080, 0xffffff8008082c0c], 288230359200098799
[0x7ca14db080, 0xffffff8008082c0c], 288230359200098799
[0x7ca4647618, 0xffffff8008082c0c], 288230359199289049
[0x7ca14db820, 0xffffff8008082c0c], 288230359200098769
[0x78ffa1e5a0, 0xffffff8008082c0c], 288230359443806491
[0x78ffa1d820, 0xffffff8008082c0c], 288230359443806545
[0x78ffa1ee00, 0xffffff8008082c0c], 288230359443806457
[0x78ffa1d500, 0xffffff8008082c0c], 288230359443806557
[0x78ffa1d6c0, 0xffffff8008082c0c], 288230359443806550
[0x7519a48220, 0xffffff8008082c0c], 288230359705423529
[0x7519a95800, 0xffffff8008082c0c], 288230359705418577
[0x7ca148d220, 0xffffff8008082c0c], 288230359200103785
[0x7ca148d220, 0xffffff8008082c0c], 288230359200103785
[0x7ca148d220, 0xffffff8008082c0c], 288230359200103785
[0x7ca14da800, 0xffffff8008082c0c], 288230359200098833
[0x7ca4647618, 0xffffff8008082c0c], 288230359199289049
[0x7ca4647618, 0xffffff8008082c0c], 288230359199289049
[0x7ca14dbe00, 0xffffff8008082c0c], 288230359200098745
[0x7ca14db5a0, 0xffffff8008082c0c], 288230359200098779
[0x7ca148d220, 0xffffff8008082c0c], 288230359200103785
[0x7ca148d220, 0xffffff8008082c0c], 288230359200103785
[0x7ca148d220, 0xffffff8008082c0c], 288230359200103785
[0x7ca148d220, 0xffffff8008082c0c], 288230359200103785
[0x7ca4647618, 0xffffff8008082c0c], 288230359199289049
[0x7ca14da820, 0xffffff8008082c0c], 288230359200098833
[0x7ca14da780, 0xffffff8008082c0c], 288230359200098835
[0x7ca14da7c0, 0xffffff8008082c0c], 288230359200098834
[0x7ca14dbe00, 0xffffff8008082c0c], 288230359200098745
[0x7ca14dbe00, 0xffffff8008082c0c], 288230359200098745
[0x7ca14dbe00, 0xffffff8008082c0c], 288230359200098745
[0x7ca14da820, 0xffffff8008082c0c], 288230359200098833
[0x7ca14dbe00, 0xffffff8008082c0c], 288230359200098745
[0x7ca14da500, 0xffffff8008082c0c], 288230359200098845
[0x7ca14dbe00, 0xffffff8008082c0c], 288230359200098745
[0x7ca14da820, 0xffffff8008082c0c], 288230359200098833
[0x7ca14dbe00, 0xffffff8008082c0c], 288230359200098745
[0x7ca14da500, 0xffffff8008082c0c], 288230359200098845
[0x7ca14da7c0, 0xffffff8008082c0c], 288230359200098834
[0x7ca14dbe00, 0xffffff8008082c0c], 288230359200098745
[0x7ca14dbe00, 0xffffff8008082c0c], 288230359200098745
[0x7ca14dbe00, 0xffffff8008082c0c], 288230359200098745
[0x7ca14da820, 0xffffff8008082c0c], 288230359200098833
[0x7ca14dbe00, 0xffffff8008082c0c], 288230359200098745
[0x7ca14da500, 0xffffff8008082c0c], 288230359200098845
[0x7ca14dbe00, 0xffffff8008082c0c], 288230359200098745
[0x7ca14da820, 0xffffff8008082c0c], 288230359200098833
[0x7ca14dbe00, 0xffffff8008082c0c], 288230359200098745
[0x7ca14da500, 0xffffff8008082c0c], 288230359200098845
[0x7ca14da7c0, 0xffffff8008082c0c], 288230359200098834
[0x7ca14dbe00, 0xffffff8008082c0c], 288230359200098745
[0x7ca14dbe00, 0xffffff8008082c0c], 288230359200098745
[0x7ca14dbe00, 0xffffff8008082c0c], 288230359200098745
[0x7ca14da820, 0xffffff8008082c0c], 288230359200098833
[0x7ca14dbe00, 0xffffff8008082c0c], 288230359200098745
[0x7ca14da500, 0xffffff8008082c0c], 288230359200098845
[0x7ca14dbe00, 0xffffff8008082c0c], 288230359200098745
[0x7ca14da820, 0xffffff8008082c0c], 288230359200098833
[0x7ca14dbe00, 0xffffff8008082c0c], 288230359200098745
[0x7ca14da500, 0xffffff8008082c0c], 288230359200098845
[0x7ca14da7c0, 0xffffff8008082c0c], 288230359200098834
[0x7ca14dbe00, 0xffffff8008082c0c], 288230359200098745
[0x7ca14dbe00, 0xffffff8008082c0c], 288230359200098745
[0x7ca14dbe00, 0xffffff8008082c0c], 288230359200098745
[0x7ca14da820, 0xffffff8008082c0c], 288230359200098833
[0x7ca14dbe00, 0xffffff8008082c0c], 288230359200098745
[0x7ca14da500, 0xffffff8008082c0c], 288230359200098845
[0x7ca14dbe00, 0xffffff8008082c0c], 288230359200098745
[0x7ca14da820, 0xffffff8008082c0c], 288230359200098833
[0x7ca14dbe00, 0xffffff8008082c0c], 288230359200098745
[0x7ca14da500, 0xffffff8008082c0c], 288230359200098845
[0x7ca14da7c0, 0xffffff8008082c0c], 288230359200098834
[0x7ca14dbe00, 0xffffff8008082c0c], 288230359200098745
[0x7ca14dbe00, 0xffffff8008082c0c], 288230359200098745
[0x7ca14dbe00, 0xffffff8008082c0c], 288230359200098745
[0x7ca14da820, 0xffffff8008082c0c], 288230359200098833
[0x7ca14dbe00, 0xffffff8008082c0c], 288230359200098745
[0x7ca14da500, 0xffffff8008082c0c], 288230359200098845
[0x7ca14dbe00, 0xffffff8008082c0c], 288230359200098745
[0x7ca14da820, 0xffffff8008082c0c], 288230359200098833
[0x7ca14dbe00, 0xffffff8008082c0c], 288230359200098745
[0x7ca14da500, 0xffffff8008082c0c], 288230359200098845
[0x7ca14da7c0, 0xffffff8008082c0c], 288230359200098834
[0x7ca14dbe00, 0xffffff8008082c0c], 288230359200098745
[0x7ca14dbe00, 0xffffff8008082c0c], 288230359200098745
[0x7ca14dbe00, 0xffffff8008082c0c], 288230359200098745
[0x7ca14da820, 0xffffff8008082c0c], 288230359200098833
[0x7ca14dbe00, 0xffffff8008082c0c], 288230359200098745
[0x7ca14da500, 0xffffff8008082c0c], 288230359200098845
[0x7ca14dbe00, 0xffffff8008082c0c], 288230359200098745
[0x7ca14da820, 0xffffff8008082c0c], 288230359200098833
[0x7ca14dbe00, 0xffffff8008082c0c], 288230359200098745
[0x7ca14da500, 0xffffff8008082c0c], 288230359200098845
[0x7ca14da7c0, 0xffffff8008082c0c], 288230359200098834
[0x7ca14dbe00, 0xffffff8008082c0c], 288230359200098745
[0x7ca14dbe00, 0xffffff8008082c0c], 288230359200098745
[0x7ca14dbe00, 0xffffff8008082c0c], 288230359200098745
[0x7ca14da820, 0xffffff8008082c0c], 288230359200098833
[0x7ca14dbe00, 0xffffff8008082c0c], 288230359200098745
[0x7ca14da500, 0xffffff8008082c0c], 288230359200098845
[0x7ca14dbe00, 0xffffff8008082c0c], 288230359200098745
[0x7ca14da820, 0xffffff8008082c0c], 288230359200098833
[0x7ca14dbe00, 0xffffff8008082c0c], 288230359200098745
[0x7ca14da500, 0xffffff8008082c0c], 288230359200098845
[0x7ca14da7c0, 0xffffff8008082c0c], 288230359200098834
[0x7ca14dbe00, 0xffffff8008082c0c], 288230359200098745
[0x7ca14dbe00, 0xffffff8008082c0c], 288230359200098745
[0x7ca14dbe00, 0xffffff8008082c0c], 288230359200098745
[0x7ca14da820, 0xffffff8008082c0c], 288230359200098833
[0x7ca14dbe00, 0xffffff8008082c0c], 288230359200098745
[0x7ca14da500, 0xffffff8008082c0c], 288230359200098845
[0x7ca14dbe00, 0xffffff8008082c0c], 288230359200098745
[0x7ca14da820, 0xffffff8008082c0c], 288230359200098833
[0x7ca14dbe00, 0xffffff8008082c0c], 288230359200098745
[0x7ca14da500, 0xffffff8008082c0c], 288230359200098845
[0x7ca14da7c0, 0xffffff8008082c0c], 288230359200098834
[0x7ca14dbe00, 0xffffff8008082c0c], 288230359200098745
[0x7ca14dbe00, 0xffffff8008082c0c], 288230359200098745
[0x7ca14dbe00, 0xffffff8008082c0c], 288230359200098745
[0x7ca14da820, 0xffffff8008082c0c], 288230359200098833
[0x7ca14dbe00, 0xffffff8008082c0c], 288230359200098745
[0x7ca14da500, 0xffffff8008082c0c], 288230359200098845
[0x7ca14dbe00, 0xffffff8008082c0c], 288230359200098745
[0x7ca14da820, 0xffffff8008082c0c], 288230359200098833
[0x7ca14dbe00, 0xffffff8008082c0c], 288230359200098745
[0x7ca14da500, 0xffffff8008082c0c], 288230359200098845
[0x7ca14da7c0, 0xffffff8008082c0c], 288230359200098834
[0x7ca14dbe00, 0xffffff8008082c0c], 288230359200098745
[0x7ca14dbe00, 0xffffff8008082c0c], 288230359200098745
[0x7ca14dbe00, 0xffffff8008082c0c], 288230359200098745
[0x7ca14da820, 0xffffff8008082c0c], 288230359200098833
[0x7ca14dbe00, 0xffffff8008082c0c], 288230359200098745
[0x7ca14da500, 0xffffff8008082c0c], 288230359200098845
[0x7ca14dbe00, 0xffffff8008082c0c], 288230359200098745
[0x7ca14da820, 0xffffff8008082c0c], 288230359200098833
[0x7ca14dbe00, 0xffffff8008082c0c], 288230359200098745
[0x7ca14da500, 0xffffff8008082c0c], 288230359200098845
[0x7ca14da7c0, 0xffffff8008082c0c], 288230359200098834
[0x7ca14dbe00, 0xffffff8008082c0c], 288230359200098745
[0x7ca14dbe00, 0xffffff8008082c0c], 288230359200098745
[0x7ca14dbe00, 0xffffff8008082c0c], 288230359200098745
[0x7ca14da820, 0xffffff8008082c0c], 288230359200098833
[0x7ca14dbe00, 0xffffff8008082c0c], 288230359200098745
[0x7ca14da500, 0xffffff8008082c0c], 288230359200098845
[0x7ca14dbe00, 0xffffff8008082c0c], 288230359200098745
[0x7ca14da820, 0xffffff8008082c0c], 288230359200098833
[0x7ca14dbe00, 0xffffff8008082c0c], 288230359200098745
[0x7ca14da500, 0xffffff8008082c0c], 288230359200098845
[0x7ca14da7c0, 0xffffff8008082c0c], 288230359200098834
[0x7ca14dbe00, 0xffffff8008082c0c], 288230359200098745
15000000 instrs 
[0x7ca14dbe00, 0xffffff8008082c0c], 288230359200098745
[0x7ca14dbe00, 0xffffff8008082c0c], 288230359200098745
[0x7ca14da820, 0xffffff8008082c0c], 288230359200098833
[0x7ca14dbe00, 0xffffff8008082c0c], 288230359200098745
[0x7ca14da500, 0xffffff8008082c0c], 288230359200098845
[0x7ca14dbe00, 0xffffff8008082c0c], 288230359200098745
[0x7ca14da820, 0xffffff8008082c0c], 288230359200098833
[0x7ca14dbe00, 0xffffff8008082c0c], 288230359200098745
[0x7ca14da500, 0xffffff8008082c0c], 288230359200098845
[0x7ca14da7c0, 0xffffff8008082c0c], 288230359200098834
[0x7ca14dbe00, 0xffffff8008082c0c], 288230359200098745
[0x7ca14dbe00, 0xffffff8008082c0c], 288230359200098745
[0x7ca14dbe00, 0xffffff8008082c0c], 288230359200098745
[0x7ca14da820, 0xffffff8008082c0c], 288230359200098833
[0x7ca14dbe00, 0xffffff8008082c0c], 288230359200098745
[0x7ca14da500, 0xffffff8008082c0c], 288230359200098845
[0x7ca14dbe00, 0xffffff8008082c0c], 288230359200098745
[0x7ca14da820, 0xffffff8008082c0c], 288230359200098833
[0x7ca14dbe00, 0xffffff8008082c0c], 288230359200098745
[0x7ca14da500, 0xffffff8008082c0c], 288230359200098845
[0x7ca14da7c0, 0xffffff8008082c0c], 288230359200098834
[0x7ca14dbe00, 0xffffff8008082c0c], 288230359200098745
[0x7ca14dbe00, 0xffffff8008082c0c], 288230359200098745
[0x7ca14dbe00, 0xffffff8008082c0c], 288230359200098745
[0x7ca14da820, 0xffffff8008082c0c], 288230359200098833
[0x7ca14dbe00, 0xffffff8008082c0c], 288230359200098745
[0x7ca14da500, 0xffffff8008082c0c], 288230359200098845
[0x7ca14dbe00, 0xffffff8008082c0c], 288230359200098745
[0x7ca14da820, 0xffffff8008082c0c], 288230359200098833
[0x7ca14dbe00, 0xffffff8008082c0c], 288230359200098745
[0x7ca14da500, 0xffffff8008082c0c], 288230359200098845
[0x7ca14da7c0, 0xffffff8008082c0c], 288230359200098834
[0x7ca14dbe00, 0xffffff8008082c0c], 288230359200098745
[0x7ca14dbe00, 0xffffff8008082c0c], 288230359200098745
[0x7ca14dbe00, 0xffffff8008082c0c], 288230359200098745
[0x7ca14da820, 0xffffff8008082c0c], 288230359200098833
[0x7ca14dbe00, 0xffffff8008082c0c], 288230359200098745
[0x7ca14da500, 0xffffff8008082c0c], 288230359200098845
[0x7ca14dbe00, 0xffffff8008082c0c], 288230359200098745
[0x7ca14da820, 0xffffff8008082c0c], 288230359200098833
[0x7ca14dbe00, 0xffffff8008082c0c], 288230359200098745
[0x7ca14da500, 0xffffff8008082c0c], 288230359200098845
[0x7ca14da7c0, 0xffffff8008082c0c], 288230359200098834
[0x7ca14dbe00, 0xffffff8008082c0c], 288230359200098745
[0x7ca14dbe00, 0xffffff8008082c0c], 288230359200098745
[0x7ca14dbe00, 0xffffff8008082c0c], 288230359200098745
[0x7ca14da820, 0xffffff8008082c0c], 288230359200098833
[0x7ca14dbe00, 0xffffff8008082c0c], 288230359200098745
[0x7ca14da500, 0xffffff8008082c0c], 288230359200098845
[0x7ca14dbe00, 0xffffff8008082c0c], 288230359200098745
[0x7ca14da820, 0xffffff8008082c0c], 288230359200098833
[0x7ca14dbe00, 0xffffff8008082c0c], 288230359200098745
[0x7ca14da500, 0xffffff8008082c0c], 288230359200098845
[0x7ca14da7c0, 0xffffff8008082c0c], 288230359200098834
[0x7ca14dbe00, 0xffffff8008082c0c], 288230359200098745
[0x7ca14dbe00, 0xffffff8008082c0c], 288230359200098745
[0x7ca14dbe00, 0xffffff8008082c0c], 288230359200098745
[0x7ca14da820, 0xffffff8008082c0c], 288230359200098833
[0x7ca14dbe00, 0xffffff8008082c0c], 288230359200098745
[0x7ca14da500, 0xffffff8008082c0c], 288230359200098845
[0x7ca14da7c0, 0xffffff8008082c0c], 288230359200098834
[0x7ca14dbe00, 0xffffff8008082c0c], 288230359200098745
[0x7ca14dbe00, 0xffffff8008082c0c], 288230359200098745
[0x7ca14dbe00, 0xffffff8008082c0c], 288230359200098745
[0x7ca14da820, 0xffffff8008082c0c], 288230359200098833
[0x7ca14dbe00, 0xffffff8008082c0c], 288230359200098745
[0x7ca14da500, 0xffffff8008082c0c], 288230359200098845
[0x7ca14dbe00, 0xffffff8008082c0c], 288230359200098745
[0x7ca14da820, 0xffffff8008082c0c], 288230359200098833
[0x7ca14dbe00, 0xffffff8008082c0c], 288230359200098745
[0x7ca14da500, 0xffffff8008082c0c], 288230359200098845
[0x7ca14da7c0, 0xffffff8008082c0c], 288230359200098834
[0x7ca14dbe00, 0xffffff8008082c0c], 288230359200098745
[0x7ca14dbe00, 0xffffff8008082c0c], 288230359200098745
[0x7ca14dbe00, 0xffffff8008082c0c], 288230359200098745
[0x7ca14da820, 0xffffff8008082c0c], 288230359200098833
[0x7ca14dbe00, 0xffffff8008082c0c], 288230359200098745
[0x7ca14da500, 0xffffff8008082c0c], 288230359200098845
[0x7ca14dbe00, 0xffffff8008082c0c], 288230359200098745
[0x7ca14da820, 0xffffff8008082c0c], 288230359200098833
[0x7ca14dbe00, 0xffffff8008082c0c], 288230359200098745
[0x7ca14da500, 0xffffff8008082c0c], 288230359200098845
[0x7ca14da7c0, 0xffffff8008082c0c], 288230359200098834
[0x7ca14dbe00, 0xffffff8008082c0c], 288230359200098745
[0x7ca14dbe00, 0xffffff8008082c0c], 288230359200098745
[0x7ca14dbe00, 0xffffff8008082c0c], 288230359200098745
[0x7ca14da820, 0xffffff8008082c0c], 288230359200098833
[0x7ca14dbe00, 0xffffff8008082c0c], 288230359200098745
[0x7ca14da500, 0xffffff8008082c0c], 288230359200098845
[0x7ca14dbe00, 0xffffff8008082c0c], 288230359200098745
[0x7ca14da820, 0xffffff8008082c0c], 288230359200098833
[0x7ca14dbe00, 0xffffff8008082c0c], 288230359200098745
[0x7ca14da500, 0xffffff8008082c0c], 288230359200098845
[0x7ca14da7c0, 0xffffff8008082c0c], 288230359200098834
[0x7ca14dbe00, 0xffffff8008082c0c], 288230359200098745
[0x7ca14dbe00, 0xffffff8008082c0c], 288230359200098745
[0x7ca14dbe00, 0xffffff8008082c0c], 288230359200098745
[0x7ca14da820, 0xffffff8008082c0c], 288230359200098833
[0x7ca14dbe00, 0xffffff8008082c0c], 288230359200098745
[0x7ca14da500, 0xffffff8008082c0c], 288230359200098845
[0x7ca14dbe00, 0xffffff8008082c0c], 288230359200098745
[0x7ca14da820, 0xffffff8008082c0c], 288230359200098833
[0x7ca14dbe00, 0xffffff8008082c0c], 288230359200098745
[0x7ca14da500, 0xffffff8008082c0c], 288230359200098845
[0x7ca14da7c0, 0xffffff8008082c0c], 288230359200098834
[0x7ca14dbe00, 0xffffff8008082c0c], 288230359200098745
[0x7ca14dbe00, 0xffffff8008082c0c], 288230359200098745
[0x7ca14dbe00, 0xffffff8008082c0c], 288230359200098745
[0x7ca14da820, 0xffffff8008082c0c], 288230359200098833
[0x7ca14dbe00, 0xffffff8008082c0c], 288230359200098745
[0x7ca14da500, 0xffffff8008082c0c], 288230359200098845
[0x7ca14dbe00, 0xffffff8008082c0c], 288230359200098745
[0x7ca14da820, 0xffffff8008082c0c], 288230359200098833
[0x7ca14dbe00, 0xffffff8008082c0c], 288230359200098745
[0x7ca14da500, 0xffffff8008082c0c], 288230359200098845
[0x7ca14da7c0, 0xffffff8008082c0c], 288230359200098834
[0x7ca14dbe00, 0xffffff8008082c0c], 288230359200098745
[0x7ca14dbe00, 0xffffff8008082c0c], 288230359200098745
[0x7ca14dbe00, 0xffffff8008082c0c], 288230359200098745
[0x7ca14da820, 0xffffff8008082c0c], 288230359200098833
[0x7ca14dbe00, 0xffffff8008082c0c], 288230359200098745
[0x7ca14da500, 0xffffff8008082c0c], 288230359200098845
[0x7ca14dbe00, 0xffffff8008082c0c], 288230359200098745
[0x7ca14da820, 0xffffff8008082c0c], 288230359200098833
[0x7ca14dbe00, 0xffffff8008082c0c], 288230359200098745
[0x7ca14da500, 0xffffff8008082c0c], 288230359200098845
[0x7ca14da7c0, 0xffffff8008082c0c], 288230359200098834
[0x7ca14dbe00, 0xffffff8008082c0c], 288230359200098745
[0x7ca14dbe00, 0xffffff8008082c0c], 288230359200098745
[0x7ca14dbe00, 0xffffff8008082c0c], 288230359200098745
[0x7ca14da820, 0xffffff8008082c0c], 288230359200098833
[0x7ca14dbe00, 0xffffff8008082c0c], 288230359200098745
[0x7ca14da500, 0xffffff8008082c0c], 288230359200098845
[0x7ca14dbe00, 0xffffff8008082c0c], 288230359200098745
[0x7ca14da820, 0xffffff8008082c0c], 288230359200098833
[0x7ca14dbe00, 0xffffff8008082c0c], 288230359200098745
[0x7ca14da500, 0xffffff8008082c0c], 288230359200098845
[0x7ca14da7c0, 0xffffff8008082c0c], 288230359200098834
[0x7ca14dbe00, 0xffffff8008082c0c], 288230359200098745
[0x7ca14dbe00, 0xffffff8008082c0c], 288230359200098745
[0x7ca14dbe00, 0xffffff8008082c0c], 288230359200098745
[0x7ca14da820, 0xffffff8008082c0c], 288230359200098833
[0x7ca14dbe00, 0xffffff8008082c0c], 288230359200098745
[0x7ca14da500, 0xffffff8008082c0c], 288230359200098845
[0x7ca14dbe00, 0xffffff8008082c0c], 288230359200098745
[0x7ca14da820, 0xffffff8008082c0c], 288230359200098833
[0x7ca14dbe00, 0xffffff8008082c0c], 288230359200098745
[0x7ca14da500, 0xffffff8008082c0c], 288230359200098845
[0x7ca14da780, 0xffffff8008082c0c], 288230359200098835
[0x7ca14da500, 0xffffff8008082c0c], 288230359200098845
[0x7ca14db080, 0xffffff8008082c0c], 288230359200098799
[0x7ca14da6c0, 0xffffff8008082c0c], 288230359200098838
[0x7ca4647618, 0xffffff8008082c0c], 288230359199289049
[0x7ca14da6c0, 0xffffff8008082c0c], 288230359200098838
[0x7ca14da7c0, 0xffffff8008082c0c], 288230359200098834
[0x7ca14db980, 0xffffff8008082c0c], 288230359200098763
[0x7ca14da7c0, 0xffffff8008082c0c], 288230359200098834
[0x7ca14db980, 0xffffff8008082c0c], 288230359200098763
[0x7ca4647618, 0xffffff8008082c0c], 288230359199289049
[0x7ca4647618, 0xffffff8008082c0c], 288230359199289049
[0x7ca14dbe00, 0xffffff8008082c0c], 288230359200098745
[0x7ca4647618, 0xffffff8008082c0c], 288230359199289049
[0x7ca4647618, 0xffffff8008082c0c], 288230359199289049
[0x7ca14dbe20, 0xffffff8008082c0c], 288230359200098745
[0x7ca14db080, 0xffffff8008082c0c], 288230359200098799
[0x7ca14da6c0, 0xffffff8008082c0c], 288230359200098838
[0x7ca4647618, 0xffffff8008082c0c], 288230359199289049
[0x7ca14da6c0, 0xffffff8008082c0c], 288230359200098838
[0x7ca14db5a0, 0xffffff8008082c0c], 288230359200098779
[0x7ca4647618, 0xffffff8008082c0c], 288230359199289049
[0x7ca4647618, 0xffffff8008082c0c], 288230359199289049
[0x7ca14da7c0, 0xffffff8008082c0c], 288230359200098834
[0x7ca4647618, 0xffffff8008082c0c], 288230359199289049
[0x7ca4647618, 0xffffff8008082c0c], 288230359199289049
[0x7ca14dbe00, 0xffffff8008082c0c], 288230359200098745
[0x7ca4647618, 0xffffff8008082c0c], 288230359199289049
[0x7ca4647618, 0xffffff8008082c0c], 288230359199289049
[0x7ca4647618, 0xffffff8008082c0c], 288230359199289049
[0x7ca14dbe00, 0xffffff8008082c0c], 288230359200098745
[0x7ca4647618, 0xffffff8008082c0c], 288230359199289049
[0x7ca4647618, 0xffffff8008082c0c], 288230359199289049
[0x7ca4647618, 0xffffff8008082c0c], 288230359199289049
[0x7ca14dbe00, 0xffffff8008082c0c], 288230359200098745
[0x7ca4647618, 0xffffff8008082c0c], 288230359199289049
[0x7ca4647618, 0xffffff8008082c0c], 288230359199289049
[0x7ca4647618, 0xffffff8008082c0c], 288230359199289049
[0x7ca4647618, 0xffffff8008082c0c], 288230359199289049
[0x7ca4647618, 0xffffff8008082c0c], 288230359199289049
[0x7ca4647618, 0xffffff8008082c0c], 288230359199289049
[0x7ca4647618, 0xffffff8008082c0c], 288230359199289049
[0x7ca4647618, 0xffffff8008082c0c], 288230359199289049
[0x7ca4647618, 0xffffff8008082c0c], 288230359199289049
[0x7ca14da800, 0xffffff8008082c0c], 288230359200098833
[0x7ca14da800, 0xffffff8008082c0c], 288230359200098833
[0x7ca4647618, 0xffffff8008082c0c], 288230359199289049
[0x7ca4647618, 0xffffff8008082c0c], 288230359199289049
[0x7ca4647618, 0xffffff8008082c0c], 288230359199289049
[0x7ca4647618, 0xffffff8008082c0c], 288230359199289049
[0x7ca4647618, 0xffffff8008082c0c], 288230359199289049
[0x7ca4647618, 0xffffff8008082c0c], 288230359199289049
[0x7ca14dbe00, 0xffffff8008082c0c], 288230359200098745
[0x7ca4647618, 0xffffff8008082c0c], 288230359199289049
[0x7ca4647618, 0xffffff8008082c0c], 288230359199289049
[0x7ca4647618, 0xffffff8008082c0c], 288230359199289049
[0x7ca4647618, 0xffffff8008082c0c], 288230359199289049
[0x7ca14da800, 0xffffff8008082c0c], 288230359200098833
[0x7ca14da800, 0xffffff8008082c0c], 288230359200098833
[0x7ca4647618, 0xffffff8008082c0c], 288230359199289049
[0x7ca4647618, 0xffffff8008082c0c], 288230359199289049
[0x7ca4647618, 0xffffff8008082c0c], 288230359199289049
[0x7ca4647618, 0xffffff8008082c0c], 288230359199289049
[0x7ca4647618, 0xffffff8008082c0c], 288230359199289049
[0x7ca4647618, 0xffffff8008082c0c], 288230359199289049
[0x7ca4647618, 0xffffff8008082c0c], 288230359199289049
[0x7ca4647618, 0xffffff8008082c0c], 288230359199289049
[0x7ca14dbe00, 0xffffff8008082c0c], 288230359200098745
[0x7ca4647618, 0xffffff8008082c0c], 288230359199289049
[0x7ca14da7c0, 0xffffff8008082c0c], 288230359200098834
[0x7ca4647618, 0xffffff8008082c0c], 288230359199289049
[0x7ca14db080, 0xffffff8008082c0c], 288230359200098799
[0x7ca14da6c0, 0xffffff8008082c0c], 288230359200098838
[0x7ca4647618, 0xffffff8008082c0c], 288230359199289049
[0x7ca14da6c0, 0xffffff8008082c0c], 288230359200098838
[0x7ca14db5a0, 0xffffff8008082c0c], 288230359200098779
[0x7ca4647618, 0xffffff8008082c0c], 288230359199289049
[0x7ca4647618, 0xffffff8008082c0c], 288230359199289049
[0x7ca4647618, 0xffffff8008082c0c], 288230359199289049
[0x7ca14db080, 0xffffff8008082c0c], 288230359200098799
[0x7ca14da6c0, 0xffffff8008082c0c], 288230359200098838
[0x7ca4647618, 0xffffff8008082c0c], 288230359199289049
[0x7ca4647618, 0xffffff8008082c0c], 288230359199289049
[0x7ca4647618, 0xffffff8008082c0c], 288230359199289049
[0x7ca4647618, 0xffffff8008082c0c], 288230359199289049
[0x7ca14db080, 0xffffff8008082c0c], 288230359200098799
[0x7ca14da6c0, 0xffffff8008082c0c], 288230359200098838
[0x7ca4647618, 0xffffff8008082c0c], 288230359199289049
[0x7ca4647618, 0xffffff8008082c0c], 288230359199289049
[0x7ca4647618, 0xffffff8008082c0c], 288230359199289049
[0x7ca4647618, 0xffffff8008082c0c], 288230359199289049
[0x7ca14db080, 0xffffff8008082c0c], 288230359200098799
[0x7ca14da6c0, 0xffffff8008082c0c], 288230359200098838
[0x7ca4647618, 0xffffff8008082c0c], 288230359199289049
[0x7ca14da6c0, 0xffffff8008082c0c], 288230359200098838
[0x7ca14db5a0, 0xffffff8008082c0c], 288230359200098779
[0x7ca4647618, 0xffffff8008082c0c], 288230359199289049
[0x7ca4647618, 0xffffff8008082c0c], 288230359199289049
[0x7ca4647618, 0xffffff8008082c0c], 288230359199289049
[0x7ca4647618, 0xffffff8008082c0c], 288230359199289049
[0x7ca4647618, 0xffffff8008082c0c], 288230359199289049
[0x7ca14da7c0, 0xffffff8008082c0c], 288230359200098834
[0x7ca4647618, 0xffffff8008082c0c], 288230359199289049
[0x7ca4647618, 0xffffff8008082c0c], 288230359199289049
[0x7ca4647618, 0xffffff8008082c0c], 288230359199289049
[0x7ca4647618, 0xffffff8008082c0c], 288230359199289049
[0x7ca4647618, 0xffffff8008082c0c], 288230359199289049
[0x7ca14db080, 0xffffff8008082c0c], 288230359200098799
[0x7ca14da6c0, 0xffffff8008082c0c], 288230359200098838
[0x7ca4647618, 0xffffff8008082c0c], 288230359199289049
[0x7ca4647618, 0xffffff8008082c0c], 288230359199289049
[0x7ca4647618, 0xffffff8008082c0c], 288230359199289049
[0x7ca4647618, 0xffffff8008082c0c], 288230359199289049
[0x7ca4647618, 0xffffff8008082c0c], 288230359199289049
[0x7ca4647618, 0xffffff8008082c0c], 288230359199289049
[0x7ca4647618, 0xffffff8008082c0c], 288230359199289049
[0x7ca14db080, 0xffffff8008082c0c], 288230359200098799
[0x7ca14da6c0, 0xffffff8008082c0c], 288230359200098838
[0x7ca4647618, 0xffffff8008082c0c], 288230359199289049
[0x7ca4647618, 0xffffff8008082c0c], 288230359199289049
[0x7ca4647618, 0xffffff8008082c0c], 288230359199289049
[0x7ca4647618, 0xffffff8008082c0c], 288230359199289049
[0x7ca14db080, 0xffffff8008082c0c], 288230359200098799
[0x7ca14da6c0, 0xffffff8008082c0c], 288230359200098838
[0x7ca4647618, 0xffffff8008082c0c], 288230359199289049
[0x7ca14da6c0, 0xffffff8008082c0c], 288230359200098838
[0x7bbc06c220, 0xffffff8008082c0c], 288230359260202409
[0x7bbc0b9800, 0xffffff8008082c0c], 288230359260197457
[0x7ca14db5a0, 0xffffff8008082c0c], 288230359200098779
[0x7ca4647618, 0xffffff8008082c0c], 288230359199289049
[0x7ca4647388, 0xffffff8008082c0c], 288230359199289059
[0x7ca14da7c0, 0xffffff8008082c0c], 288230359200098834
[0x7ca14db080, 0xffffff8008082c0c], 288230359200098799
[0x7ca14da6c0, 0xffffff8008082c0c], 288230359200098838
[0x7ca4647618, 0xffffff8008082c0c], 288230359199289049
[0x7ca14da6c0, 0xffffff8008082c0c], 288230359200098838
[0x7e78b5a220, 0xffffff8008082c0c], 288230359076522537
[0x7e78b5a220, 0xffffff8008082c0c], 288230359076522537
[0x7e78ba7800, 0xffffff8008082c0c], 288230359076517585
[0x7e78b5a220, 0xffffff8008082c0c], 288230359076522537
[0x7e78b5a220, 0xffffff8008082c0c], 288230359076522537
[0x7e78ba7800, 0xffffff8008082c0c], 288230359076517585
[0x7ca14db5a0, 0xffffff8008082c0c], 288230359200098779
[0x7ca4647618, 0xffffff8008082c0c], 288230359199289049
[0x7ca14db380, 0xffffff8008082c0c], 288230359200098787
[0x7c1e1b0134, 0xffffff8008082c0c], 288230359234491565
[0x7ca14db080, 0xffffff8008082c0c], 288230359200098799
[0x7ca14da6c0, 0xffffff8008082c0c], 288230359200098838
[0x7ca4647618, 0xffffff8008082c0c], 288230359199289049
[0x7ca14da6c0, 0xffffff8008082c0c], 288230359200098838
[0x7bb18f1840, 0xffffff8008082c0c], 288230359262946384
[0x7bb18f1840, 0xffffff8008082c0c], 288230359262946384
[0x7bb18f1800, 0xffffff8008082c0c], 288230359262946385
[0x7bb18f1800, 0xffffff8008082c0c], 288230359262946385
[0x7bb18f1800, 0xffffff8008082c0c], 288230359262946385
[0x7bbc0b9800, 0xffffff8008082c0c], 288230359260197457
[0x734e4be660, 0xffffff8008082c0c], 288230359825838360
[0x734fc34388, 0xffffff8008082c0c], 288230359825453987
[0x734e470220, 0xffffff8008082c0c], 288230359825843369
[0x734e4bd840, 0xffffff8008082c0c], 288230359825838416
[0x734e470220, 0xffffff8008082c0c], 288230359825843369
[0x7ca148d220, 0xffffff8008082c0c], 288230359200103785
[0x7ca4647388, 0xffffff8008082c0c], 288230359199289059
[0x7ca14da7c0, 0xffffff8008082c0c], 288230359200098834
[0x7ca14da7c0, 0xffffff8008082c0c], 288230359200098834
[0x7ca14db980, 0xffffff8008082c0c], 288230359200098763
[0x7ca14da7c0, 0xffffff8008082c0c], 288230359200098834
[0x7ca14db980, 0xffffff8008082c0c], 288230359200098763
[0x7ca14da800, 0xffffff8008082c0c], 288230359200098833
[0x7ca148d220, 0xffffff8008082c0c], 288230359200103785
[0x7ca14da800, 0xffffff8008082c0c], 288230359200098833
[0x7bbc06c220, 0xffffff8008082c0c], 288230359260202409
[0x7bbc0b9800, 0xffffff8008082c0c], 288230359260197457
[0x7bbc06c220, 0xffffff8008082c0c], 288230359260202409
[0x7bbc06c220, 0xffffff8008082c0c], 288230359260202409
[0x7bbc0b9800, 0xffffff8008082c0c], 288230359260197457
[0x7ca14db5a0, 0xffffff8008082c0c], 288230359200098779
[0x7ca4647618, 0xffffff8008082c0c], 288230359199289049
[0x7ca4647618, 0xffffff8008082c0c], 288230359199289049
[0x7ca4647618, 0xffffff8008082c0c], 288230359199289049
[0x7ca14db080, 0xffffff8008082c0c], 288230359200098799
[0x7ca14da6c0, 0xffffff8008082c0c], 288230359200098838
[0x7ca4647618, 0xffffff8008082c0c], 288230359199289049
[0x7ca4647618, 0xffffff8008082c0c], 288230359199289049
[0x7ca14da820, 0xffffff8008082c0c], 288230359200098833
[0x7ca14dae00, 0xffffff8008082c0c], 288230359200098809
[0x7ca14dbe00, 0xffffff8008082c0c], 288230359200098745
[0x7ca14db060, 0xffffff8008082c0c], 288230359200098800
[0x7ca14da500, 0xffffff8008082c0c], 288230359200098845
[0x7ca4647618, 0xffffff8008082c0c], 288230359199289049
[0x7ca14db080, 0xffffff8008082c0c], 288230359200098799
[0x7ca14da6c0, 0xffffff8008082c0c], 288230359200098838
[0x7ca4647618, 0xffffff8008082c0c], 288230359199289049
[0x7ca14da6c0, 0xffffff8008082c0c], 288230359200098838
[0x7ca14db080, 0xffffff8008082c0c], 288230359200098799
[0x7ca4647618, 0xffffff8008082c0c], 288230359199289049
[0x7ca14dae20, 0xffffff8008082c0c], 288230359200098809
[0x7ca14dae20, 0xffffff8008082c0c], 288230359200098809
[0x7ca0440bf4, 0xffffff8008082c0c], 288230359200370818
[0x7ca0440c08, 0xffffff8008082c0c], 288230359200370817
[0x7ca0440c14, 0xffffff8008082c0c], 288230359200370817
[0x7ca0440c08, 0xffffff8008082c0c], 288230359200370817
[0x7ca0440c14, 0xffffff8008082c0c], 288230359200370817
[0x7ca0440c08, 0xffffff8008082c0c], 288230359200370817
[0x7ca0440c14, 0xffffff8008082c0c], 288230359200370817
[0x7ca0440c08, 0xffffff8008082c0c], 288230359200370817
[0x7ca0440c14, 0xffffff8008082c0c], 288230359200370817
[0x7ca0440c08, 0xffffff8008082c0c], 288230359200370817
[0x7ca0440c14, 0xffffff8008082c0c], 288230359200370817
[0x7ca0440c08, 0xffffff8008082c0c], 288230359200370817
[0x7ca0440c14, 0xffffff8008082c0c], 288230359200370817
[0x7ca4647618, 0xffffff8008082c0c], 288230359199289049
[0x7ca14db080, 0xffffff8008082c0c], 288230359200098799
[0x7c1dd74f38, 0xffffff8008082c0c], 288230359234560885
[0x7ca14db080, 0xffffff8008082c0c], 288230359200098799
[0x7ca0444b64, 0xffffff8008082c0c], 288230359200370564
[0x7ca04409b4, 0xffffff8008082c0c], 288230359200370827
[0x7ca043fb10, 0xffffff8008082c0c], 288230359200370885
[0x7ca043fb10, 0xffffff8008082c0c], 288230359200370885
[0x7ca043fb10, 0xffffff8008082c0c], 288230359200370885
[0x7ca043fc98, 0xffffff8008082c0c], 288230359200370879
[0x7ca043fc98, 0xffffff8008082c0c], 288230359200370879
[0x7ca043fc80, 0xffffff8008082c0c], 288230359200370879
[0x7ca043fc80, 0xffffff8008082c0c], 288230359200370879
[0x7ca148c1f0, 0xffffff8008082c0c], 288230359200103850
[0x7ca148c220, 0xffffff8008082c0c], 288230359200103849
[0x7ca148c220, 0xffffff8008082c0c], 288230359200103849
[0x7ca148c220, 0xffffff8008082c0c], 288230359200103849
[0x7ca148c220, 0xffffff8008082c0c], 288230359200103849
[0x7ca148c220, 0xffffff8008082c0c], 288230359200103849
[0x7ca148c220, 0xffffff8008082c0c], 288230359200103849
[0x7ca148c220, 0xffffff8008082c0c], 288230359200103849
[0x7ca043fc80, 0xffffff8008082c0c], 288230359200370879
[0x7ca043fc80, 0xffffff8008082c0c], 288230359200370879
[0x7ca148c220, 0xffffff8008082c0c], 288230359200103849
[0x7ca148c1f0, 0xffffff8008082c0c], 288230359200103850
[0x7ca148c220, 0xffffff8008082c0c], 288230359200103849
[0x7ca148c220, 0xffffff8008082c0c], 288230359200103849
[0x7ca148c220, 0xffffff8008082c0c], 288230359200103849
[0x7ca148c1f0, 0xffffff8008082c0c], 288230359200103850
[0x7ca148c220, 0xffffff8008082c0c], 288230359200103849
[0x7ca148c220, 0xffffff8008082c0c], 288230359200103849
[0x7ca148c220, 0xffffff8008082c0c], 288230359200103849
[0x7ca043fd34, 0xffffff8008082c0c], 288230359200370877
[0x7ca043fc80, 0xffffff8008082c0c], 288230359200370879
[0x7ca043fc80, 0xffffff8008082c0c], 288230359200370879
[0x7ca043fc80, 0xffffff8008082c0c], 288230359200370879
[0x7ca043fc80, 0xffffff8008082c0c], 288230359200370879
[0x7ca043fc80, 0xffffff8008082c0c], 288230359200370879
[0x7ca043fc80, 0xffffff8008082c0c], 288230359200370879
[0x7ca043fc80, 0xffffff8008082c0c], 288230359200370879
[0x7ca043fc80, 0xffffff8008082c0c], 288230359200370879
[0x7ca043fc80, 0xffffff8008082c0c], 288230359200370879
[0x7ca043fc80, 0xffffff8008082c0c], 288230359200370879
[0x7ca043fc80, 0xffffff8008082c0c], 288230359200370879
[0x7ca043fc80, 0xffffff8008082c0c], 288230359200370879
[0x7ca043fc80, 0xffffff8008082c0c], 288230359200370879
[0x7ca043fc80, 0xffffff8008082c0c], 288230359200370879
[0x7ca043fc80, 0xffffff8008082c0c], 288230359200370879
[0x7ca148c1f0, 0xffffff8008082c0c], 288230359200103850
[0x7ca043fc80, 0xffffff8008082c0c], 288230359200370879
[0x7ca043fc80, 0xffffff8008082c0c], 288230359200370879
[0x7ca043fc80, 0xffffff8008082c0c], 288230359200370879
[0x7ca043fc80, 0xffffff8008082c0c], 288230359200370879
[0x7ca043fc80, 0xffffff8008082c0c], 288230359200370879
[0x7ca043fc80, 0xffffff8008082c0c], 288230359200370879
[0x7ca043fc80, 0xffffff8008082c0c], 288230359200370879
[0x7ca043fc80, 0xffffff8008082c0c], 288230359200370879
[0x7ca043fc80, 0xffffff8008082c0c], 288230359200370879
[0x7ca043fc80, 0xffffff8008082c0c], 288230359200370879
[0x7ca1462f84, 0xffffff8008082c0c], 288230359200106483
[0x7ca1462f88, 0xffffff8008082c0c], 288230359200106483
[0x7ca148c1f0, 0xffffff8008082c0c], 288230359200103850
[0x7ca148c220, 0xffffff8008082c0c], 288230359200103849
[0x7ca148c220, 0xffffff8008082c0c], 288230359200103849
[0x7ca148c220, 0xffffff8008082c0c], 288230359200103849
[0x7ca148c220, 0xffffff8008082c0c], 288230359200103849
[0x7ca043fc80, 0xffffff8008082c0c], 288230359200370879
[0x7ca043fc80, 0xffffff8008082c0c], 288230359200370879
[0x7ca043fc80, 0xffffff8008082c0c], 288230359200370879
[0x7ca043fc80, 0xffffff8008082c0c], 288230359200370879
[0x7ca043fc80, 0xffffff8008082c0c], 288230359200370879
[0x7ca148c1f0, 0xffffff8008082c0c], 288230359200103850
[0x7ca148c220, 0xffffff8008082c0c], 288230359200103849
[0x7ca148c220, 0xffffff8008082c0c], 288230359200103849
[0x7ca148c220, 0xffffff8008082c0c], 288230359200103849
[0x7ca148c220, 0xffffff8008082c0c], 288230359200103849
[0x7ca043fc80, 0xffffff8008082c0c], 288230359200370879
[0x7ca043fc80, 0xffffff8008082c0c], 288230359200370879
[0x7ca043fc80, 0xffffff8008082c0c], 288230359200370879
[0x7ca043fc80, 0xffffff8008082c0c], 288230359200370879
[0x7ca043fc80, 0xffffff8008082c0c], 288230359200370879
[0x7ca148c220, 0xffffff8008082c0c], 288230359200103849
[0x7ca148c440, 0xffffff8008082c0c], 288230359200103840
[0x7ca0440bf4, 0xffffff8008082c0c], 288230359200370818
[0x7ca0440c08, 0xffffff8008082c0c], 288230359200370817
[0x7ca0440c14, 0xffffff8008082c0c], 288230359200370817
[0x7ca0440c08, 0xffffff8008082c0c], 288230359200370817
[0x7ca0440c14, 0xffffff8008082c0c], 288230359200370817
[0x7ca0440c08, 0xffffff8008082c0c], 288230359200370817
[0x7ca0440c14, 0xffffff8008082c0c], 288230359200370817
[0x7ca0440c08, 0xffffff8008082c0c], 288230359200370817
[0x7ca0440c14, 0xffffff8008082c0c], 288230359200370817
[0x7c1dd75028, 0xffffff8008082c0c], 288230359234560881
[0x7ca0440d48, 0xffffff8008082c0c], 288230359200370812
[0x7ca4647618, 0xffffff8008082c0c], 288230359199289049
[0x7ca14db080, 0xffffff8008082c0c], 288230359200098799
[0x7ca14dbe20, 0xffffff8008082c0c], 288230359200098745
[0x7ca14db4a0, 0xffffff8008082c0c], 288230359200098783
[0x7ca14db4a0, 0xffffff8008082c0c], 288230359200098783
[0x7ca14db340, 0xffffff8008082c0c], 288230359200098788
[0x7ca148c1f0, 0xffffff8008082c0c], 288230359200103850
[0x7ca14db400, 0xffffff8008082c0c], 288230359200098785
[0x7ca14db4a0, 0xffffff8008082c0c], 288230359200098783
[0x7ca14db4a0, 0xffffff8008082c0c], 288230359200098783
[0x7ca14db340, 0xffffff8008082c0c], 288230359200098788
[0x7ca148c1f0, 0xffffff8008082c0c], 288230359200103850
[0x7ca14db400, 0xffffff8008082c0c], 288230359200098785
[0x700ba704, 0xffffff8008082c0c], 288230367534510613
[0x7c9f849a3c, 0xffffff8008082c0c], 288230359200566857
[0x7ca14db4a0, 0xffffff8008082c0c], 288230359200098783
[0x7ca14db4a0, 0xffffff8008082c0c], 288230359200098783
[0x7ca14db340, 0xffffff8008082c0c], 288230359200098788
[0x7ca148c1f0, 0xffffff8008082c0c], 288230359200103850
[0x7ca14db400, 0xffffff8008082c0c], 288230359200098785
[0x7000e83c, 0xffffff8008082c0c], 288230367534521617
[0x70d761e8, 0xffffff8008082c0c], 288230367534301994
[0x7c1e01dd74, 0xffffff8008082c0c], 288230359234517308
[0x7ca148c440, 0xffffff8008082c0c], 288230359200103840
[0x7ca148c1f0, 0xffffff8008082c0c], 288230359200103850
[0x7ca148c220, 0xffffff8008082c0c], 288230359200103849
[0x7ca148c220, 0xffffff8008082c0c], 288230359200103849
[0x7ca148c220, 0xffffff8008082c0c], 288230359200103849
[0x7ca148c220, 0xffffff8008082c0c], 288230359200103849
[0x7ca148c220, 0xffffff8008082c0c], 288230359200103849
[0x7ca148c1f0, 0xffffff8008082c0c], 288230359200103850
[0x7ca148c220, 0xffffff8008082c0c], 288230359200103849
[0x7c1dd75028, 0xffffff8008082c0c], 288230359234560881
[0x7ca14db4a0, 0xffffff8008082c0c], 288230359200098783
[0x7ca14db4a0, 0xffffff8008082c0c], 288230359200098783
[0x7ca14db340, 0xffffff8008082c0c], 288230359200098788
[0x7ca148c1f0, 0xffffff8008082c0c], 288230359200103850
[0x7ca14db400, 0xffffff8008082c0c], 288230359200098785
[0x7ca14db4a0, 0xffffff8008082c0c], 288230359200098783
[0x7ca14db4a0, 0xffffff8008082c0c], 288230359200098783
[0x7ca14db340, 0xffffff8008082c0c], 288230359200098788
[0x7ca148c1f0, 0xffffff8008082c0c], 288230359200103850
[0x7ca14db400, 0xffffff8008082c0c], 288230359200098785
[0x70b3f9b8, 0xffffff8008082c0c], 288230367534338251
[0x70b3f9b8, 0xffffff8008082c0c], 288230367534338251
[0x70b3f9b8, 0xffffff8008082c0c], 288230367534338251
[0x7ca14db080, 0xffffff8008082c0c], 288230359200098799
[0x7ca266fa38, 0xffffff8008082c0c], 288230359199810761
[0x7c1dd75028, 0xffffff8008082c0c], 288230359234560881
[0x7ca266fa38, 0xffffff8008082c0c], 288230359199810761
[0x7ca266fa7c, 0xffffff8008082c0c], 288230359199810760
[0x7c1e11eae4, 0xffffff8008082c0c], 288230359234500870
[0x7c1dd75028, 0xffffff8008082c0c], 288230359234560881
[0x7ca4647618, 0xffffff8008082c0c], 288230359199289049
[0x7ca14db080, 0xffffff8008082c0c], 288230359200098799
[0x7ca4647618, 0xffffff8008082c0c], 288230359199289049
[0x7ca4647618, 0xffffff8008082c0c], 288230359199289049
[0x7ca14db620, 0xffffff8008082c0c], 288230359200098777
[0x7ca14da800, 0xffffff8008082c0c], 288230359200098833
[0x7ca4647618, 0xffffff8008082c0c], 288230359199289049
[0x7c1dd75028, 0xffffff8008082c0c], 288230359234560881
[0x7ca14dbb20, 0xffffff8008082c0c], 288230359200098757
[0x7ca14dba60, 0xffffff8008082c0c], 288230359200098760
[0x7ca14dba60, 0xffffff8008082c0c], 288230359200098760
[0x7ca14dba60, 0xffffff8008082c0c], 288230359200098760
[0x7ca14dba60, 0xffffff8008082c0c], 288230359200098760
[0x7ca14dad80, 0xffffff8008082c0c], 288230359200098811
[0x7ca14dad80, 0xffffff8008082c0c], 288230359200098811
[0x7ca14daca0, 0xffffff8008082c0c], 288230359200098815
[0x7ca14dbe00, 0xffffff8008082c0c], 288230359200098745
[0x7ca14db5a0, 0xffffff8008082c0c], 288230359200098779
[0x7ca148d220, 0xffffff8008082c0c], 288230359200103785
[0x7ca4647618, 0xffffff8008082c0c], 288230359199289049
[0x7ca4647618, 0xffffff8008082c0c], 288230359199289049
[0x7ca14da6c0, 0xffffff8008082c0c], 288230359200098838
[0x7519a48220, 0xffffff8008082c0c], 288230359705423529
[0x751b6bc618, 0xffffff8008082c0c], 288230359704957337
[0x7519a48220, 0xffffff8008082c0c], 288230359705423529
[0x7519a48220, 0xffffff8008082c0c], 288230359705423529
[0x7519a48220, 0xffffff8008082c0c], 288230359705423529
[0x751b6bc618, 0xffffff8008082c0c], 288230359704957337
[0x7519a48220, 0xffffff8008082c0c], 288230359705423529
[0x751b6bc618, 0xffffff8008082c0c], 288230359704957337
[0x751b6bc618, 0xffffff8008082c0c], 288230359704957337
[0x7519a48220, 0xffffff8008082c0c], 288230359705423529
[0x751b6bc618, 0xffffff8008082c0c], 288230359704957337
[0x751b6bc618, 0xffffff8008082c0c], 288230359704957337
[0x7519a48220, 0xffffff8008082c0c], 288230359705423529
[0x751b6bc618, 0xffffff8008082c0c], 288230359704957337
[0x751b6bc618, 0xffffff8008082c0c], 288230359704957337
[0x7519a48220, 0xffffff8008082c0c], 288230359705423529
[0x7519a48220, 0xffffff8008082c0c], 288230359705423529
[0x7519a95800, 0xffffff8008082c0c], 288230359705418577
[0x7ca14db080, 0xffffff8008082c0c], 288230359200098799
[0x7ca14da800, 0xffffff8008082c0c], 288230359200098833
[0x7519a48220, 0xffffff8008082c0c], 288230359705423529
[0x75193a8a20, 0xffffff8008082c0c], 288230359705532041
[0x7519087de4, 0xffffff8008082c0c], 288230359705583290
[0x7519a47440, 0xffffff8008082c0c], 288230359705423584
[0x7519a95800, 0xffffff8008082c0c], 288230359705418577
[0x7519a48220, 0xffffff8008082c0c], 288230359705423529
[0x7519a95800, 0xffffff8008082c0c], 288230359705418577
[0x7c1dd75028, 0xffffff8008082c0c], 288230359234560881
[0x7ca14daca0, 0xffffff8008082c0c], 288230359200098815
[0x7ca14db080, 0xffffff8008082c0c], 288230359200098799
[0x7ca14da6c0, 0xffffff8008082c0c], 288230359200098838
[0x7ca4647618, 0xffffff8008082c0c], 288230359199289049
[0x7ca14db080, 0xffffff8008082c0c], 288230359200098799
[0x7ca14da6c0, 0xffffff8008082c0c], 288230359200098838
[0x7ca4647618, 0xffffff8008082c0c], 288230359199289049
[0x7ca14db080, 0xffffff8008082c0c], 288230359200098799
[0x7ca14da6c0, 0xffffff8008082c0c], 288230359200098838
[0x7ca4647618, 0xffffff8008082c0c], 288230359199289049
[0x7ca14da800, 0xffffff8008082c0c], 288230359200098833
[0x7ca14da6c0, 0xffffff8008082c0c], 288230359200098838
[0x7c2979f660, 0xffffff8008082c0c], 288230359231510744
[0x7c2979e840, 0xffffff8008082c0c], 288230359231510800
[0x7c2979f660, 0xffffff8008082c0c], 288230359231510744
[0x7c2979e840, 0xffffff8008082c0c], 288230359231510800
[0x7c2979f660, 0xffffff8008082c0c], 288230359231510744
[0x7c2979e840, 0xffffff8008082c0c], 288230359231510800
[0x7c2979f660, 0xffffff8008082c0c], 288230359231510744
[0x7c2979e840, 0xffffff8008082c0c], 288230359231510800
[0x7c2979f660, 0xffffff8008082c0c], 288230359231510744
[0x7c2979e840, 0xffffff8008082c0c], 288230359231510800
[0x7ca148d220, 0xffffff8008082c0c], 288230359200103785
[0x7ca148d220, 0xffffff8008082c0c], 288230359200103785
[0x767c799220, 0xffffff8008082c0c], 288230359612406377
[0x767c7e6800, 0xffffff8008082c0c], 288230359612401425
[0x7ca14db340, 0xffffff8008082c0c], 288230359200098788
[0x7ca14db380, 0xffffff8008082c0c], 288230359200098787
[0x7ca14dbb00, 0xffffff8008082c0c], 288230359200098757
[0x7ca14db480, 0xffffff8008082c0c], 288230359200098783
[0x7ca14db340, 0xffffff8008082c0c], 288230359200098788
[0x7ca14cb3b0, 0xffffff8008082c0c], 288230359200099811
[0x7ca14daf80, 0xffffff8008082c0c], 288230359200098803
[0x7ca14db380, 0xffffff8008082c0c], 288230359200098787
[0x7ca145236c, 0xffffff8008082c0c], 288230359200107556
[0x7ca148c440, 0xffffff8008082c0c], 288230359200103840
[0x7ca148c440, 0xffffff8008082c0c], 288230359200103840
[0x7ca1476040, 0xffffff8008082c0c], 288230359200105264
[0x7ca1476044, 0xffffff8008082c0c], 288230359200105264
[0x7ca1473a7c, 0xffffff8008082c0c], 288230359200105416
[0x7ca14f0254, 0xffffff8008082c0c], 288230359200097448
[0x7ca14f0254, 0xffffff8008082c0c], 288230359200097448
[0x7ca1477c80, 0xffffff8008082c0c], 288230359200105151
[0x7ca14f0254, 0xffffff8008082c0c], 288230359200097448
[0x7c1e12d9b8, 0xffffff8008082c0c], 288230359234499915
[0x7c1e12d9d8, 0xffffff8008082c0c], 288230359234499914
[0x7c1e12dacc, 0xffffff8008082c0c], 288230359234499910
[0x7c1e12db00, 0xffffff8008082c0c], 288230359234499909
[0x7ca14db380, 0xffffff8008082c0c], 288230359200098787
[0x7ca14db280, 0xffffff8008082c0c], 288230359200098791
[0x7c1e14227c, 0xffffff8008082c0c], 288230359234498600
[0x7c1dfb17f4, 0xffffff8008082c0c], 288230359234524242
[0x7ca14db340, 0xffffff8008082c0c], 288230359200098788
[0x7ca14db480, 0xffffff8008082c0c], 288230359200098783
[0x7ca316ed4c, 0xffffff8008082c0c], 288230359199630588
[0x7c1e141284, 0xffffff8008082c0c], 288230359234498663
[0x7c1e141290, 0xffffff8008082c0c], 288230359234498663
[0x7c1dd804cc, 0xffffff8008082c0c], 288230359234560158
[0x7c1debcb0c, 0xffffff8008082c0c], 288230359234539909
[0x7ca14db380, 0xffffff8008082c0c], 288230359200098787
[0x7c1ddc22f0, 0xffffff8008082c0c], 288230359234555942
[0x7c1ded4e70, 0xffffff8008082c0c], 288230359234538360
[0x7c1ded4e74, 0xffffff8008082c0c], 288230359234538360
[0x7ca14da7c0, 0xffffff8008082c0c], 288230359200098834
[0x70011ac0, 0xffffff8008082c0c], 288230367534521414
[0x70011b0c, 0xffffff8008082c0c], 288230367534521413
[0x7ca14db480, 0xffffff8008082c0c], 288230359200098783
[0x7ca148c168, 0xffffff8008082c0c], 288230359200103852
[0x7ca148d220, 0xffffff8008082c0c], 288230359200103785
[0x7ca148d220, 0xffffff8008082c0c], 288230359200103785
[0x7ca14db340, 0xffffff8008082c0c], 288230359200098788
[0x7ca14db380, 0xffffff8008082c0c], 288230359200098787
[0x7ca14dbb00, 0xffffff8008082c0c], 288230359200098757
[0x7ca14db480, 0xffffff8008082c0c], 288230359200098783
[0x7ca14db340, 0xffffff8008082c0c], 288230359200098788
[0x7ca14db380, 0xffffff8008082c0c], 288230359200098787
[0x7ca14db380, 0xffffff8008082c0c], 288230359200098787
[0x7ca14db280, 0xffffff8008082c0c], 288230359200098791
[0x7ca145236c, 0xffffff8008082c0c], 288230359200107556
[0x7ca148c440, 0xffffff8008082c0c], 288230359200103840
[0x7ca1474ca8, 0xffffff8008082c0c], 288230359200105343
[0x7ca1473b6c, 0xffffff8008082c0c], 288230359200105412
[0x7ca1473b6c, 0xffffff8008082c0c], 288230359200105412
[0x7ca14f0254, 0xffffff8008082c0c], 288230359200097448
[0x7ca1477c80, 0xffffff8008082c0c], 288230359200105151
[0x7ca148c3c4, 0xffffff8008082c0c], 288230359200103842
[0x7ca148c440, 0xffffff8008082c0c], 288230359200103840
[0x7ca14db480, 0xffffff8008082c0c], 288230359200098783
[0x7ca14da7c0, 0xffffff8008082c0c], 288230359200098834
[0x7ca14db980, 0xffffff8008082c0c], 288230359200098763
[0x7c1ded4e70, 0xffffff8008082c0c], 288230359234538360
[0x7c1ded4e74, 0xffffff8008082c0c], 288230359234538360
[0x70013070, 0xffffff8008082c0c], 288230367534521328
[0x7ca14db980, 0xffffff8008082c0c], 288230359200098763
[0x7ca14db340, 0xffffff8008082c0c], 288230359200098788
[0x7ca14db380, 0xffffff8008082c0c], 288230359200098787
[0x7ca14dbb00, 0xffffff8008082c0c], 288230359200098757
[0x7ca14db480, 0xffffff8008082c0c], 288230359200098783
[0x7ca14db340, 0xffffff8008082c0c], 288230359200098788
[0x7ca14db380, 0xffffff8008082c0c], 288230359200098787
[0x7ca14db380, 0xffffff8008082c0c], 288230359200098787
[0x7ca14db280, 0xffffff8008082c0c], 288230359200098791
[0x7ca148c440, 0xffffff8008082c0c], 288230359200103840
[0x7ca148c440, 0xffffff8008082c0c], 288230359200103840
[0x7ca14db480, 0xffffff8008082c0c], 288230359200098783
[0x7ca14da7c0, 0xffffff8008082c0c], 288230359200098834
[0x7ca14db980, 0xffffff8008082c0c], 288230359200098763
[0x7c1ded4e70, 0xffffff8008082c0c], 288230359234538360
[0x7c1ded4e74, 0xffffff8008082c0c], 288230359234538360
[0x70013070, 0xffffff8008082c0c], 288230367534521328
[0x7ca14db980, 0xffffff8008082c0c], 288230359200098763
[0x7ca14db340, 0xffffff8008082c0c], 288230359200098788
[0x7ca14db380, 0xffffff8008082c0c], 288230359200098787
[0x7ca14dbb00, 0xffffff8008082c0c], 288230359200098757
[0x7ca14db480, 0xffffff8008082c0c], 288230359200098783
[0x7ca14db340, 0xffffff8008082c0c], 288230359200098788
[0x7ca14db380, 0xffffff8008082c0c], 288230359200098787
[0x7ca14db380, 0xffffff8008082c0c], 288230359200098787
[0x7ca14db280, 0xffffff8008082c0c], 288230359200098791
[0x7ca148c440, 0xffffff8008082c0c], 288230359200103840
[0x7ca1474ca8, 0xffffff8008082c0c], 288230359200105343
[0x7ca148c3c4, 0xffffff8008082c0c], 288230359200103842
[0x7ca148c440, 0xffffff8008082c0c], 288230359200103840
[0x7ca14db480, 0xffffff8008082c0c], 288230359200098783
[0x7ca14da7c0, 0xffffff8008082c0c], 288230359200098834
[0x7ca14db980, 0xffffff8008082c0c], 288230359200098763
[0x7c1ded4e70, 0xffffff8008082c0c], 288230359234538360
[0x7c1ded4e74, 0xffffff8008082c0c], 288230359234538360
[0x70013070, 0xffffff8008082c0c], 288230367534521328
[0x7ca14db980, 0xffffff8008082c0c], 288230359200098763
[0x7ca14db340, 0xffffff8008082c0c], 288230359200098788
[0x7ca14db380, 0xffffff8008082c0c], 288230359200098787
[0x7ca14dbb00, 0xffffff8008082c0c], 288230359200098757
[0x7ca14db480, 0xffffff8008082c0c], 288230359200098783
[0x7ca14db340, 0xffffff8008082c0c], 288230359200098788
[0x7ca14db380, 0xffffff8008082c0c], 288230359200098787
[0x7ca14db380, 0xffffff8008082c0c], 288230359200098787
[0x7ca14db280, 0xffffff8008082c0c], 288230359200098791
[0x7ca148c440, 0xffffff8008082c0c], 288230359200103840
[0x7ca148c440, 0xffffff8008082c0c], 288230359200103840
[0x7ca14db480, 0xffffff8008082c0c], 288230359200098783
[0x7ca14da7c0, 0xffffff8008082c0c], 288230359200098834
[0x7ca14db980, 0xffffff8008082c0c], 288230359200098763
[0x7c1ded4e70, 0xffffff8008082c0c], 288230359234538360
[0x7c1ded4e74, 0xffffff8008082c0c], 288230359234538360
[0x70013070, 0xffffff8008082c0c], 288230367534521328
[0x7ca14db980, 0xffffff8008082c0c], 288230359200098763
[0xffffff8008121e80, 0xffffff8008082a0c], 288230376151701551
[0x7ca148d240, 0xffffff8008082c0c], 288230359200103784
[0x7ca1491be8, 0xffffff8008082c0c], 288230359200103490
[0x7ca1491c08, 0xffffff8008082c0c], 288230359200103489
[0x7ca1491c08, 0xffffff8008082c0c], 288230359200103489
[0x7ca14f1f54, 0xffffff8008082c0c], 288230359200097332
[0x7ca14f44f0, 0xffffff8008082c0c], 288230359200097182
[0x7ca1494ad4, 0xffffff8008082c0c], 288230359200103302
[0x7ca14f32c0, 0xffffff8008082c0c], 288230359200097254
[0x7ca468075c, 0xffffff8008082c0c], 288230359199285396
[0x7ca474ab58, 0xffffff8008082c0c], 288230359199272452
[0x7ca1492f88, 0xffffff8008082c0c], 288230359200103411
[0x7ca1492f8c, 0xffffff8008082c0c], 288230359200103411
[0x7ca14eda48, 0xffffff8008082c0c], 288230359200097608
[0x7ca14eda48, 0xffffff8008082c0c], 288230359200097608
[0x7ca14eda78, 0xffffff8008082c0c], 288230359200097608
20000000 instrs 
[0x7ca14eda84, 0xffffff8008082c0c], 288230359200097607
[0x7ca1459a84, 0xffffff8008082c0c], 288230359200107079
[0x7ca14ef850, 0xffffff8008082c0c], 288230359200097488
[0x7ca1459abc, 0xffffff8008082c0c], 288230359200107079
[0x7ca144e00c, 0xffffff8008082c0c], 288230359200107825
[0x7ca1459ae0, 0xffffff8008082c0c], 288230359200107078
[0x7ca1461444, 0xffffff8008082c0c], 288230359200106592
[0x7ca1461444, 0xffffff8008082c0c], 288230359200106592
[0x7ca146149c, 0xffffff8008082c0c], 288230359200106591
[0x7ca14614c4, 0xffffff8008082c0c], 288230359200106590
[0x7ca147daf8, 0xffffff8008082c0c], 288230359200104774
[0x7ca147daf8, 0xffffff8008082c0c], 288230359200104774
[0x7ca147daf8, 0xffffff8008082c0c], 288230359200104774
[0x7ca147daf8, 0xffffff8008082c0c], 288230359200104774
[0x7ca147daf8, 0xffffff8008082c0c], 288230359200104774
[0x7ca1461444, 0xffffff8008082c0c], 288230359200106592
[0x7ca146149c, 0xffffff8008082c0c], 288230359200106591
[0x7ca147daf8, 0xffffff8008082c0c], 288230359200104774
[0x7ca147daf8, 0xffffff8008082c0c], 288230359200104774
[0x7ca147daf8, 0xffffff8008082c0c], 288230359200104774
[0x7ca147daf8, 0xffffff8008082c0c], 288230359200104774
[0x7ca147daf8, 0xffffff8008082c0c], 288230359200104774
[0x7ca148a7f4, 0xffffff8008082c0c], 288230359200103954
[0x7ca08f2da4, 0xffffff8008082c0c], 288230359200293883
[0x7ca090c0a0, 0xffffff8008082c0c], 288230359200292271
[0x7ca090c0a0, 0xffffff8008082c0c], 288230359200292271
[0x7ca144f020, 0xffffff8008082c0c], 288230359200107761
[0x7ca144e310, 0xffffff8008082c0c], 288230359200107813
[0x7ca14c31e8, 0xffffff8008082c0c], 288230359200100330
[0x7ca1473eb4, 0xffffff8008082c0c], 288230359200105399
[0x7ca1473ebc, 0xffffff8008082c0c], 288230359200105399
[0x7ca14633b0, 0xffffff8008082c0c], 288230359200106467
[0x7ca14633d8, 0xffffff8008082c0c], 288230359200106466
[0x7ca14633e0, 0xffffff8008082c0c], 288230359200106466
[0x7ca1463420, 0xffffff8008082c0c], 288230359200106465
[0x7ca148c440, 0xffffff8008082c0c], 288230359200103840
[0x7ca148c440, 0xffffff8008082c0c], 288230359200103840
[0x7ca148c440, 0xffffff8008082c0c], 288230359200103840
[0x7ca148c440, 0xffffff8008082c0c], 288230359200103840
[0x7ca1463548, 0xffffff8008082c0c], 288230359200106460
[0x7ca148c41c, 0xffffff8008082c0c], 288230359200103841
[0x7ca148c440, 0xffffff8008082c0c], 288230359200103840
[0x7ca148c440, 0xffffff8008082c0c], 288230359200103840
[0x7ca148c440, 0xffffff8008082c0c], 288230359200103840
[0x7ca1463da4, 0xffffff8008082c0c], 288230359200106427
[0x7ca148c440, 0xffffff8008082c0c], 288230359200103840
[0x7ca148c440, 0xffffff8008082c0c], 288230359200103840
[0x7ca148c440, 0xffffff8008082c0c], 288230359200103840
[0x7ca148c440, 0xffffff8008082c0c], 288230359200103840
[0x7ca145be64, 0xffffff8008082c0c], 288230359200106936
[0x7ca145c3d8, 0xffffff8008082c0c], 288230359200106914
[0x7ca4647394, 0xffffff8008082c0c], 288230359199289059
[0x7ca46475b8, 0xffffff8008082c0c], 288230359199289051
[0x7ca148c440, 0xffffff8008082c0c], 288230359200103840
[0x7ca148c440, 0xffffff8008082c0c], 288230359200103840
[0x7ca148c440, 0xffffff8008082c0c], 288230359200103840
[0x7ca148c440, 0xffffff8008082c0c], 288230359200103840
[0x7ca145be64, 0xffffff8008082c0c], 288230359200106936
[0x7ca148c680, 0xffffff8008082c0c], 288230359200103831
[0x7ca1463630, 0xffffff8008082c0c], 288230359200106457
[0x7ca14b5ea0, 0xffffff8008082c0c], 288230359200101175
[0x7ca14cbdf4, 0xffffff8008082c0c], 288230359200099770
[0x7ca14d71b8, 0xffffff8008082c0c], 288230359200099051
[0x7ca14636f0, 0xffffff8008082c0c], 288230359200106454
[0x7ca090ad60, 0xffffff8008082c0c], 288230359200292348
[0x7ca1cfc3dc, 0xffffff8008082c0c], 288230359199965602
[0x7ca1d54a40, 0xffffff8008082c0c], 288230359199959944
[0x7ca1d54a40, 0xffffff8008082c0c], 288230359199959944
[0x7ca1451f7c, 0xffffff8008082c0c], 288230359200107572
[0x7ca08f2df4, 0xffffff8008082c0c], 288230359200293882
[0x7ca14da820, 0xffffff8008082c0c], 288230359200098833
[0xffffff80085321d8, 0xffffff8008082a0c], 288230376151634978
[0x7ca086ea04, 0xffffff8008082c0c], 288230359200302345
[0x7ca090f8a0, 0xffffff8008082c0c], 288230359200292047
[0x7ca0910130, 0xffffff8008082c0c], 288230359200292013
[0x7ca086eab0, 0xffffff8008082c0c], 288230359200302343
[0x7ca08f2ee4, 0xffffff8008082c0c], 288230359200293878
[0x7ca0915730, 0xffffff8008082c0c], 288230359200291669
[0x7ca14dac60, 0xffffff8008082c0c], 288230359200098816
[0x7ca14dac60, 0xffffff8008082c0c], 288230359200098816
[0x7ca14dac60, 0xffffff8008082c0c], 288230359200098816
[0x7ca14dac60, 0xffffff8008082c0c], 288230359200098816
[0x7ca14da500, 0xffffff8008082c0c], 288230359200098845
[0x7ca08f2fa0, 0xffffff8008082c0c], 288230359200293875
[0x7ca1455e40, 0xffffff8008082c0c], 288230359200107320
[0x7ca1455ed0, 0xffffff8008082c0c], 288230359200107318
[0x7ca08f2fb4, 0xffffff8008082c0c], 288230359200293875
[0x7ca08f2ff4, 0xffffff8008082c0c], 288230359200293874
[0x7ca08f8eb4, 0xffffff8008082c0c], 288230359200293495
[0x7ca08f8ec8, 0xffffff8008082c0c], 288230359200293494
[0x7ca0915a40, 0xffffff8008082c0c], 288230359200291656
[0x7ca08f8040, 0xffffff8008082c0c], 288230359200293552
[0x7ca14da820, 0xffffff8008082c0c], 288230359200098833
[0x7ca14dac60, 0xffffff8008082c0c], 288230359200098816
[0x7ca14da500, 0xffffff8008082c0c], 288230359200098845
[0x7ca08f8040, 0xffffff8008082c0c], 288230359200293552
[0x7ca14da820, 0xffffff8008082c0c], 288230359200098833
[0xffffff80085321d8, 0xffffff8008082a0c], 288230376151634978
[0x7ca14dad80, 0xffffff8008082c0c], 288230359200098811
[0x7ca14dad80, 0xffffff8008082c0c], 288230359200098811
[0x7ca0913630, 0xffffff8008082c0c], 288230359200291801
[0x7ca14db240, 0xffffff8008082c0c], 288230359200098792
[0x7ca14dac60, 0xffffff8008082c0c], 288230359200098816
[0x7ca14da500, 0xffffff8008082c0c], 288230359200098845
[0x7ca14da820, 0xffffff8008082c0c], 288230359200098833
[0x7ca14dac60, 0xffffff8008082c0c], 288230359200098816
[0x7ca14da500, 0xffffff8008082c0c], 288230359200098845
[0x7ca14da820, 0xffffff8008082c0c], 288230359200098833
[0xffffff80085321d8, 0xffffff8008082a0c], 288230376151634978
[0x7ca14dad80, 0xffffff8008082c0c], 288230359200098811
[0x7ca14dad80, 0xffffff8008082c0c], 288230359200098811
[0x7ca14db240, 0xffffff8008082c0c], 288230359200098792
[0x7ca14dac60, 0xffffff8008082c0c], 288230359200098816
[0x7ca14da500, 0xffffff8008082c0c], 288230359200098845
[0x7ca14da820, 0xffffff8008082c0c], 288230359200098833
[0x7ca14dad80, 0xffffff8008082c0c], 288230359200098811
[0x7ca14dad80, 0xffffff8008082c0c], 288230359200098811
[0x7ca14db240, 0xffffff8008082c0c], 288230359200098792
[0x7ca14dac60, 0xffffff8008082c0c], 288230359200098816
[0x7ca14da500, 0xffffff8008082c0c], 288230359200098845
[0x7ca14da820, 0xffffff8008082c0c], 288230359200098833
[0x7ca14dad80, 0xffffff8008082c0c], 288230359200098811
[0x7ca14dad80, 0xffffff8008082c0c], 288230359200098811
[0x7ca14db240, 0xffffff8008082c0c], 288230359200098792
[0x7ca14dac60, 0xffffff8008082c0c], 288230359200098816
[0x7ca14da500, 0xffffff8008082c0c], 288230359200098845
[0x7ca14da820, 0xffffff8008082c0c], 288230359200098833
[0x7ca14dad80, 0xffffff8008082c0c], 288230359200098811
[0x7ca14dad80, 0xffffff8008082c0c], 288230359200098811
[0x7ca14db240, 0xffffff8008082c0c], 288230359200098792
[0x7ca14dac60, 0xffffff8008082c0c], 288230359200098816
[0x7ca14da500, 0xffffff8008082c0c], 288230359200098845
[0x7ca14da820, 0xffffff8008082c0c], 288230359200098833
[0xffffff80085321d8, 0xffffff8008082a0c], 288230376151634978
[0x7ca14dad80, 0xffffff8008082c0c], 288230359200098811
[0x7ca14dad80, 0xffffff8008082c0c], 288230359200098811
[0x7ca14db240, 0xffffff8008082c0c], 288230359200098792
[0x7ca14dac60, 0xffffff8008082c0c], 288230359200098816
[0x7ca14da500, 0xffffff8008082c0c], 288230359200098845
[0x7ca08f8040, 0xffffff8008082c0c], 288230359200293552
[0x7ca14da820, 0xffffff8008082c0c], 288230359200098833
[0x7ca14dad80, 0xffffff8008082c0c], 288230359200098811
[0x7ca14dad80, 0xffffff8008082c0c], 288230359200098811
[0x7ca14db240, 0xffffff8008082c0c], 288230359200098792
[0x7ca14dac60, 0xffffff8008082c0c], 288230359200098816
[0x7ca14da500, 0xffffff8008082c0c], 288230359200098845
[0x7ca14da820, 0xffffff8008082c0c], 288230359200098833
[0x7ca14dad80, 0xffffff8008082c0c], 288230359200098811
[0x7ca14dad80, 0xffffff8008082c0c], 288230359200098811
[0x7ca14db240, 0xffffff8008082c0c], 288230359200098792
[0x7ca14dac60, 0xffffff8008082c0c], 288230359200098816
[0x7ca14da500, 0xffffff8008082c0c], 288230359200098845
[0x7ca14da820, 0xffffff8008082c0c], 288230359200098833
[0x7ca14dad80, 0xffffff8008082c0c], 288230359200098811
[0x7ca14dad80, 0xffffff8008082c0c], 288230359200098811
[0x7ca14db240, 0xffffff8008082c0c], 288230359200098792
[0x7ca14dac60, 0xffffff8008082c0c], 288230359200098816
[0x7ca14da500, 0xffffff8008082c0c], 288230359200098845
[0x7ca14da820, 0xffffff8008082c0c], 288230359200098833
[0x7ca14dac60, 0xffffff8008082c0c], 288230359200098816
[0x7ca14da500, 0xffffff8008082c0c], 288230359200098845
[0x7ca14da820, 0xffffff8008082c0c], 288230359200098833
[0xffffff80085321d8, 0xffffff8008082a0c], 288230376151634978
[0x7ca14dad80, 0xffffff8008082c0c], 288230359200098811
[0x7ca14dad80, 0xffffff8008082c0c], 288230359200098811
[0x7ca14db240, 0xffffff8008082c0c], 288230359200098792
[0x7ca14dac60, 0xffffff8008082c0c], 288230359200098816
[0x7ca14da500, 0xffffff8008082c0c], 288230359200098845
[0x7ca14da820, 0xffffff8008082c0c], 288230359200098833
[0x7ca14dad80, 0xffffff8008082c0c], 288230359200098811
[0x7ca14dad80, 0xffffff8008082c0c], 288230359200098811
[0x7ca14db240, 0xffffff8008082c0c], 288230359200098792
[0x7ca14dac60, 0xffffff8008082c0c], 288230359200098816
[0x7ca14da500, 0xffffff8008082c0c], 288230359200098845
[0x7ca14da820, 0xffffff8008082c0c], 288230359200098833
[0x7ca14dad80, 0xffffff8008082c0c], 288230359200098811
[0x7ca14dad80, 0xffffff8008082c0c], 288230359200098811
[0x7ca14db240, 0xffffff8008082c0c], 288230359200098792
[0x7ca14dac60, 0xffffff8008082c0c], 288230359200098816
[0x7ca14da500, 0xffffff8008082c0c], 288230359200098845
[0x7ca14da820, 0xffffff8008082c0c], 288230359200098833
[0x7ca14dad80, 0xffffff8008082c0c], 288230359200098811
[0x7ca14dad80, 0xffffff8008082c0c], 288230359200098811
[0x7ca14db240, 0xffffff8008082c0c], 288230359200098792
[0x7ca14dac60, 0xffffff8008082c0c], 288230359200098816
[0x7ca14da500, 0xffffff8008082c0c], 288230359200098845
[0x7ca14da820, 0xffffff8008082c0c], 288230359200098833
[0xffffff80085321d8, 0xffffff8008082a0c], 288230376151634978
[0x7ca14dad80, 0xffffff8008082c0c], 288230359200098811
[0x7ca14dad80, 0xffffff8008082c0c], 288230359200098811
[0x7ca14db240, 0xffffff8008082c0c], 288230359200098792
[0x7ca14dac60, 0xffffff8008082c0c], 288230359200098816
[0x7ca14da500, 0xffffff8008082c0c], 288230359200098845
[0x7ca14da820, 0xffffff8008082c0c], 288230359200098833
[0x7ca14dad80, 0xffffff8008082c0c], 288230359200098811
[0x7ca14dad80, 0xffffff8008082c0c], 288230359200098811
[0x7ca14db240, 0xffffff8008082c0c], 288230359200098792
[0x7ca14dac60, 0xffffff8008082c0c], 288230359200098816
[0x7ca14da500, 0xffffff8008082c0c], 288230359200098845
[0x7ca14da820, 0xffffff8008082c0c], 288230359200098833
[0x7ca14dad80, 0xffffff8008082c0c], 288230359200098811
[0x7ca14dad80, 0xffffff8008082c0c], 288230359200098811
[0x7ca14db240, 0xffffff8008082c0c], 288230359200098792
[0x7ca14dac60, 0xffffff8008082c0c], 288230359200098816
[0x7ca14da500, 0xffffff8008082c0c], 288230359200098845
[0x7ca14da820, 0xffffff8008082c0c], 288230359200098833
[0xffffff80085321d8, 0xffffff8008082a0c], 288230376151634978
[0x7ca14dad80, 0xffffff8008082c0c], 288230359200098811
[0x7ca14dad80, 0xffffff8008082c0c], 288230359200098811
[0x7ca14db240, 0xffffff8008082c0c], 288230359200098792
[0x7ca14dac60, 0xffffff8008082c0c], 288230359200098816
[0x7ca14da500, 0xffffff8008082c0c], 288230359200098845
[0x7ca14da820, 0xffffff8008082c0c], 288230359200098833
[0x7ca14dad80, 0xffffff8008082c0c], 288230359200098811
[0x7ca14dad80, 0xffffff8008082c0c], 288230359200098811
[0x7ca14db240, 0xffffff8008082c0c], 288230359200098792
[0x7ca14dac60, 0xffffff8008082c0c], 288230359200098816
[0x7ca14da500, 0xffffff8008082c0c], 288230359200098845
[0x627c84d3d8, 0xffffff8008082c0c], 288230360954572130
[0x627c84d3d8, 0xffffff8008082c0c], 288230360954572130
[0x627c84df80, 0xffffff8008082c0c], 288230360954572083
[0x7ca14ef894, 0xffffff8008082c0c], 288230359200097487
[0x7ca14da900, 0xffffff8008082c0c], 288230359200098829
[0x7ca08f553c, 0xffffff8008082c0c], 288230359200293725
[0x7ca08f553c, 0xffffff8008082c0c], 288230359200293725
[0x7c1dff7068, 0xffffff8008082c0c], 288230359234519792
[0x7c1dff70b0, 0xffffff8008082c0c], 288230359234519791
[0x7c1dff7134, 0xffffff8008082c0c], 288230359234519789
[0x7c1dff7258, 0xffffff8008082c0c], 288230359234519784
[0x7c1dff7274, 0xffffff8008082c0c], 288230359234519784
[0x7c1e12def4, 0xffffff8008082c0c], 288230359234499894
[0x7c1e12def4, 0xffffff8008082c0c], 288230359234499894
[0x7c1e02f6bc, 0xffffff8008082c0c], 288230359234516183
[0x7c1e02f6bc, 0xffffff8008082c0c], 288230359234516183
[0x7c1e1e41c0, 0xffffff8008082c0c], 288230359234488234
[0x7c1e1e41c0, 0xffffff8008082c0c], 288230359234488234
[0x7c1dff7358, 0xffffff8008082c0c], 288230359234519780
[0x7ca1455e40, 0xffffff8008082c0c], 288230359200107320
[0x7c1dff7358, 0xffffff8008082c0c], 288230359234519780
[0x7ca14db480, 0xffffff8008082c0c], 288230359200098783
[0x7ca14dab60, 0xffffff8008082c0c], 288230359200098820
[0x7ca14dab80, 0xffffff8008082c0c], 288230359200098819
[0x7ca14db480, 0xffffff8008082c0c], 288230359200098783
[0x7ca14db480, 0xffffff8008082c0c], 288230359200098783
[0x7ca14db480, 0xffffff8008082c0c], 288230359200098783
[0x7ca14db480, 0xffffff8008082c0c], 288230359200098783
[0x7ca14db480, 0xffffff8008082c0c], 288230359200098783
[0x7ca14db480, 0xffffff8008082c0c], 288230359200098783
[0x7ca14db480, 0xffffff8008082c0c], 288230359200098783
[0x7ca14db480, 0xffffff8008082c0c], 288230359200098783
[0x7ca14db480, 0xffffff8008082c0c], 288230359200098783
[0x7ca14db480, 0xffffff8008082c0c], 288230359200098783
[0x7ca14db480, 0xffffff8008082c0c], 288230359200098783
[0x7ca14db480, 0xffffff8008082c0c], 288230359200098783
[0x7ca14db480, 0xffffff8008082c0c], 288230359200098783
[0x7ca14db480, 0xffffff8008082c0c], 288230359200098783
[0x7ca14db480, 0xffffff8008082c0c], 288230359200098783
[0x7ca14db480, 0xffffff8008082c0c], 288230359200098783
[0x7ca14db480, 0xffffff8008082c0c], 288230359200098783
[0x7ca14db480, 0xffffff8008082c0c], 288230359200098783
[0x7ca14db480, 0xffffff8008082c0c], 288230359200098783
[0x7ca14db480, 0xffffff8008082c0c], 288230359200098783
[0x7ca14db480, 0xffffff8008082c0c], 288230359200098783
[0x7ca14db480, 0xffffff8008082c0c], 288230359200098783
[0x7ca14db480, 0xffffff8008082c0c], 288230359200098783
[0x7ca14db480, 0xffffff8008082c0c], 288230359200098783
[0x7ca14db480, 0xffffff8008082c0c], 288230359200098783
[0x7ca14db480, 0xffffff8008082c0c], 288230359200098783
[0x7ca14db480, 0xffffff8008082c0c], 288230359200098783
[0x7ca14db480, 0xffffff8008082c0c], 288230359200098783
[0x7ca14db480, 0xffffff8008082c0c], 288230359200098783
[0x7ca14db480, 0xffffff8008082c0c], 288230359200098783
[0x7ca14db480, 0xffffff8008082c0c], 288230359200098783
[0x7ca14db480, 0xffffff8008082c0c], 288230359200098783
[0x7ca14db480, 0xffffff8008082c0c], 288230359200098783
[0x7ca14db480, 0xffffff8008082c0c], 288230359200098783
[0x7ca14db480, 0xffffff8008082c0c], 288230359200098783
[0x7ca14db480, 0xffffff8008082c0c], 288230359200098783
[0x7ca14db480, 0xffffff8008082c0c], 288230359200098783
[0x7ca14db480, 0xffffff8008082c0c], 288230359200098783
[0x7ca14db480, 0xffffff8008082c0c], 288230359200098783
[0x7ca14db480, 0xffffff8008082c0c], 288230359200098783
[0x7ca14db480, 0xffffff8008082c0c], 288230359200098783
[0x7ca14db480, 0xffffff8008082c0c], 288230359200098783
[0x7ca14db480, 0xffffff8008082c0c], 288230359200098783
[0x7ca14db480, 0xffffff8008082c0c], 288230359200098783
[0x7ca14db480, 0xffffff8008082c0c], 288230359200098783
[0x7ca14db480, 0xffffff8008082c0c], 288230359200098783
[0x7ca14db480, 0xffffff8008082c0c], 288230359200098783
[0x7ca14db480, 0xffffff8008082c0c], 288230359200098783
[0x7ca14db480, 0xffffff8008082c0c], 288230359200098783
[0x7ca14db480, 0xffffff8008082c0c], 288230359200098783
[0x7ca14db480, 0xffffff8008082c0c], 288230359200098783
[0x7ca14db480, 0xffffff8008082c0c], 288230359200098783
[0x7ca14db480, 0xffffff8008082c0c], 288230359200098783
[0x7ca14db480, 0xffffff8008082c0c], 288230359200098783
[0x7ca14db480, 0xffffff8008082c0c], 288230359200098783
[0x7ca14db480, 0xffffff8008082c0c], 288230359200098783
[0x7ca14db480, 0xffffff8008082c0c], 288230359200098783
[0x7ca14db480, 0xffffff8008082c0c], 288230359200098783
[0x7ca14db480, 0xffffff8008082c0c], 288230359200098783
[0x7ca14db480, 0xffffff8008082c0c], 288230359200098783
[0x7ca14db480, 0xffffff8008082c0c], 288230359200098783
[0x7ca14db480, 0xffffff8008082c0c], 288230359200098783
[0x7ca14db480, 0xffffff8008082c0c], 288230359200098783
[0x7ca14db480, 0xffffff8008082c0c], 288230359200098783
[0x7ca14db480, 0xffffff8008082c0c], 288230359200098783
[0x7ca14db480, 0xffffff8008082c0c], 288230359200098783
[0x7ca14db480, 0xffffff8008082c0c], 288230359200098783
[0x7ca14db480, 0xffffff8008082c0c], 288230359200098783
[0x7ca14db480, 0xffffff8008082c0c], 288230359200098783
[0x7ca14db480, 0xffffff8008082c0c], 288230359200098783
[0x7ca14db480, 0xffffff8008082c0c], 288230359200098783
[0x7ca14db480, 0xffffff8008082c0c], 288230359200098783
[0x7ca14db480, 0xffffff8008082c0c], 288230359200098783
[0x7ca14db480, 0xffffff8008082c0c], 288230359200098783
[0x7ca14db480, 0xffffff8008082c0c], 288230359200098783
[0x7ca14db480, 0xffffff8008082c0c], 288230359200098783
[0x7ca14db480, 0xffffff8008082c0c], 288230359200098783
[0x7ca08f372c, 0xffffff8008082c0c], 288230359200293845
[0x7ca08f375c, 0xffffff8008082c0c], 288230359200293844
[0x7ca2c10140, 0xffffff8008082c0c], 288230359199718572
[0x7ca2c10140, 0xffffff8008082c0c], 288230359199718572
[0x7ca2c0ff34, 0xffffff8008082c0c], 288230359199718581
[0x7ca2c0ff34, 0xffffff8008082c0c], 288230359199718581
[0x7ca2c0ff34, 0xffffff8008082c0c], 288230359199718581
[0x7ca2c198d0, 0xffffff8008082c0c], 288230359199717966
[0x7ca148c970, 0xffffff8008082c0c], 288230359200103820
[0x7ca145d7a0, 0xffffff8008082c0c], 288230359200106835
[0x7ca145d7f4, 0xffffff8008082c0c], 288230359200106834
[0x7ca145d8e4, 0xffffff8008082c0c], 288230359200106830
[0x7ca145d8e4, 0xffffff8008082c0c], 288230359200106830
[0x7ca2c0fc14, 0xffffff8008082c0c], 288230359199718593
[0x7ca14dbd80, 0xffffff8008082c0c], 288230359200098747
[0x7ca14db360, 0xffffff8008082c0c], 288230359200098788
[0x7ca2261658, 0xffffff8008082c0c], 288230359199877208
[0x7ca2266900, 0xffffff8008082c0c], 288230359199876877
[0x7ca14dae20, 0xffffff8008082c0c], 288230359200098809
[0x7ca14db360, 0xffffff8008082c0c], 288230359200098788
[0x7ca14db080, 0xffffff8008082c0c], 288230359200098799
[0x7ca090db90, 0xffffff8008082c0c], 288230359200292163
[0x7ca0c24a84, 0xffffff8008082c0c], 288230359200241543
[0x7ca0c24f8c, 0xffffff8008082c0c], 288230359200241523
[0x7ca0c39030, 0xffffff8008082c0c], 288230359200240241
[0x7ca0c39030, 0xffffff8008082c0c], 288230359200240241
[0x7ca14efb10, 0xffffff8008082c0c], 288230359200097477
[0x7ca14efb34, 0xffffff8008082c0c], 288230359200097477
[0x7ca1cf9508, 0xffffff8008082c0c], 288230359199965789
[0x7ca0c17d88, 0xffffff8008082c0c], 288230359200242363
[0x7ca0c1817c, 0xffffff8008082c0c], 288230359200242348
[0x7c9ec5e91c, 0xffffff8008082c0c], 288230359200762125
[0x7c9ec5e4e8, 0xffffff8008082c0c], 288230359200762142
[0x7c9ec5e92c, 0xffffff8008082c0c], 288230359200762125
[0x7ca1d47f40, 0xffffff8008082c0c], 288230359199960756
[0x7ca148c970, 0xffffff8008082c0c], 288230359200103820
[0x7ca1d338cc, 0xffffff8008082c0c], 288230359199962062
[0x7ca1d337dc, 0xffffff8008082c0c], 288230359199962066
[0x7ca1d4482c, 0xffffff8008082c0c], 288230359199960977
[0x7ca1d340e8, 0xffffff8008082c0c], 288230359199962030
[0x7ca126acd0, 0xffffff8008082c0c], 288230359200138750
[0x7ca12ae5d0, 0xffffff8008082c0c], 288230359200134426
[0x7ca12ae5d0, 0xffffff8008082c0c], 288230359200134426
[0x7ca126acf8, 0xffffff8008082c0c], 288230359200138750
[0x7ca126bc58, 0xffffff8008082c0c], 288230359200138688
[0x7ca145d7a0, 0xffffff8008082c0c], 288230359200106835
[0x7ca145d7f4, 0xffffff8008082c0c], 288230359200106834
[0x7ca1473eb4, 0xffffff8008082c0c], 288230359200105399
[0x7ca1473ebc, 0xffffff8008082c0c], 288230359200105399
[0x7ca1473ee0, 0xffffff8008082c0c], 288230359200105398
[0x7ca1473ffc, 0xffffff8008082c0c], 288230359200105394
[0x7ca1474008, 0xffffff8008082c0c], 288230359200105393
[0x7ca126de04, 0xffffff8008082c0c], 288230359200138553
[0x7ca14cbfc0, 0xffffff8008082c0c], 288230359200099762
[0x7ca12722b0, 0xffffff8008082c0c], 288230359200138279
[0x7ca126d05c, 0xffffff8008082c0c], 288230359200138608
[0x7ca126d2e8, 0xffffff8008082c0c], 288230359200138598
[0x7ca126ccf4, 0xffffff8008082c0c], 288230359200138622
[0x7ca126ccf4, 0xffffff8008082c0c], 288230359200138622
[0x7ca14872c0, 0xffffff8008082c0c], 288230359200104166
[0x7ca145e948, 0xffffff8008082c0c], 288230359200106764
[0x7ca14da520, 0xffffff8008082c0c], 288230359200098845
[0x7ca148d220, 0xffffff8008082c0c], 288230359200103785
[0x7ca01366a8, 0xffffff8008082c0c], 288230359200420631
[0x7ca0139370, 0xffffff8008082c0c], 288230359200420452
[0x7ca148c970, 0xffffff8008082c0c], 288230359200103820
[0x7ca148d288, 0xffffff8008082c0c], 288230359200103783
[0x7ca148e658, 0xffffff8008082c0c], 288230359200103704
[0x7ca148ed00, 0xffffff8008082c0c], 288230359200103677
[0x7ca14db2c0, 0xffffff8008082c0c], 288230359200098790
[0x7ca14dad60, 0xffffff8008082c0c], 288230359200098812
[0x7ca14db2c0, 0xffffff8008082c0c], 288230359200098790
[0x7ca14dad60, 0xffffff8008082c0c], 288230359200098812
[0x7ca14da820, 0xffffff8008082c0c], 288230359200098833
[0x7ca14dbe00, 0xffffff8008082c0c], 288230359200098745
[0x7ca14da500, 0xffffff8008082c0c], 288230359200098845
[0x7c1dff784c, 0xffffff8008082c0c], 288230359234519760
[0x7c1e005350, 0xffffff8008082c0c], 288230359234518884
[0x7c1e005384, 0xffffff8008082c0c], 288230359234518883
[0x7c1e011b68, 0xffffff8008082c0c], 288230359234518084
[0x7c1e011ba0, 0xffffff8008082c0c], 288230359234518083
[0x7c1e011ba4, 0xffffff8008082c0c], 288230359234518083
[0x7c1e011bac, 0xffffff8008082c0c], 288230359234518083
[0x7c1e011bb4, 0xffffff8008082c0c], 288230359234518083
[0x7c1e011be0, 0xffffff8008082c0c], 288230359234518082
[0x7c1e011be4, 0xffffff8008082c0c], 288230359234518082
[0x7ca14db8e0, 0xffffff8008082c0c], 288230359200098766
[0x7ca14db9c0, 0xffffff8008082c0c], 288230359200098762
[0x7ca0c61714, 0xffffff8008082c0c], 288230359200237653
[0x7ca0c6c450, 0xffffff8008082c0c], 288230359200236960
[0x7ca0c6159c, 0xffffff8008082c0c], 288230359200237659
[0x7ca14efb10, 0xffffff8008082c0c], 288230359200097477
[0x7ca14efb34, 0xffffff8008082c0c], 288230359200097477
[0x7ca0c5f178, 0xffffff8008082c0c], 288230359200237804
[0x7ca14da520, 0xffffff8008082c0c], 288230359200098845
[0xffffff80085321d8, 0xffffff8008082a0c], 288230376151634978
[0x7ca0c5f228, 0xffffff8008082c0c], 288230359200237801
[0x7ca14da520, 0xffffff8008082c0c], 288230359200098845
[0x7ca14da520, 0xffffff8008082c0c], 288230359200098845
[0x7ca14da520, 0xffffff8008082c0c], 288230359200098845
[0x7ca14da520, 0xffffff8008082c0c], 288230359200098845
[0x7ca14da520, 0xffffff8008082c0c], 288230359200098845
[0x7ca14da520, 0xffffff8008082c0c], 288230359200098845
[0x7ca14da520, 0xffffff8008082c0c], 288230359200098845
[0x7ca14da520, 0xffffff8008082c0c], 288230359200098845
[0x7ca14db080, 0xffffff8008082c0c], 288230359200098799
[0x7ca14da520, 0xffffff8008082c0c], 288230359200098845
[0x7ca149cb3c, 0xffffff8008082c0c], 288230359200102789
[0x7ca0b6e5a4, 0xffffff8008082c0c], 288230359200253211
[0x7ca0b6e5a4, 0xffffff8008082c0c], 288230359200253211
[0x7ca14da9c0, 0xffffff8008082c0c], 288230359200098826
[0x7ca0b6fb90, 0xffffff8008082c0c], 288230359200253123
[0x7ca1d065a0, 0xffffff8008082c0c], 288230359199964955
[0x7ca4647618, 0xffffff8008082c0c], 288230359199289049
[0x7ca14da6a0, 0xffffff8008082c0c], 288230359200098839
[0x7ca4647618, 0xffffff8008082c0c], 288230359199289049
[0x7ca0b6e49c, 0xffffff8008082c0c], 288230359200253215
[0x7ca05e1ab4, 0xffffff8008082c0c], 288230359200344135
[0x7ca148f3c0, 0xffffff8008082c0c], 288230359200103650
[0x7ca4647618, 0xffffff8008082c0c], 288230359199289049
[0x7ca14db080, 0xffffff8008082c0c], 288230359200098799
[0x7ca14dbe20, 0xffffff8008082c0c], 288230359200098745
[0x7ca14db9e0, 0xffffff8008082c0c], 288230359200098762
[0x7ca14db480, 0xffffff8008082c0c], 288230359200098783
[0x7ca14dab80, 0xffffff8008082c0c], 288230359200098819
[0x7ca0c399f0, 0xffffff8008082c0c], 288230359200240202
[0x7ca0c2a074, 0xffffff8008082c0c], 288230359200241200
[0x7ca0c2a094, 0xffffff8008082c0c], 288230359200241199
[0x7ca0c2a0b0, 0xffffff8008082c0c], 288230359200241199
[0x7ca0c2a0b0, 0xffffff8008082c0c], 288230359200241199
[0x7ca0c28298, 0xffffff8008082c0c], 288230359200241319
[0x7ca0c282c4, 0xffffff8008082c0c], 288230359200241318
[0x7ca14efb34, 0xffffff8008082c0c], 288230359200097477
[0x7ca14da520, 0xffffff8008082c0c], 288230359200098845
[0x7ca14da500, 0xffffff8008082c0c], 288230359200098845
[0x7ca0c282dc, 0xffffff8008082c0c], 288230359200241318
[0x7ca148c008, 0xffffff8008082c0c], 288230359200103857
[0x7ca0c28298, 0xffffff8008082c0c], 288230359200241319
[0x7ca0c282c4, 0xffffff8008082c0c], 288230359200241318
[0x7ca0c282dc, 0xffffff8008082c0c], 288230359200241318
[0x7ca14da520, 0xffffff8008082c0c], 288230359200098845
[0x7ca148d220, 0xffffff8008082c0c], 288230359200103785
[0x7ca14da820, 0xffffff8008082c0c], 288230359200098833
[0x7ca14dbe00, 0xffffff8008082c0c], 288230359200098745
[0x7ca14da500, 0xffffff8008082c0c], 288230359200098845
[0x7ca14db480, 0xffffff8008082c0c], 288230359200098783
[0x7ca14da500, 0xffffff8008082c0c], 288230359200098845
[0x7ca09087a0, 0xffffff8008082c0c], 288230359200292499
[0x7ca0f31844, 0xffffff8008082c0c], 288230359200191568
[0x7ca0f332d0, 0xffffff8008082c0c], 288230359200191462
[0x7ca0f2ca54, 0xffffff8008082c0c], 288230359200191880
[0x7ca0f2ca54, 0xffffff8008082c0c], 288230359200191880
[0x7ca14f0654, 0xffffff8008082c0c], 288230359200097432
[0x7ca14ef7a4, 0xffffff8008082c0c], 288230359200097491
[0x7ca148d220, 0xffffff8008082c0c], 288230359200103785
[0x7ca0f32b94, 0xffffff8008082c0c], 288230359200191491
[0x7ca148d220, 0xffffff8008082c0c], 288230359200103785
[0x7ca0f32c44, 0xffffff8008082c0c], 288230359200191488
[0x7ca148c3c4, 0xffffff8008082c0c], 288230359200103842
[0x7ca0f2e668, 0xffffff8008082c0c], 288230359200191768
[0x7ca14da820, 0xffffff8008082c0c], 288230359200098833
[0x7ca148c3c4, 0xffffff8008082c0c], 288230359200103842
[0x7ca14db5a0, 0xffffff8008082c0c], 288230359200098779
[0x7ca14da500, 0xffffff8008082c0c], 288230359200098845
[0x7ca14da23c, 0xffffff8008082c0c], 288230359200098857
[0x7ca0f314d8, 0xffffff8008082c0c], 288230359200191582
[0x7ca0f314f8, 0xffffff8008082c0c], 288230359200191582
[0x7ca0f314f8, 0xffffff8008082c0c], 288230359200191582
[0x7ca0f314f8, 0xffffff8008082c0c], 288230359200191582
[0x7ca0f314f8, 0xffffff8008082c0c], 288230359200191582
[0x7ca0f314f8, 0xffffff8008082c0c], 288230359200191582
[0x7ca14b5ea0, 0xffffff8008082c0c], 288230359200101175
[0x7ca14da820, 0xffffff8008082c0c], 288230359200098833
[0x7ca14dbe00, 0xffffff8008082c0c], 288230359200098745
[0x7ca14da500, 0xffffff8008082c0c], 288230359200098845
[0x7ca14da820, 0xffffff8008082c0c], 288230359200098833
[0x7ca14dbe00, 0xffffff8008082c0c], 288230359200098745
[0x7ca14da500, 0xffffff8008082c0c], 288230359200098845
[0x7ca14da520, 0xffffff8008082c0c], 288230359200098845
[0x7ca148db0c, 0xffffff8008082c0c], 288230359200103749
[0x7ca14da520, 0xffffff8008082c0c], 288230359200098845
[0x7ca14da520, 0xffffff8008082c0c], 288230359200098845
[0x7ca14da520, 0xffffff8008082c0c], 288230359200098845
[0x7ca14da520, 0xffffff8008082c0c], 288230359200098845
[0x7ca14da520, 0xffffff8008082c0c], 288230359200098845
[0x7ca14da520, 0xffffff8008082c0c], 288230359200098845
[0x7ca14da520, 0xffffff8008082c0c], 288230359200098845
[0x7ca14da520, 0xffffff8008082c0c], 288230359200098845
[0x7ca14da520, 0xffffff8008082c0c], 288230359200098845
[0x7ca14da520, 0xffffff8008082c0c], 288230359200098845
[0x7ca14da520, 0xffffff8008082c0c], 288230359200098845
[0x7ca14da520, 0xffffff8008082c0c], 288230359200098845
[0x7ca14da520, 0xffffff8008082c0c], 288230359200098845
[0x7ca14da520, 0xffffff8008082c0c], 288230359200098845
[0x7ca14da520, 0xffffff8008082c0c], 288230359200098845
[0x7ca14da520, 0xffffff8008082c0c], 288230359200098845
[0x7ca14da520, 0xffffff8008082c0c], 288230359200098845
[0x7ca14da520, 0xffffff8008082c0c], 288230359200098845
[0x7ca14da520, 0xffffff8008082c0c], 288230359200098845
[0x7ca14da520, 0xffffff8008082c0c], 288230359200098845
[0x7ca14da520, 0xffffff8008082c0c], 288230359200098845
[0x7ca14da520, 0xffffff8008082c0c], 288230359200098845
[0x7ca14da520, 0xffffff8008082c0c], 288230359200098845
[0x7ca14da520, 0xffffff8008082c0c], 288230359200098845
[0x7ca14da520, 0xffffff8008082c0c], 288230359200098845
[0x7ca14da520, 0xffffff8008082c0c], 288230359200098845
[0x7ca14da520, 0xffffff8008082c0c], 288230359200098845
[0x7ca14da520, 0xffffff8008082c0c], 288230359200098845
[0x7ca14da520, 0xffffff8008082c0c], 288230359200098845
[0x7ca14da520, 0xffffff8008082c0c], 288230359200098845
[0x7ca14da520, 0xffffff8008082c0c], 288230359200098845
[0x7ca14da520, 0xffffff8008082c0c], 288230359200098845
[0x7ca14da520, 0xffffff8008082c0c], 288230359200098845
[0x7ca14da520, 0xffffff8008082c0c], 288230359200098845
[0x7ca14da520, 0xffffff8008082c0c], 288230359200098845
[0x7ca14da520, 0xffffff8008082c0c], 288230359200098845
[0x7ca14da520, 0xffffff8008082c0c], 288230359200098845
[0x7ca14da520, 0xffffff8008082c0c], 288230359200098845
[0x7ca14da520, 0xffffff8008082c0c], 288230359200098845
[0x7ca14da520, 0xffffff8008082c0c], 288230359200098845
[0x7ca14da520, 0xffffff8008082c0c], 288230359200098845
[0x7ca14da520, 0xffffff8008082c0c], 288230359200098845
[0x7ca14da520, 0xffffff8008082c0c], 288230359200098845
[0x7ca14da520, 0xffffff8008082c0c], 288230359200098845
[0x7ca14da520, 0xffffff8008082c0c], 288230359200098845
[0x7ca14da520, 0xffffff8008082c0c], 288230359200098845
[0x7ca14da520, 0xffffff8008082c0c], 288230359200098845
[0x7ca14da520, 0xffffff8008082c0c], 288230359200098845
[0x7ca14da520, 0xffffff8008082c0c], 288230359200098845
[0x7ca14da520, 0xffffff8008082c0c], 288230359200098845
[0x7ca14da520, 0xffffff8008082c0c], 288230359200098845
[0x7ca14da520, 0xffffff8008082c0c], 288230359200098845
[0x7ca14da520, 0xffffff8008082c0c], 288230359200098845
[0x7ca14da520, 0xffffff8008082c0c], 288230359200098845
[0x7ca14da520, 0xffffff8008082c0c], 288230359200098845
[0x7ca14da520, 0xffffff8008082c0c], 288230359200098845
[0x7ca14da520, 0xffffff8008082c0c], 288230359200098845
[0x7ca14da520, 0xffffff8008082c0c], 288230359200098845
[0x7ca14da520, 0xffffff8008082c0c], 288230359200098845
[0x7ca14da520, 0xffffff8008082c0c], 288230359200098845
[0x7ca14da520, 0xffffff8008082c0c], 288230359200098845
[0x7ca14da520, 0xffffff8008082c0c], 288230359200098845
[0x7ca14da520, 0xffffff8008082c0c], 288230359200098845
[0x7ca14da520, 0xffffff8008082c0c], 288230359200098845
[0x7ca14da520, 0xffffff8008082c0c], 288230359200098845
[0x7ca14da520, 0xffffff8008082c0c], 288230359200098845
[0x7ca14da520, 0xffffff8008082c0c], 288230359200098845
[0x7ca14da520, 0xffffff8008082c0c], 288230359200098845
[0x7ca14da520, 0xffffff8008082c0c], 288230359200098845
[0x7ca14da520, 0xffffff8008082c0c], 288230359200098845
[0x7ca14da520, 0xffffff8008082c0c], 288230359200098845
[0x7ca14da520, 0xffffff8008082c0c], 288230359200098845
[0x7ca14da520, 0xffffff8008082c0c], 288230359200098845
[0x7ca14da520, 0xffffff8008082c0c], 288230359200098845
[0x7ca14da520, 0xffffff8008082c0c], 288230359200098845
[0x7ca14da520, 0xffffff8008082c0c], 288230359200098845
[0x7ca14da520, 0xffffff8008082c0c], 288230359200098845
[0x7ca14da520, 0xffffff8008082c0c], 288230359200098845
[0x7ca14da520, 0xffffff8008082c0c], 288230359200098845
[0x7ca14da520, 0xffffff8008082c0c], 288230359200098845
[0x7ca14da520, 0xffffff8008082c0c], 288230359200098845
[0x7ca14da520, 0xffffff8008082c0c], 288230359200098845
[0x7ca14da520, 0xffffff8008082c0c], 288230359200098845
[0x7ca14da520, 0xffffff8008082c0c], 288230359200098845
[0x7ca14da520, 0xffffff8008082c0c], 288230359200098845
[0x7ca14da520, 0xffffff8008082c0c], 288230359200098845
[0x7ca14da520, 0xffffff8008082c0c], 288230359200098845
[0x7ca14da520, 0xffffff8008082c0c], 288230359200098845
[0x7ca14db480, 0xffffff8008082c0c], 288230359200098783
[0x7ca01336f4, 0xffffff8008082c0c], 288230359200420822
[0x7ca14efb10, 0xffffff8008082c0c], 288230359200097477
[0x7ca14efec8, 0xffffff8008082c0c], 288230359200097462
[0x7ca013374c, 0xffffff8008082c0c], 288230359200420820
[0x627c84d060, 0xffffff8008082c0c], 288230360954572144
[0x7ca14da8c0, 0xffffff8008082c0c], 288230359200098830
[0x7ca08054ec, 0xffffff8008082c0c], 288230359200309086
[0x7c1dfed57c, 0xffffff8008082c0c], 288230359234520412
[0x7c1e0e05e0, 0xffffff8008082c0c], 288230359234504858
[0x7c1e0e061c, 0xffffff8008082c0c], 288230359234504857
[0x7c1e0e0650, 0xffffff8008082c0c], 288230359234504856
[0x7c1e0e06b4, 0xffffff8008082c0c], 288230359234504855
[0x7c1e0e06bc, 0xffffff8008082c0c], 288230359234504855
[0x7c1e0e06c4, 0xffffff8008082c0c], 288230359234504854
[0x7c1e0e06cc, 0xffffff8008082c0c], 288230359234504854
[0x7c1e0e06e4, 0xffffff8008082c0c], 288230359234504854
[0x7c1e0e06ec, 0xffffff8008082c0c], 288230359234504854
[0x7c1dd7bf78, 0xffffff8008082c0c], 288230359234560436
[0x7c1dd6d380, 0xffffff8008082c0c], 288230359234561379
[0x70d2d310, 0xffffff8008082c0c], 288230367534306661
[0x70d2d310, 0xffffff8008082c0c], 288230367534306661
[0x70d2d328, 0xffffff8008082c0c], 288230367534306661
[0x702778b0, 0xffffff8008082c0c], 288230367534482127
[0x702778d8, 0xffffff8008082c0c], 288230367534482126
[0x7020cf80, 0xffffff8008082c0c], 288230367534488947
[0x7c1e1beac0, 0xffffff8008082c0c], 288230359234490630
[0x7c1e1beac0, 0xffffff8008082c0c], 288230359234490630
[0x7c1e05583c, 0xffffff8008082c0c], 288230359234513745
[0x7ca3175704, 0xffffff8008082c0c], 288230359199630165
[0x7ca31b49c0, 0xffffff8008082c0c], 288230359199626122
[0x7ca31b49c0, 0xffffff8008082c0c], 288230359199626122
[0x7c1e055948, 0xffffff8008082c0c], 288230359234513740
[0x7c1e05631c, 0xffffff8008082c0c], 288230359234513701
[0x7ca1d460a8, 0xffffff8008082c0c], 288230359199960879
[0x7c1e05635c, 0xffffff8008082c0c], 288230359234513700
[0x7c1e0899f4, 0xffffff8008082c0c], 288230359234510410
[0x7c1de92c54, 0xffffff8008082c0c], 288230359234542592
[0x7c1de75550, 0xffffff8008082c0c], 288230359234544476
[0x7ca4647618, 0xffffff8008082c0c], 288230359199289049
[0x7c1dec28fc, 0xffffff8008082c0c], 288230359234539534
[0x7c1dd87cd4, 0xffffff8008082c0c], 288230359234559678
[0x7c1dd80428, 0xffffff8008082c0c], 288230359234560161
[0x7c1dd804cc, 0xffffff8008082c0c], 288230359234560158
[0x7c1e05645c, 0xffffff8008082c0c], 288230359234513696
[0x7c1df78ce0, 0xffffff8008082c0c], 288230359234527870
[0x7c1dd80428, 0xffffff8008082c0c], 288230359234560161
[0x7c1dd804cc, 0xffffff8008082c0c], 288230359234560158
[0x7ca316e758, 0xffffff8008082c0c], 288230359199630612
[0x7ca316e794, 0xffffff8008082c0c], 288230359199630611
[0x7ca316c0d8, 0xffffff8008082c0c], 288230359199630766
[0x7ca316c104, 0xffffff8008082c0c], 288230359199630765
[0x7ca316c108, 0xffffff8008082c0c], 288230359199630765
[0x7ca316c108, 0xffffff8008082c0c], 288230359199630765
[0x7ca316c108, 0xffffff8008082c0c], 288230359199630765
[0x7ca316c108, 0xffffff8008082c0c], 288230359199630765
[0x7ca316c108, 0xffffff8008082c0c], 288230359199630765
[0x7ca316e7dc, 0xffffff8008082c0c], 288230359199630610
[0x7c1df6f76c, 0xffffff8008082c0c], 288230359234528468
[0x7ca3108324, 0xffffff8008082c0c], 288230359199637157
[0x7ca3108040, 0xffffff8008082c0c], 288230359199637168
[0x7ca2f285e0, 0xffffff8008082c0c], 288230359199667866
[0x7ca2f285e0, 0xffffff8008082c0c], 288230359199667866
[0x7ca14dbd40, 0xffffff8008082c0c], 288230359200098748
[0x7ca148c0d8, 0xffffff8008082c0c], 288230359200103854
[0x7ca148d220, 0xffffff8008082c0c], 288230359200103785
[0xffffff800853254c, 0xffffff8008082a0c], 288230376151634964
[0x7c1df792cc, 0xffffff8008082c0c], 288230359234527846
[0x7ca14dae60, 0xffffff8008082c0c], 288230359200098808
[0x7ca31b4bc0, 0xffffff8008082c0c], 288230359199626114
[0x7ca14db340, 0xffffff8008082c0c], 288230359200098788
[0x7ca3170884, 0xffffff8008082c0c], 288230359199630479
[0x7ca316ed78, 0xffffff8008082c0c], 288230359199630588
[0x7ca14db340, 0xffffff8008082c0c], 288230359200098788
[0x7ca3171968, 0xffffff8008082c0c], 288230359199630412
[0x7ca3171984, 0xffffff8008082c0c], 288230359199630411
[0x7ca148c008, 0xffffff8008082c0c], 288230359200103857
[0x7ca148c008, 0xffffff8008082c0c], 288230359200103857
[0x7ca316cd88, 0xffffff8008082c0c], 288230359199630715
[0x7ca316cd98, 0xffffff8008082c0c], 288230359199630715
[0x7ca3171bc8, 0xffffff8008082c0c], 288230359199630402
[0x7ca3171bc8, 0xffffff8008082c0c], 288230359199630402
[0x7ca14db480, 0xffffff8008082c0c], 288230359200098783
[0x7ca148c19c, 0xffffff8008082c0c], 288230359200103851
[0x7ca14db340, 0xffffff8008082c0c], 288230359200098788
[0x7ca316ec18, 0xffffff8008082c0c], 288230359199630593
[0x7ca14da500, 0xffffff8008082c0c], 288230359200098845
[0x7c1de26a00, 0xffffff8008082c0c], 288230359234549513
[0x7ca148c3c4, 0xffffff8008082c0c], 288230359200103842
[0x7c1de26ac8, 0xffffff8008082c0c], 288230359234549510
[0x7c1debbfdc, 0xffffff8008082c0c], 288230359234539954
[0x7ca14db380, 0xffffff8008082c0c], 288230359200098787
[0x7ca148c3c4, 0xffffff8008082c0c], 288230359200103842
[0x7c1de26ac8, 0xffffff8008082c0c], 288230359234549510
[0x7ca14db380, 0xffffff8008082c0c], 288230359200098787
[0x7ca14db380, 0xffffff8008082c0c], 288230359200098787
[0x7ca14db380, 0xffffff8008082c0c], 288230359200098787
[0x7c15dbdaac, 0xffffff8008082c0c], 288230359236653383
[0x7c15dbc418, 0xffffff8008082c0c], 288230359236653473
[0x7c15dbc454, 0xffffff8008082c0c], 288230359236653472
[0x7c15e86210, 0xffffff8008082c0c], 288230359236640553
[0x7c15db2cf4, 0xffffff8008082c0c], 288230359236654078
[0x7c15dafd2c, 0xffffff8008082c0c], 288230359236654269
[0x7c15dafd2c, 0xffffff8008082c0c], 288230359236654269
[0x7c15db410c, 0xffffff8008082c0c], 288230359236653997
[0x7c15c4fcdc, 0xffffff8008082c0c], 288230359236676798
[0x7c15d61120, 0xffffff8008082c0c], 288230359236659309
[0x7c15d4947c, 0xffffff8008082c0c], 288230359236660832
[0x7c15d3fbd8, 0xffffff8008082c0c], 288230359236661442
[0x7ca148c970, 0xffffff8008082c0c], 288230359200103820
[0x7c15d587a4, 0xffffff8008082c0c], 288230359236659859
[0x7c15d58b6c, 0xffffff8008082c0c], 288230359236659844
[0x7c15d61050, 0xffffff8008082c0c], 288230359236659312
[0x7ca1d460a8, 0xffffff8008082c0c], 288230359199960879
[0x7c15d66644, 0xffffff8008082c0c], 288230359236658968
[0x7c15d3fa54, 0xffffff8008082c0c], 288230359236661448
[0x7c15daffe4, 0xffffff8008082c0c], 288230359236654258
[0x7ca1473f4c, 0xffffff8008082c0c], 288230359200105396
[0x7ca145e948, 0xffffff8008082c0c], 288230359200106764
[0x7c15d70d58, 0xffffff8008082c0c], 288230359236658300
[0x7ca148c168, 0xffffff8008082c0c], 288230359200103852
[0x7c15d58b40, 0xffffff8008082c0c], 288230359236659844
[0x7c15d69500, 0xffffff8008082c0c], 288230359236658781
[0x7ca1473ebc, 0xffffff8008082c0c], 288230359200105399
[0x7ca1474ca8, 0xffffff8008082c0c], 288230359200105343
[0x7ca1473b64, 0xffffff8008082c0c], 288230359200105412
[0x7ca1473b6c, 0xffffff8008082c0c], 288230359200105412
[0x7ca14f0230, 0xffffff8008082c0c], 288230359200097449
[0x7ca14f0254, 0xffffff8008082c0c], 288230359200097448
[0x7ca14f0230, 0xffffff8008082c0c], 288230359200097449
[0x7ca14f0254, 0xffffff8008082c0c], 288230359200097448
[0x7ca1477c80, 0xffffff8008082c0c], 288230359200105151
[0x7c15d69500, 0xffffff8008082c0c], 288230359236658781
[0x7ca148c970, 0xffffff8008082c0c], 288230359200103820
[0x7ca1473f4c, 0xffffff8008082c0c], 288230359200105396
[0x7ca1473f5c, 0xffffff8008082c0c], 288230359200105396
[0x7ca1d460a8, 0xffffff8008082c0c], 288230359199960879
[0x7c15db4724, 0xffffff8008082c0c], 288230359236653973
[0x7c15db410c, 0xffffff8008082c0c], 288230359236653997
[0x7c15d821a4, 0xffffff8008082c0c], 288230359236657195
[0x7c15d58b6c, 0xffffff8008082c0c], 288230359236659844
[0x7c15d3fa54, 0xffffff8008082c0c], 288230359236661448
[0x7ca1455e40, 0xffffff8008082c0c], 288230359200107320
[0x7ca148c168, 0xffffff8008082c0c], 288230359200103852
[0x7c15d6956c, 0xffffff8008082c0c], 288230359236658780
[0x7c15d61050, 0xffffff8008082c0c], 288230359236659312
[0x7c15d61120, 0xffffff8008082c0c], 288230359236659309
[0x7c15d61094, 0xffffff8008082c0c], 288230359236659311
[0x7ca1d460a8, 0xffffff8008082c0c], 288230359199960879
[0x7ca1d460a8, 0xffffff8008082c0c], 288230359199960879
[0x7c15c54ff4, 0xffffff8008082c0c], 288230359236676466
[0x7ca1d460a8, 0xffffff8008082c0c], 288230359199960879
[0x7ca148c12c, 0xffffff8008082c0c], 288230359200103853
[0x7ca1d15cd8, 0xffffff8008082c0c], 288230359199963966
[0x7ca1d0a900, 0xffffff8008082c0c], 288230359199964685
[0x7ca1d110d4, 0xffffff8008082c0c], 288230359199964270
[0x7ca086e3b0, 0xffffff8008082c0c], 288230359200302371
[0x7ca086e574, 0xffffff8008082c0c], 288230359200302364
[0x7ca0875e20, 0xffffff8008082c0c], 288230359200301881
[0x7c15db6ec4, 0xffffff8008082c0c], 288230359236653814
[0x7c15c9b164, 0xffffff8008082c0c], 288230359236671980
[0x7ca1d11310, 0xffffff8008082c0c], 288230359199964261
[0x7c15d252fc, 0xffffff8008082c0c], 288230359236663142
[0x7ca14f0254, 0xffffff8008082c0c], 288230359200097448
[0x7c1e199168, 0xffffff8008082c0c], 288230359234493036
[0x7c1e1999e8, 0xffffff8008082c0c], 288230359234493002
[0x7ca148c970, 0xffffff8008082c0c], 288230359200103820
[0x7c1e1e5650, 0xffffff8008082c0c], 288230359234488152
[0x7c1e199984, 0xffffff8008082c0c], 288230359234493003
[0x7c1e143518, 0xffffff8008082c0c], 288230359234498525
[0x7ca14db340, 0xffffff8008082c0c], 288230359200098788
[0x7ca14db480, 0xffffff8008082c0c], 288230359200098783
[0x7ca14db380, 0xffffff8008082c0c], 288230359200098787
[0x7ca148f594, 0xffffff8008082c0c], 288230359200103643
[0x7ca14db340, 0xffffff8008082c0c], 288230359200098788
[0x7ca14db380, 0xffffff8008082c0c], 288230359200098787
[0x7ca148c3c4, 0xffffff8008082c0c], 288230359200103842
[0x7ca14da900, 0xffffff8008082c0c], 288230359200098829
[0x7ca14da900, 0xffffff8008082c0c], 288230359200098829
[0x7ca14eec84, 0xffffff8008082c0c], 288230359200097535
[0x7ca148ce60, 0xffffff8008082c0c], 288230359200103800
[0x7c1e0f3568, 0xffffff8008082c0c], 288230359234503644
[0x7ca14da820, 0xffffff8008082c0c], 288230359200098833
[0x7ca14e6ec8, 0xffffff8008082c0c], 288230359200098038
[0x7ca14e7368, 0xffffff8008082c0c], 288230359200098020
[0x7ca14dae00, 0xffffff8008082c0c], 288230359200098809
[0x7ca14db5a0, 0xffffff8008082c0c], 288230359200098779
[0x7ca14da500, 0xffffff8008082c0c], 288230359200098845
[0x7ca14db340, 0xffffff8008082c0c], 288230359200098788
[0x7ca14db480, 0xffffff8008082c0c], 288230359200098783
[0x7ca316ec18, 0xffffff8008082c0c], 288230359199630593
[0x7ca316ed4c, 0xffffff8008082c0c], 288230359199630588
[0x7ca14db380, 0xffffff8008082c0c], 288230359200098787
[0x7ca14db340, 0xffffff8008082c0c], 288230359200098788
[0x7ca14db380, 0xffffff8008082c0c], 288230359200098787
[0x7ca148c3c4, 0xffffff8008082c0c], 288230359200103842
[0x7ca14da900, 0xffffff8008082c0c], 288230359200098829
[0x7ca14da900, 0xffffff8008082c0c], 288230359200098829
[0x7ca14eec84, 0xffffff8008082c0c], 288230359200097535
[0x7ca148ce60, 0xffffff8008082c0c], 288230359200103800
[0x7ca4647618, 0xffffff8008082c0c], 288230359199289049
[0x7c1de5f84c, 0xffffff8008082c0c], 288230359234545872
[0x7c1dd80428, 0xffffff8008082c0c], 288230359234560161
[0x7c1dd804cc, 0xffffff8008082c0c], 288230359234560158
[0x7c1dd804cc, 0xffffff8008082c0c], 288230359234560158
[0x7c1dd82930, 0xffffff8008082c0c], 288230359234560013
[0x7c1dd8297c, 0xffffff8008082c0c], 288230359234560012
[0x7c1dd82984, 0xffffff8008082c0c], 288230359234560011
[0x7ca1455e40, 0xffffff8008082c0c], 288230359200107320
[0x7c1dd8297c, 0xffffff8008082c0c], 288230359234560012
[0x7c1dd82984, 0xffffff8008082c0c], 288230359234560011
[0x7ca148739c, 0xffffff8008082c0c], 288230359200104163
[0x7ca145e948, 0xffffff8008082c0c], 288230359200106764
[0x7ca14872c0, 0xffffff8008082c0c], 288230359200104166
[0x7ca145e948, 0xffffff8008082c0c], 288230359200106764
[0x7c1de5fa30, 0xffffff8008082c0c], 288230359234545865
[0x7c1dd804cc, 0xffffff8008082c0c], 288230359234560158
[0x7c1dd82930, 0xffffff8008082c0c], 288230359234560013
[0x7c1dd8297c, 0xffffff8008082c0c], 288230359234560012
[0x7c1dd82984, 0xffffff8008082c0c], 288230359234560011
[0x7ca4647618, 0xffffff8008082c0c], 288230359199289049
[0x7ca4647618, 0xffffff8008082c0c], 288230359199289049
[0x7c1de7ad38, 0xffffff8008082c0c], 288230359234544125
[0x7c1e108e6c, 0xffffff8008082c0c], 288230359234502264
[0x7ca14db340, 0xffffff8008082c0c], 288230359200098788
[0x7ca14db380, 0xffffff8008082c0c], 288230359200098787
[0x7ca14da900, 0xffffff8008082c0c], 288230359200098829
[0x7ca14da900, 0xffffff8008082c0c], 288230359200098829
[0x7ca14eec84, 0xffffff8008082c0c], 288230359200097535
[0x7ca14eec90, 0xffffff8008082c0c], 288230359200097535
[0x7ca148ce60, 0xffffff8008082c0c], 288230359200103800
[0x7ca148d220, 0xffffff8008082c0c], 288230359200103785
[0x7ca148d220, 0xffffff8008082c0c], 288230359200103785
[0x7c2979f660, 0xffffff8008082c0c], 288230359231510744
[0x7c2979e840, 0xffffff8008082c0c], 288230359231510800
[0x7ca148d220, 0xffffff8008082c0c], 288230359200103785
[0x7ca148d220, 0xffffff8008082c0c], 288230359200103785
[0x7ca148d220, 0xffffff8008082c0c], 288230359200103785
[0x7ca148d220, 0xffffff8008082c0c], 288230359200103785
[0x7ca148d220, 0xffffff8008082c0c], 288230359200103785
[0x7ca148d220, 0xffffff8008082c0c], 288230359200103785
[0x7c1dd804cc, 0xffffff8008082c0c], 288230359234560158
[0x7ca148d220, 0xffffff8008082c0c], 288230359200103785
[0x7ca148d220, 0xffffff8008082c0c], 288230359200103785
[0x7ca14db340, 0xffffff8008082c0c], 288230359200098788
[0x7ca14db380, 0xffffff8008082c0c], 288230359200098787
[0x7ca14dbb00, 0xffffff8008082c0c], 288230359200098757
[0x7ca14db480, 0xffffff8008082c0c], 288230359200098783
[0x7ca14db340, 0xffffff8008082c0c], 288230359200098788
[0x7ca14cb3b0, 0xffffff8008082c0c], 288230359200099811
[0x7ca14daf80, 0xffffff8008082c0c], 288230359200098803
[0x7ca14db380, 0xffffff8008082c0c], 288230359200098787
[0x7ca147e504, 0xffffff8008082c0c], 288230359200104733
[0x7ca145236c, 0xffffff8008082c0c], 288230359200107556
[0x7ca148c440, 0xffffff8008082c0c], 288230359200103840
[0x7ca148c440, 0xffffff8008082c0c], 288230359200103840
[0x7ca1473a7c, 0xffffff8008082c0c], 288230359200105416
[0x7ca14f0230, 0xffffff8008082c0c], 288230359200097449
[0x7ca14f0254, 0xffffff8008082c0c], 288230359200097448
[0x7ca1477c80, 0xffffff8008082c0c], 288230359200105151
[0x7c1e12d9b8, 0xffffff8008082c0c], 288230359234499915
[0x7c1e12d9d8, 0xffffff8008082c0c], 288230359234499914
[0x7c1e12dacc, 0xffffff8008082c0c], 288230359234499910
[0x7c1e12db00, 0xffffff8008082c0c], 288230359234499909
[0x7ca14db380, 0xffffff8008082c0c], 288230359200098787
[0x7ca14db280, 0xffffff8008082c0c], 288230359200098791
[0x7c1e11f8ec, 0xffffff8008082c0c], 288230359234500814
[0x7c1e1dc790, 0xffffff8008082c0c], 288230359234488723
[0x7c1e122034, 0xffffff8008082c0c], 288230359234500657
[0x7c1e1421ec, 0xffffff8008082c0c], 288230359234498602
[0x7c1e14227c, 0xffffff8008082c0c], 288230359234498600
[0x7c1dfb1760, 0xffffff8008082c0c], 288230359234524244
[0x7c1dfb17f4, 0xffffff8008082c0c], 288230359234524242
[0x7c1ded42c0, 0xffffff8008082c0c], 288230359234538406
[0x7ca14db340, 0xffffff8008082c0c], 288230359200098788
[0x7ca14db480, 0xffffff8008082c0c], 288230359200098783
[0x7c1e0dd7fc, 0xffffff8008082c0c], 288230359234505042
[0x7c1dfb188c, 0xffffff8008082c0c], 288230359234524239
[0x7c1e141158, 0xffffff8008082c0c], 288230359234498668
[0x7c1e141268, 0xffffff8008082c0c], 288230359234498664
[0x7c1e141284, 0xffffff8008082c0c], 288230359234498663
[0x7c1e141290, 0xffffff8008082c0c], 288230359234498663
[0x7c1e1cee4c, 0xffffff8008082c0c], 288230359234489592
[0x7c1e030040, 0xffffff8008082c0c], 288230359234516144
[0x7ca302af24, 0xffffff8008082c0c], 288230359199651317
[0x7c1ddc1eb0, 0xffffff8008082c0c], 288230359234555959
[0x7c1debcae4, 0xffffff8008082c0c], 288230359234539910
[0x7c1debcb0c, 0xffffff8008082c0c], 288230359234539909
[0x7ca14db380, 0xffffff8008082c0c], 288230359200098787
[0x7c1ddc22f0, 0xffffff8008082c0c], 288230359234555942
[0x7c1de8bd6c, 0xffffff8008082c0c], 288230359234543036
[0x7c1ddbbbf4, 0xffffff8008082c0c], 288230359234556354
[0x7c1ded4e70, 0xffffff8008082c0c], 288230359234538360
[0x7c1ded4e74, 0xffffff8008082c0c], 288230359234538360
[0x7ca14da7c0, 0xffffff8008082c0c], 288230359200098834
[0x7c1dfac43c, 0xffffff8008082c0c], 288230359234524577
[0x7c1dfb0d78, 0xffffff8008082c0c], 288230359234524284
[0x7c1dfba774, 0xffffff8008082c0c], 288230359234523668
[0x7c1dfd81e8, 0xffffff8008082c0c], 288230359234521770
[0x7c1e0e061c, 0xffffff8008082c0c], 288230359234504857
[0x7c1e0e06b4, 0xffffff8008082c0c], 288230359234504855
[0x7c1e0e06bc, 0xffffff8008082c0c], 288230359234504855
[0x7c1e0e06c4, 0xffffff8008082c0c], 288230359234504854
[0x7c1e0e06cc, 0xffffff8008082c0c], 288230359234504854
[0x7c1e0e06e4, 0xffffff8008082c0c], 288230359234504854
[0x7c1e0e06ec, 0xffffff8008082c0c], 288230359234504854
[0x70011ac0, 0xffffff8008082c0c], 288230367534521414
[0x70011ac0, 0xffffff8008082c0c], 288230367534521414
[0x70011b0c, 0xffffff8008082c0c], 288230367534521413
[0x70011b74, 0xffffff8008082c0c], 288230367534521412
[0x70011b80, 0xffffff8008082c0c], 288230367534521411
[0x7c1dd6d77c, 0xffffff8008082c0c], 288230359234561364
[0x6ff65720, 0xffffff8008082c0c], 288230367534532437
[0x7c1dd75010, 0xffffff8008082c0c], 288230359234560881
[0x7c1dd6d77c, 0xffffff8008082c0c], 288230359234561364
[0x7c1dfdefa8, 0xffffff8008082c0c], 288230359234521331
[0x7ca14db480, 0xffffff8008082c0c], 288230359200098783
[0x7c1de014e4, 0xffffff8008082c0c], 288230359234551902
[0x7c1e0fd464, 0xffffff8008082c0c], 288230359234503008
[0x7ca148c168, 0xffffff8008082c0c], 288230359200103852
[0x7c1e0fd678, 0xffffff8008082c0c], 288230359234503000
[0x70014208, 0xffffff8008082c0c], 288230367534521257
[0x70014394, 0xffffff8008082c0c], 288230367534521251
[0x700143a8, 0xffffff8008082c0c], 288230367534521251
[0x700143b4, 0xffffff8008082c0c], 288230367534521251
[0x7c1e142ef4, 0xffffff8008082c0c], 288230359234498550
[0x7ca148d220, 0xffffff8008082c0c], 288230359200103785
[0x7ca148d220, 0xffffff8008082c0c], 288230359200103785
[0x7ca14db340, 0xffffff8008082c0c], 288230359200098788
[0x7ca14db380, 0xffffff8008082c0c], 288230359200098787
[0x7ca14dbb00, 0xffffff8008082c0c], 288230359200098757
[0x7ca14db480, 0xffffff8008082c0c], 288230359200098783
[0x7ca14db340, 0xffffff8008082c0c], 288230359200098788
[0x7ca14db380, 0xffffff8008082c0c], 288230359200098787
[0x7ca145236c, 0xffffff8008082c0c], 288230359200107556
[0x7ca148c440, 0xffffff8008082c0c], 288230359200103840
[0x7ca1473a7c, 0xffffff8008082c0c], 288230359200105416
[0x7ca14f0230, 0xffffff8008082c0c], 288230359200097449
[0x7ca14f0254, 0xffffff8008082c0c], 288230359200097448
[0x7c1e12d9b8, 0xffffff8008082c0c], 288230359234499915
[0x7c1e12d9d8, 0xffffff8008082c0c], 288230359234499914
[0x7ca148c41c, 0xffffff8008082c0c], 288230359200103841
[0x7ca14db380, 0xffffff8008082c0c], 288230359200098787
[0x7ca14db280, 0xffffff8008082c0c], 288230359200098791
[0x7c1dfb17f4, 0xffffff8008082c0c], 288230359234524242
[0x7ca14db340, 0xffffff8008082c0c], 288230359200098788
[0x7ca14db480, 0xffffff8008082c0c], 288230359200098783
[0x7ca14db480, 0xffffff8008082c0c], 288230359200098783
[0x7ca148d220, 0xffffff8008082c0c], 288230359200103785
[0x7ca148d220, 0xffffff8008082c0c], 288230359200103785
[0x7ca14db340, 0xffffff8008082c0c], 288230359200098788
[0x7ca14db380, 0xffffff8008082c0c], 288230359200098787
[0x7ca14dbb00, 0xffffff8008082c0c], 288230359200098757
[0x7ca14db480, 0xffffff8008082c0c], 288230359200098783
[0x7ca14db340, 0xffffff8008082c0c], 288230359200098788
[0x7ca14db380, 0xffffff8008082c0c], 288230359200098787
[0x7ca148c440, 0xffffff8008082c0c], 288230359200103840
[0x7ca148c440, 0xffffff8008082c0c], 288230359200103840
[0x7ca1473a7c, 0xffffff8008082c0c], 288230359200105416
[0x7ca14f0230, 0xffffff8008082c0c], 288230359200097449
[0x7ca14f0254, 0xffffff8008082c0c], 288230359200097448
[0x7ca14f0230, 0xffffff8008082c0c], 288230359200097449
[0x7ca14f0254, 0xffffff8008082c0c], 288230359200097448
[0x7c1e12d9b8, 0xffffff8008082c0c], 288230359234499915
[0x7c1e12d9d8, 0xffffff8008082c0c], 288230359234499914
[0x7ca148c41c, 0xffffff8008082c0c], 288230359200103841
[0x7ca14db380, 0xffffff8008082c0c], 288230359200098787
[0x7ca14db280, 0xffffff8008082c0c], 288230359200098791
[0x7ca14db340, 0xffffff8008082c0c], 288230359200098788
[0x7ca14db480, 0xffffff8008082c0c], 288230359200098783
[0x7ca14db380, 0xffffff8008082c0c], 288230359200098787
[0x7c1ddc22f0, 0xffffff8008082c0c], 288230359234555942
[0x7c1ded4e70, 0xffffff8008082c0c], 288230359234538360
[0x7c1ded4e74, 0xffffff8008082c0c], 288230359234538360
[0x7ca14da7c0, 0xffffff8008082c0c], 288230359200098834
[0x70011ac0, 0xffffff8008082c0c], 288230367534521414
[0x7ca14db480, 0xffffff8008082c0c], 288230359200098783
[0x7ca148d220, 0xffffff8008082c0c], 288230359200103785
[0x7ca148d220, 0xffffff8008082c0c], 288230359200103785
[0x7ca14da940, 0xffffff8008082c0c], 288230359200098828
[0x7c1e0fada8, 0xffffff8008082c0c], 288230359234503163
[0x7c1e0fadac, 0xffffff8008082c0c], 288230359234503163
[0x7c1879f014, 0xffffff8008082c0c], 288230359235967217
[0x7c1dde0fa8, 0xffffff8008082c0c], 288230359234553971
[0x7ca0134234, 0xffffff8008082c0c], 288230359200420777
[0x7ca14b5e3c, 0xffffff8008082c0c], 288230359200101177
[0x7ca14da520, 0xffffff8008082c0c], 288230359200098845
[0x7ca14da520, 0xffffff8008082c0c], 288230359200098845
[0x7ca14da520, 0xffffff8008082c0c], 288230359200098845
[0x7ca14da520, 0xffffff8008082c0c], 288230359200098845
[0x7ca14da520, 0xffffff8008082c0c], 288230359200098845
[0x7ca14da520, 0xffffff8008082c0c], 288230359200098845
[0x7ca14da520, 0xffffff8008082c0c], 288230359200098845
[0x7ca14da520, 0xffffff8008082c0c], 288230359200098845
[0x7ca14da520, 0xffffff8008082c0c], 288230359200098845
[0x7ca14db080, 0xffffff8008082c0c], 288230359200098799
[0x7ca14daea0, 0xffffff8008082c0c], 288230359200098807
[0x7ca14daec0, 0xffffff8008082c0c], 288230359200098806
[0x7ca14dae80, 0xffffff8008082c0c], 288230359200098807
[0x7ca14daee0, 0xffffff8008082c0c], 288230359200098806
[0x7ca14daee0, 0xffffff8008082c0c], 288230359200098806
[0x7ca14da9c0, 0xffffff8008082c0c], 288230359200098826
[0x7ca4647618, 0xffffff8008082c0c], 288230359199289049
[0x7ca14da6a0, 0xffffff8008082c0c], 288230359200098839
[0x7ca4647618, 0xffffff8008082c0c], 288230359199289049
[0x7ca4647618, 0xffffff8008082c0c], 288230359199289049
[0x7ca148ed00, 0xffffff8008082c0c], 288230359200103677
[0x7ca14db080, 0xffffff8008082c0c], 288230359200098799
[0x7ca14dbe20, 0xffffff8008082c0c], 288230359200098745
[0x70277900, 0xffffff8008082c0c], 288230367534482125
[0x6ff280c0, 0xffffff8008082c0c], 288230367534536366
[0x7c160f11fc, 0xffffff8008082c0c], 288230359236600938
[0x7c160f7de0, 0xffffff8008082c0c], 288230359236600506
[0x7c16126714, 0xffffff8008082c0c], 288230359236597525
[0x7c16129740, 0xffffff8008082c0c], 288230359236597332
[0x7ca4647388, 0xffffff8008082c0c], 288230359199289059
[0x70277918, 0xffffff8008082c0c], 288230367534482125
[0x6ff427a0, 0xffffff8008082c0c], 288230367534534675
[0x6ff427b8, 0xffffff8008082c0c], 288230367534534675
[0x6ff427d8, 0xffffff8008082c0c], 288230367534534674
[0x6ff427e8, 0xffffff8008082c0c], 288230367534534674
[0x70066990, 0xffffff8008082c0c], 288230367534515979
[0x700669cc, 0xffffff8008082c0c], 288230367534515978
[0x700669f8, 0xffffff8008082c0c], 288230367534515978
[0x700669f8, 0xffffff8008082c0c], 288230367534515978
[0x70066a00, 0xffffff8008082c0c], 288230367534515977
[0x70647044, 0xffffff8008082c0c], 288230367534419696
[0x70d2d860, 0xffffff8008082c0c], 288230367534306640
[0x70ad6730, 0xffffff8008082c0c], 288230367534344981
[0x70615570, 0xffffff8008082c0c], 288230367534422876
[0x7ca226589c, 0xffffff8008082c0c], 288230359199876943
[0x7ca22658b4, 0xffffff8008082c0c], 288230359199876943
[0x7ca148c680, 0xffffff8008082c0c], 288230359200103831
[0x7ca148ed00, 0xffffff8008082c0c], 288230359200103677
[0x7ca14efb34, 0xffffff8008082c0c], 288230359200097477
[0x70ad6770, 0xffffff8008082c0c], 288230367534344980
[0x7060c9c0, 0xffffff8008082c0c], 288230367534423434
[0x70277970, 0xffffff8008082c0c], 288230367534482124
[0x702779a8, 0xffffff8008082c0c], 288230367534482123
[0x702779b0, 0xffffff8008082c0c], 288230367534482123
[0x702779b4, 0xffffff8008082c0c], 288230367534482123
[0x7c1dd6d77c, 0xffffff8008082c0c], 288230359234561364
[0x7c1dd75028, 0xffffff8008082c0c], 288230359234560881
[0x70011914, 0xffffff8008082c0c], 288230367534521421
[0x70011f74, 0xffffff8008082c0c], 288230367534521396
[0x70278e8c, 0xffffff8008082c0c], 288230367534482039
[0x7c1e12d9b8, 0xffffff8008082c0c], 288230359234499915
[0x7c1e12d9d8, 0xffffff8008082c0c], 288230359234499914
[0x7c1e12d9fc, 0xffffff8008082c0c], 288230359234499914
[0x7c1ded4a6c, 0xffffff8008082c0c], 288230359234538376
[0x7c1ded4e70, 0xffffff8008082c0c], 288230359234538360
[0x7c1ded4e74, 0xffffff8008082c0c], 288230359234538360
[0x7ca14db340, 0xffffff8008082c0c], 288230359200098788
[0x7ca14db480, 0xffffff8008082c0c], 288230359200098783
[0x7ca14db340, 0xffffff8008082c0c], 288230359200098788
[0x7ca14db380, 0xffffff8008082c0c], 288230359200098787
[0x7ca14da900, 0xffffff8008082c0c], 288230359200098829
[0x7ca14da900, 0xffffff8008082c0c], 288230359200098829
[0x7ca14eec84, 0xffffff8008082c0c], 288230359200097535
[0x7ca14eec90, 0xffffff8008082c0c], 288230359200097535
[0x7ca148ce60, 0xffffff8008082c0c], 288230359200103800
[0x702779a8, 0xffffff8008082c0c], 288230367534482123
[0x702779b0, 0xffffff8008082c0c], 288230367534482123
[0x7c1dd6d77c, 0xffffff8008082c0c], 288230359234561364
[0x7c1e12d9b8, 0xffffff8008082c0c], 288230359234499915
[0x7ca148c41c, 0xffffff8008082c0c], 288230359200103841
[0x7ca14db340, 0xffffff8008082c0c], 288230359200098788
[0x7ca14db480, 0xffffff8008082c0c], 288230359200098783
[0x7ca316ed4c, 0xffffff8008082c0c], 288230359199630588
[0x7ca14db340, 0xffffff8008082c0c], 288230359200098788
[0x7ca14db380, 0xffffff8008082c0c], 288230359200098787
[0x7ca14da900, 0xffffff8008082c0c], 288230359200098829
[0x7ca14da900, 0xffffff8008082c0c], 288230359200098829
[0x7ca14eec84, 0xffffff8008082c0c], 288230359200097535
[0x7ca14eec90, 0xffffff8008082c0c], 288230359200097535
[0x7ca148ce60, 0xffffff8008082c0c], 288230359200103800
[0x702779a8, 0xffffff8008082c0c], 288230367534482123
[0x702779b0, 0xffffff8008082c0c], 288230367534482123
[0x7c1dd6d77c, 0xffffff8008082c0c], 288230359234561364
[0x7c1e12d9b8, 0xffffff8008082c0c], 288230359234499915
[0x7ca14db340, 0xffffff8008082c0c], 288230359200098788
[0x7ca14db480, 0xffffff8008082c0c], 288230359200098783
[0x7ca14db340, 0xffffff8008082c0c], 288230359200098788
[0x7ca14db380, 0xffffff8008082c0c], 288230359200098787
[0x7ca14da900, 0xffffff8008082c0c], 288230359200098829
[0x7ca14da900, 0xffffff8008082c0c], 288230359200098829
[0x7ca14eec84, 0xffffff8008082c0c], 288230359200097535
[0x7ca14eec90, 0xffffff8008082c0c], 288230359200097535
[0x7ca148ce60, 0xffffff8008082c0c], 288230359200103800
[0x7c1e03fccc, 0xffffff8008082c0c], 288230359234515134
[0x7c1dd80428, 0xffffff8008082c0c], 288230359234560161
[0x7c1dd804cc, 0xffffff8008082c0c], 288230359234560158
[0x70014260, 0xffffff8008082c0c], 288230367534521256
[0x6ff50260, 0xffffff8008082c0c], 288230367534533800
[0x7c1e063538, 0xffffff8008082c0c], 288230359234512861
[0x7c1de10a78, 0xffffff8008082c0c], 288230359234550920
[0x7c1de10ae8, 0xffffff8008082c0c], 288230359234550918
[0x7c1e01df80, 0xffffff8008082c0c], 288230359234517299
[0x7c1e01dfa0, 0xffffff8008082c0c], 288230359234517299
[0x7c1dd9c2c8, 0xffffff8008082c0c], 288230359234558374
[0x7c1ddd2954, 0xffffff8008082c0c], 288230359234554892
[0x7c1ddd2a20, 0xffffff8008082c0c], 288230359234554889
[0x7c1ddd2a4c, 0xffffff8008082c0c], 288230359234554888
[0x7c1ddd2a4c, 0xffffff8008082c0c], 288230359234554888
[0x7c1ddd2a4c, 0xffffff8008082c0c], 288230359234554888
[0x7c1ddd2a4c, 0xffffff8008082c0c], 288230359234554888
[0x7c1dd9e5dc, 0xffffff8008082c0c], 288230359234558234
[0x7c1dd9e66c, 0xffffff8008082c0c], 288230359234558232
[0x7c1dd9e670, 0xffffff8008082c0c], 288230359234558232
[0x7c1dd9e68c, 0xffffff8008082c0c], 288230359234558231
[0x7c1ddd2a4c, 0xffffff8008082c0c], 288230359234554888
[0x7c1ddd2a4c, 0xffffff8008082c0c], 288230359234554888
[0x7c1ddd2a4c, 0xffffff8008082c0c], 288230359234554888
[0x7c1ddd2a4c, 0xffffff8008082c0c], 288230359234554888
[0x7c1ddd2a4c, 0xffffff8008082c0c], 288230359234554888
[0x7c1dd9e5dc, 0xffffff8008082c0c], 288230359234558234
[0x7c1dd9e68c, 0xffffff8008082c0c], 288230359234558231
[0x7c1dd9e5dc, 0xffffff8008082c0c], 288230359234558234
[0x7c1de10be8, 0xffffff8008082c0c], 288230359234550914
[0x7c1ded4e70, 0xffffff8008082c0c], 288230359234538360
[0x7c1ded4e74, 0xffffff8008082c0c], 288230359234538360
[0x7c1e12d9b8, 0xffffff8008082c0c], 288230359234499915
[0x7c1e12d9d8, 0xffffff8008082c0c], 288230359234499914
[0x7ca14db340, 0xffffff8008082c0c], 288230359200098788
[0x7ca14db480, 0xffffff8008082c0c], 288230359200098783
[0x7ca14db340, 0xffffff8008082c0c], 288230359200098788
[0x7ca14db380, 0xffffff8008082c0c], 288230359200098787
[0x7ca14da900, 0xffffff8008082c0c], 288230359200098829
[0x7ca14da900, 0xffffff8008082c0c], 288230359200098829
[0x7ca14eec84, 0xffffff8008082c0c], 288230359200097535
[0x7ca14eec90, 0xffffff8008082c0c], 288230359200097535
[0x7ca148ce60, 0xffffff8008082c0c], 288230359200103800
[0x70d31a68, 0xffffff8008082c0c], 288230367534306376
[0x70d31a70, 0xffffff8008082c0c], 288230367534306376
[0x70d31a74, 0xffffff8008082c0c], 288230367534306376
[0x70d31a78, 0xffffff8008082c0c], 288230367534306376
[0x70d37430, 0xffffff8008082c0c], 288230367534306017
[0x70d363a0, 0xffffff8008082c0c], 288230367534306083
[0x70d363a8, 0xffffff8008082c0c], 288230367534306083
[0x70d363ac, 0xffffff8008082c0c], 288230367534306083
[0x70687e70, 0xffffff8008082c0c], 288230367534415544
[0x70687e94, 0xffffff8008082c0c], 288230367534415543
[0x70687ea4, 0xffffff8008082c0c], 288230367534415543
[0x706523e0, 0xffffff8008082c0c], 288230367534418978
[0x70758f20, 0xffffff8008082c0c], 288230367534402165
[0x70a8f8b0, 0xffffff8008082c0c], 288230367534349519
[0x7c1dd6d77c, 0xffffff8008082c0c], 288230359234561364
[0x70d31a98, 0xffffff8008082c0c], 288230367534306375
[0x70290400, 0xffffff8008082c0c], 288230367534480545
[0x70290418, 0xffffff8008082c0c], 288230367534480545
[0x7028c1c0, 0xffffff8008082c0c], 288230367534480810
[0x70d31ae4, 0xffffff8008082c0c], 288230367534306374
[0x70d3009c, 0xffffff8008082c0c], 288230367534306479
[0x70d300b0, 0xffffff8008082c0c], 288230367534306479
[0x70d300b4, 0xffffff8008082c0c], 288230367534306479
[0x70d310c8, 0xffffff8008082c0c], 288230367534306414
[0x70d310d8, 0xffffff8008082c0c], 288230367534306414
[0x70a8e838, 0xffffff8008082c0c], 288230367534349585
[0x7c1dd6d77c, 0xffffff8008082c0c], 288230359234561364
[0x70a8f8f8, 0xffffff8008082c0c], 288230367534349518
[0x7026ef30, 0xffffff8008082c0c], 288230367534482677
[0x7026ef64, 0xffffff8008082c0c], 288230367534482676
[0x7026ef64, 0xffffff8008082c0c], 288230367534482676
[0x7026ef74, 0xffffff8008082c0c], 288230367534482676
[0x7026ef7c, 0xffffff8008082c0c], 288230367534482676
[0x7c1dd75fec, 0xffffff8008082c0c], 288230359234560818
[0x7c1dd75fec, 0xffffff8008082c0c], 288230359234560818
[0x7c1dd75ff4, 0xffffff8008082c0c], 288230359234560818
[0x7c1dd75ffc, 0xffffff8008082c0c], 288230359234560818
[0x7c1dd76010, 0xffffff8008082c0c], 288230359234560817
[0x7c1dd7602c, 0xffffff8008082c0c], 288230359234560817
[0x70303f50, 0xffffff8008082c0c], 288230367534473140
[0x70303f7c, 0xffffff8008082c0c], 288230367534473140
[0x70303f8c, 0xffffff8008082c0c], 288230367534473139
[0x6ff3c740, 0xffffff8008082c0c], 288230367534535060
[0x7c160e5050, 0xffffff8008082c0c], 288230359236601712
[0x7ca14db060, 0xffffff8008082c0c], 288230359200098800
[0x703040b8, 0xffffff8008082c0c], 288230367534473135
[0x703040cc, 0xffffff8008082c0c], 288230367534473134
[0x703040d0, 0xffffff8008082c0c], 288230367534473134
[0x7c1dd76010, 0xffffff8008082c0c], 288230359234560817
[0x7c1dd7602c, 0xffffff8008082c0c], 288230359234560817
[0x7c1790a764, 0xffffff8008082c0c], 288230359236206100
[0x7c17919ad0, 0xffffff8008082c0c], 288230359236205126
[0x7c17919ad0, 0xffffff8008082c0c], 288230359236205126
[0x7ca0944b8c, 0xffffff8008082c0c], 288230359200288643
[0x7ca0945354, 0xffffff8008082c0c], 288230359200288612
[0x7c1dfdb6e8, 0xffffff8008082c0c], 288230359234521558
[0x7c1dfdea14, 0xffffff8008082c0c], 288230359234521353
[0x7ca14da500, 0xffffff8008082c0c], 288230359200098845
[0x70d301f8, 0xffffff8008082c0c], 288230367534306474
[0x7ca08932d4, 0xffffff8008082c0c], 288230359200300006
[0x7c1de8f184, 0xffffff8008082c0c], 288230359234542827
[0x7c1de8f188, 0xffffff8008082c0c], 288230359234542827
[0x7ca4647618, 0xffffff8008082c0c], 288230359199289049
[0x7ca2c145a8, 0xffffff8008082c0c], 288230359199718299
[0x7ca080891c, 0xffffff8008082c0c], 288230359200308877
[0x7ca14db480, 0xffffff8008082c0c], 288230359200098783
[0x7ca08052b0, 0xffffff8008082c0c], 288230359200309095
[0x7ca148c394, 0xffffff8008082c0c], 288230359200103843
[0x70d30270, 0xffffff8008082c0c], 288230367534306472
[0x70d2c790, 0xffffff8008082c0c], 288230367534306707
[0x70d2c798, 0xffffff8008082c0c], 288230367534306707
[0x70d2c79c, 0xffffff8008082c0c], 288230367534306707
[0x701857b0, 0xffffff8008082c0c], 288230367534497619
[0x7c1dd6d77c, 0xffffff8008082c0c], 288230359234561364
[0x7018581c, 0xffffff8008082c0c], 288230367534497617
[0x70185824, 0xffffff8008082c0c], 288230367534497617
[0x70185828, 0xffffff8008082c0c], 288230367534497617
[0x70127a30, 0xffffff8008082c0c], 288230367534503625
[0x70127a58, 0xffffff8008082c0c], 288230367534503624
[0x7c1dd6d77c, 0xffffff8008082c0c], 288230359234561364
[0x701829b4, 0xffffff8008082c0c], 288230367534497803
[0x70127aec, 0xffffff8008082c0c], 288230367534503622
[0x7012715c, 0xffffff8008082c0c], 288230367534503660
[0x7c1dd75010, 0xffffff8008082c0c], 288230359234560881
[0x7c1dd75010, 0xffffff8008082c0c], 288230359234560881
[0x70185680, 0xffffff8008082c0c], 288230367534497623
[0x700b8a60, 0xffffff8008082c0c], 288230367534510728
[0x7c1dd75010, 0xffffff8008082c0c], 288230359234560881
[0x70d2c854, 0xffffff8008082c0c], 288230367534306704
[0x700e9030, 0xffffff8008082c0c], 288230367534507633
[0x7c1e011058, 0xffffff8008082c0c], 288230359234518128
[0x7c1ddd2a4c, 0xffffff8008082c0c], 288230359234554888
[0x7c1dd9e5dc, 0xffffff8008082c0c], 288230359234558234
[0x7c1dd9e66c, 0xffffff8008082c0c], 288230359234558232
[0x7c1dd9e670, 0xffffff8008082c0c], 288230359234558232
[0x7c1dd9e68c, 0xffffff8008082c0c], 288230359234558231
[0x7c1dd9e694, 0xffffff8008082c0c], 288230359234558231
[0x7c1ddd2a4c, 0xffffff8008082c0c], 288230359234554888
[0x7c1dd9e5dc, 0xffffff8008082c0c], 288230359234558234
[0x7c1dd9e66c, 0xffffff8008082c0c], 288230359234558232
[0x7c1dd9e670, 0xffffff8008082c0c], 288230359234558232
[0x7c1dd9e68c, 0xffffff8008082c0c], 288230359234558231
[0x7c1dd9e694, 0xffffff8008082c0c], 288230359234558231
[0x7c1ddd2a4c, 0xffffff8008082c0c], 288230359234554888
[0x7c1e0238a4, 0xffffff8008082c0c], 288230359234516943
[0x7c1e0238ac, 0xffffff8008082c0c], 288230359234516943
[0x7c1e0238a4, 0xffffff8008082c0c], 288230359234516943
[0x7c1e010a7c, 0xffffff8008082c0c], 288230359234518152
[0x7c1e0238a4, 0xffffff8008082c0c], 288230359234516943
[0x7c1dd75010, 0xffffff8008082c0c], 288230359234560881
[0x70d2bd2c, 0xffffff8008082c0c], 288230367534306749
[0x7c1dd75010, 0xffffff8008082c0c], 288230359234560881
[0x70d2bd60, 0xffffff8008082c0c], 288230367534306748
[0x6ff925d0, 0xffffff8008082c0c], 288230367534529562
[0x70d2bdd0, 0xffffff8008082c0c], 288230367534306746
[0x70276a58, 0xffffff8008082c0c], 288230367534482184
[0x70276a7c, 0xffffff8008082c0c], 288230367534482184
[0x70276a84, 0xffffff8008082c0c], 288230367534482183
[0x7c1dd6d77c, 0xffffff8008082c0c], 288230359234561364
[0x7006a174, 0xffffff8008082c0c], 288230367534515756
[0x702d2a70, 0xffffff8008082c0c], 288230367534476296
[0x7c1dd6d77c, 0xffffff8008082c0c], 288230359234561364
[0x70d2bde8, 0xffffff8008082c0c], 288230367534306746
[0x6ffa16b0, 0xffffff8008082c0c], 288230367534528599
[0x6ffa16e0, 0xffffff8008082c0c], 288230367534528598
[0x6ffa16e8, 0xffffff8008082c0c], 288230367534528598
[0x7c1dd6d77c, 0xffffff8008082c0c], 288230359234561364
[0x7c1dd75010, 0xffffff8008082c0c], 288230359234560881
[0x6ffa44a0, 0xffffff8008082c0c], 288230367534528415
[0x7005e170, 0xffffff8008082c0c], 288230367534516524
[0x7c1dd75010, 0xffffff8008082c0c], 288230359234560881
[0x7c1dd75028, 0xffffff8008082c0c], 288230359234560881
[0x6ffa457c, 0xffffff8008082c0c], 288230367534528412
[0x7c1dd75010, 0xffffff8008082c0c], 288230359234560881
[0x6ffa4b08, 0xffffff8008082c0c], 288230367534528389
[0x700472b0, 0xffffff8008082c0c], 288230367534517991
[0x6ffa4b30, 0xffffff8008082c0c], 288230367534528389
[0x6ffa4b3c, 0xffffff8008082c0c], 288230367534528389
[0x6ffa4b48, 0xffffff8008082c0c], 288230367534528388
[0x6ff9f730, 0xffffff8008082c0c], 288230367534528725
[0x6ff9f768, 0xffffff8008082c0c], 288230367534528724
[0x6ff9f774, 0xffffff8008082c0c], 288230367534528724
[0x6ff9f780, 0xffffff8008082c0c], 288230367534528723
[0x7005eb14, 0xffffff8008082c0c], 288230367534516485
[0x7000f0f0, 0xffffff8008082c0c], 288230367534521582
[0x7c1dd75010, 0xffffff8008082c0c], 288230359234560881
[0x7c1dd75010, 0xffffff8008082c0c], 288230359234560881
[0x7005e5f4, 0xffffff8008082c0c], 288230367534516506
[0x700ba614, 0xffffff8008082c0c], 288230367534510617
[0x6ff9fe2c, 0xffffff8008082c0c], 288230367534528697
[0x700bc414, 0xffffff8008082c0c], 288230367534510497
[0x6ffa31b8, 0xffffff8008082c0c], 288230367534528491
[0x700f5fc0, 0xffffff8008082c0c], 288230367534506802
[0x6ff9f898, 0xffffff8008082c0c], 288230367534528719
[0x70078230, 0xffffff8008082c0c], 288230367534514857
[0x7000f38c, 0xffffff8008082c0c], 288230367534521571
[0x7000c848, 0xffffff8008082c0c], 288230367534521744
[0x6ff9fff8, 0xffffff8008082c0c], 288230367534528690
[0x6ff9f344, 0xffffff8008082c0c], 288230367534528740
[0x7c1dd75010, 0xffffff8008082c0c], 288230359234560881
[0x6ff9f364, 0xffffff8008082c0c], 288230367534528740
[0x6ff9f378, 0xffffff8008082c0c], 288230367534528740
[0x7c1dd75fec, 0xffffff8008082c0c], 288230359234560818
[0x7c1dd75fec, 0xffffff8008082c0c], 288230359234560818
[0x7c1dd75ffc, 0xffffff8008082c0c], 288230359234560818
[0x7c1dd76010, 0xffffff8008082c0c], 288230359234560817
[0x7c1dd7602c, 0xffffff8008082c0c], 288230359234560817
[0x7015b950, 0xffffff8008082c0c], 288230367534500300
[0x7c1dd75010, 0xffffff8008082c0c], 288230359234560881
[0x6ff909ac, 0xffffff8008082c0c], 288230367534529675
[0x6ff9f394, 0xffffff8008082c0c], 288230367534528739
[0x6ff9f3c8, 0xffffff8008082c0c], 288230367534528738
[0x6ff9f420, 0xffffff8008082c0c], 288230367534528737
[0x7c1de9a63c, 0xffffff8008082c0c], 288230359234542105
[0x7c1de9a63c, 0xffffff8008082c0c], 288230359234542105
[0x6ff9f43c, 0xffffff8008082c0c], 288230367534528737
[0x7c1dd6d77c, 0xffffff8008082c0c], 288230359234561364
[0x6ffa5138, 0xffffff8008082c0c], 288230367534528365
[0x6ffa5140, 0xffffff8008082c0c], 288230367534528364
[0x701901e0, 0xffffff8008082c0c], 288230367534496938
[0x6ffa5150, 0xffffff8008082c0c], 288230367534528364
[0x7019068c, 0xffffff8008082c0c], 288230367534496919
[0x6ffa522c, 0xffffff8008082c0c], 288230367534528361
[0x7005eb14, 0xffffff8008082c0c], 288230367534516485
[0x7c1dd75010, 0xffffff8008082c0c], 288230359234560881
[0x6ffa4b54, 0xffffff8008082c0c], 288230367534528388
[0x6ffa4b6c, 0xffffff8008082c0c], 288230367534528388
[0x6ffa69cc, 0xffffff8008082c0c], 288230367534528266
[0x6ffa69e0, 0xffffff8008082c0c], 288230367534528266
[0x701646f0, 0xffffff8008082c0c], 288230367534499734
[0x70164720, 0xffffff8008082c0c], 288230367534499733
[0x7c1df43ed0, 0xffffff8008082c0c], 288230359234531254
[0x6ffa6a58, 0xffffff8008082c0c], 288230367534528264
[0x6ffa4b9c, 0xffffff8008082c0c], 288230367534528387
[0x6ffa02dc, 0xffffff8008082c0c], 288230367534528678
[0x6ffa69cc, 0xffffff8008082c0c], 288230367534528266
[0x6ffa7bb4, 0xffffff8008082c0c], 288230367534528195
[0x6ffa4b9c, 0xffffff8008082c0c], 288230367534528387
[0x6ffa69cc, 0xffffff8008082c0c], 288230367534528266
25000000 instrs 
[0x6ffa7bb4, 0xffffff8008082c0c], 288230367534528195
[0x6ffa4b9c, 0xffffff8008082c0c], 288230367534528387
[0x6ffa02dc, 0xffffff8008082c0c], 288230367534528678
[0x6ffa69cc, 0xffffff8008082c0c], 288230367534528266
[0x6ffa7bb4, 0xffffff8008082c0c], 288230367534528195
[0x6ffa7bb4, 0xffffff8008082c0c], 288230367534528195
[0x7c1dd75010, 0xffffff8008082c0c], 288230359234560881
[0x70d2be20, 0xffffff8008082c0c], 288230367534306745
[0x70d15150, 0xffffff8008082c0c], 288230367534308204
[0x6ffa5fe0, 0xffffff8008082c0c], 288230367534528306
[0x7c1e10aad4, 0xffffff8008082c0c], 288230359234502150
[0x7c1dee3b2c, 0xffffff8008082c0c], 288230359234537413
[0x7c1df6e25c, 0xffffff8008082c0c], 288230359234528552
[0x7c1e10ff90, 0xffffff8008082c0c], 288230359234501811
[0x7c1e10d3ec, 0xffffff8008082c0c], 288230359234501986
[0x7c1e10d3f0, 0xffffff8008082c0c], 288230359234501986
[0x7c1e10d4b0, 0xffffff8008082c0c], 288230359234501983
[0x7c1e10d4b8, 0xffffff8008082c0c], 288230359234501983
[0x7c1e10ff90, 0xffffff8008082c0c], 288230359234501811
[0x7c1e110e70, 0xffffff8008082c0c], 288230359234501752
[0x7c1e111324, 0xffffff8008082c0c], 288230359234501733
[0x7c1dd75010, 0xffffff8008082c0c], 288230359234560881
[0x70d151ac, 0xffffff8008082c0c], 288230367534308203
[0x6ff9eafc, 0xffffff8008082c0c], 288230367534528774
[0x70d151d0, 0xffffff8008082c0c], 288230367534308202
[0x6ff9ec78, 0xffffff8008082c0c], 288230367534528768
[0x7005ed84, 0xffffff8008082c0c], 288230367534516475
[0x6ffa288c, 0xffffff8008082c0c], 288230367534528527
[0x7c1dd75010, 0xffffff8008082c0c], 288230359234560881
[0x700f1a28, 0xffffff8008082c0c], 288230367534507081
[0x700f199c, 0xffffff8008082c0c], 288230367534507083
[0x6ffa29c4, 0xffffff8008082c0c], 288230367534528522
[0x6ffa67c4, 0xffffff8008082c0c], 288230367534528274
[0x700ba614, 0xffffff8008082c0c], 288230367534510617
[0x6ff49234, 0xffffff8008082c0c], 288230367534534249
[0x6ff49268, 0xffffff8008082c0c], 288230367534534248
[0x7005ed9c, 0xffffff8008082c0c], 288230367534516475
[0x700ba614, 0xffffff8008082c0c], 288230367534510617
[0x70d2c520, 0xffffff8008082c0c], 288230367534306717
[0x70d2c540, 0xffffff8008082c0c], 288230367534306716
[0x70d2c5a8, 0xffffff8008082c0c], 288230367534306715
[0x70d2c5c8, 0xffffff8008082c0c], 288230367534306714
[0x6ff4ad04, 0xffffff8008082c0c], 288230367534534141
[0x700f632c, 0xffffff8008082c0c], 288230367534506789
[0x70139280, 0xffffff8008082c0c], 288230367534502503
[0x7c1dd75010, 0xffffff8008082c0c], 288230359234560881
[0x70d2be88, 0xffffff8008082c0c], 288230367534306743
[0x70d2bea4, 0xffffff8008082c0c], 288230367534306743
[0x7c1e02f6bc, 0xffffff8008082c0c], 288230359234516183
[0x70d2bf54, 0xffffff8008082c0c], 288230367534306740
[0x70d30290, 0xffffff8008082c0c], 288230367534306471
[0x7ca2d044b8, 0xffffff8008082c0c], 288230359199702943
[0x7ca2d044b8, 0xffffff8008082c0c], 288230359199702943
[0x7ca2d044d0, 0xffffff8008082c0c], 288230359199702942
[0x7ca14efb34, 0xffffff8008082c0c], 288230359200097477
[0x7ca2d04518, 0xffffff8008082c0c], 288230359199702941
[0x7ca2d10c50, 0xffffff8008082c0c], 288230359199702144
[0x7ca2d10c50, 0xffffff8008082c0c], 288230359199702144
[0x7ca148c970, 0xffffff8008082c0c], 288230359200103820
[0x7ca14da820, 0xffffff8008082c0c], 288230359200098833
[0x7ca14da800, 0xffffff8008082c0c], 288230359200098833
[0x7ca14da800, 0xffffff8008082c0c], 288230359200098833
[0x7ca14db340, 0xffffff8008082c0c], 288230359200098788
[0x7ca2d0452c, 0xffffff8008082c0c], 288230359199702941
[0x7ca2d04570, 0xffffff8008082c0c], 288230359199702940
[0x7ca2c133fc, 0xffffff8008082c0c], 288230359199718370
[0x7ca14db340, 0xffffff8008082c0c], 288230359200098788
[0x7ca14db380, 0xffffff8008082c0c], 288230359200098787
[0x7ca14da900, 0xffffff8008082c0c], 288230359200098829
[0x7ca14da900, 0xffffff8008082c0c], 288230359200098829
[0x7ca14eec84, 0xffffff8008082c0c], 288230359200097535
[0x7ca14eec90, 0xffffff8008082c0c], 288230359200097535
[0x7ca148ce60, 0xffffff8008082c0c], 288230359200103800
[0x7ca08050c8, 0xffffff8008082c0c], 288230359200309102
[0x70d2bc00, 0xffffff8008082c0c], 288230367534306753
[0x7ca1350028, 0xffffff8008082c0c], 288230359200124081
[0x7ca13500f0, 0xffffff8008082c0c], 288230359200124078
[0x7ca4697d3c, 0xffffff8008082c0c], 288230359199283901
[0x7c1dd75010, 0xffffff8008082c0c], 288230359234560881
[0x70d2bc50, 0xffffff8008082c0c], 288230367534306752
[0x70d2bfbc, 0xffffff8008082c0c], 288230367534306739
[0x700ad150, 0xffffff8008082c0c], 288230367534511468
[0x700ad174, 0xffffff8008082c0c], 288230367534511468
[0x7c1dd6d77c, 0xffffff8008082c0c], 288230359234561364
[0x7ca3011d58, 0xffffff8008082c0c], 288230359199652924
[0x7ca3011e64, 0xffffff8008082c0c], 288230359199652920
[0x7ca3033c60, 0xffffff8008082c0c], 288230359199650752
[0x7ca3033c60, 0xffffff8008082c0c], 288230359199650752
[0x7ca148c970, 0xffffff8008082c0c], 288230359200103820
[0x7c1dd9b6a4, 0xffffff8008082c0c], 288230359234558423
[0x7c1ddd2a20, 0xffffff8008082c0c], 288230359234554889
[0x7c1ddd2a4c, 0xffffff8008082c0c], 288230359234554888
[0x7c1dd9e5dc, 0xffffff8008082c0c], 288230359234558234
[0x7c1dd9e68c, 0xffffff8008082c0c], 288230359234558231
[0x70d2c0c8, 0xffffff8008082c0c], 288230367534306734
[0x70d2c0f8, 0xffffff8008082c0c], 288230367534306734
[0x7c1e01bcc8, 0xffffff8008082c0c], 288230359234517438
[0x7c1e01bd08, 0xffffff8008082c0c], 288230359234517437
[0x7c1df19e74, 0xffffff8008082c0c], 288230359234533944
[0x7c1df19ee4, 0xffffff8008082c0c], 288230359234533942
[0x7c1ddb673c, 0xffffff8008082c0c], 288230359234556693
[0x7c1ddb6744, 0xffffff8008082c0c], 288230359234556692
[0x7c1dee4c28, 0xffffff8008082c0c], 288230359234537345
[0x7c1dee4c28, 0xffffff8008082c0c], 288230359234537345
[0x7c1dee4c28, 0xffffff8008082c0c], 288230359234537345
[0x7c1dee4c3c, 0xffffff8008082c0c], 288230359234537345
[0x7c1dee4c28, 0xffffff8008082c0c], 288230359234537345
[0x7c1dee4c28, 0xffffff8008082c0c], 288230359234537345
[0x7c1dee4c28, 0xffffff8008082c0c], 288230359234537345
[0x7c1dee4c28, 0xffffff8008082c0c], 288230359234537345
[0x7c1dee4c28, 0xffffff8008082c0c], 288230359234537345
[0x7c1dee4c28, 0xffffff8008082c0c], 288230359234537345
[0x7c1dee4c3c, 0xffffff8008082c0c], 288230359234537345
[0x7c1dee4c3c, 0xffffff8008082c0c], 288230359234537345
[0x7c1dee4c28, 0xffffff8008082c0c], 288230359234537345
[0x7c1dee4c3c, 0xffffff8008082c0c], 288230359234537345
[0x7c1dee4c28, 0xffffff8008082c0c], 288230359234537345
[0x7c1dee4c3c, 0xffffff8008082c0c], 288230359234537345
[0x7c1dee4c28, 0xffffff8008082c0c], 288230359234537345
[0x7c1dee4e6c, 0xffffff8008082c0c], 288230359234537336
[0x7c1dee52c4, 0xffffff8008082c0c], 288230359234537318
[0x7c1ddb678c, 0xffffff8008082c0c], 288230359234556691
[0x7c1ddb67b8, 0xffffff8008082c0c], 288230359234556691
[0x7c1dee4c28, 0xffffff8008082c0c], 288230359234537345
[0x7c1dee4c28, 0xffffff8008082c0c], 288230359234537345
[0x7c1dee4c28, 0xffffff8008082c0c], 288230359234537345
[0x7c1dee4c28, 0xffffff8008082c0c], 288230359234537345
[0x7c1dee4c28, 0xffffff8008082c0c], 288230359234537345
[0x7c1dee4c3c, 0xffffff8008082c0c], 288230359234537345
[0x7c1dee4c3c, 0xffffff8008082c0c], 288230359234537345
[0x7c1dee4c3c, 0xffffff8008082c0c], 288230359234537345
[0x7c1dee4c3c, 0xffffff8008082c0c], 288230359234537345
[0x7c1dee4c3c, 0xffffff8008082c0c], 288230359234537345
[0x7c1dee4c28, 0xffffff8008082c0c], 288230359234537345
[0x7c1dee4c3c, 0xffffff8008082c0c], 288230359234537345
[0x7c1e030238, 0xffffff8008082c0c], 288230359234516137
[0x7c1e030238, 0xffffff8008082c0c], 288230359234516137
[0x7c1df19ee4, 0xffffff8008082c0c], 288230359234533942
[0x7c1ddb673c, 0xffffff8008082c0c], 288230359234556693
[0x7c1dee4c28, 0xffffff8008082c0c], 288230359234537345
[0x7c1dee4c28, 0xffffff8008082c0c], 288230359234537345
[0x7c1dee4c28, 0xffffff8008082c0c], 288230359234537345
[0x7c1dee4c3c, 0xffffff8008082c0c], 288230359234537345
[0x7c1ddb678c, 0xffffff8008082c0c], 288230359234556691
[0x7c1df19ee4, 0xffffff8008082c0c], 288230359234533942
[0x7c1dee4c28, 0xffffff8008082c0c], 288230359234537345
[0x7c1dee4c3c, 0xffffff8008082c0c], 288230359234537345
[0x7c1dee4c3c, 0xffffff8008082c0c], 288230359234537345
[0x7c1dee4c3c, 0xffffff8008082c0c], 288230359234537345
[0x7c1dee4c3c, 0xffffff8008082c0c], 288230359234537345
[0x7c1dee4c3c, 0xffffff8008082c0c], 288230359234537345
[0x7c1dee4c28, 0xffffff8008082c0c], 288230359234537345
[0x7c1dee4c3c, 0xffffff8008082c0c], 288230359234537345
[0x7c1dee4c3c, 0xffffff8008082c0c], 288230359234537345
[0x7c1dee4c3c, 0xffffff8008082c0c], 288230359234537345
[0x7c1dee4c3c, 0xffffff8008082c0c], 288230359234537345
[0x7c1dee4c28, 0xffffff8008082c0c], 288230359234537345
[0x7c1dee4c3c, 0xffffff8008082c0c], 288230359234537345
[0x7c1dee4c3c, 0xffffff8008082c0c], 288230359234537345
[0x7c1dee4c3c, 0xffffff8008082c0c], 288230359234537345
[0x7c1dee4c28, 0xffffff8008082c0c], 288230359234537345
[0x7c1dee4c3c, 0xffffff8008082c0c], 288230359234537345
[0x7c1dee4c3c, 0xffffff8008082c0c], 288230359234537345
[0x7c1dee4c3c, 0xffffff8008082c0c], 288230359234537345
[0x7c1ddb678c, 0xffffff8008082c0c], 288230359234556691
[0x7c1dee4c3c, 0xffffff8008082c0c], 288230359234537345
[0x7c1dee4c3c, 0xffffff8008082c0c], 288230359234537345
[0x7c1dee4c28, 0xffffff8008082c0c], 288230359234537345
[0x7c1dee4c3c, 0xffffff8008082c0c], 288230359234537345
[0x7c1dee4c3c, 0xffffff8008082c0c], 288230359234537345
[0x7c1dee4c3c, 0xffffff8008082c0c], 288230359234537345
[0x7c1dee4c3c, 0xffffff8008082c0c], 288230359234537345
[0x7c1dee4c28, 0xffffff8008082c0c], 288230359234537345
[0x7c1dee4c3c, 0xffffff8008082c0c], 288230359234537345
[0x7c1dee4c3c, 0xffffff8008082c0c], 288230359234537345
[0x7c1dee4c3c, 0xffffff8008082c0c], 288230359234537345
[0x7c1dee4c3c, 0xffffff8008082c0c], 288230359234537345
[0x7c1dee4c3c, 0xffffff8008082c0c], 288230359234537345
[0x7c1dee4c3c, 0xffffff8008082c0c], 288230359234537345
[0x7c1dee4c3c, 0xffffff8008082c0c], 288230359234537345
[0x7c1dee4c3c, 0xffffff8008082c0c], 288230359234537345
[0x7c1dee4c28, 0xffffff8008082c0c], 288230359234537345
[0x7c1dee4c3c, 0xffffff8008082c0c], 288230359234537345
[0x7c1dee4c3c, 0xffffff8008082c0c], 288230359234537345
[0x7c1dee4c3c, 0xffffff8008082c0c], 288230359234537345
[0x7c1dee4c3c, 0xffffff8008082c0c], 288230359234537345
[0x7c1dee4c3c, 0xffffff8008082c0c], 288230359234537345
[0x7c1dee4c3c, 0xffffff8008082c0c], 288230359234537345
[0x7c1dee4c3c, 0xffffff8008082c0c], 288230359234537345
[0x7c1dee4c3c, 0xffffff8008082c0c], 288230359234537345
[0x7c1dee4c3c, 0xffffff8008082c0c], 288230359234537345
[0x7c1dee4c28, 0xffffff8008082c0c], 288230359234537345
[0x7c1dee4c3c, 0xffffff8008082c0c], 288230359234537345
[0x7c1dee4c3c, 0xffffff8008082c0c], 288230359234537345
[0x7c1dee4c3c, 0xffffff8008082c0c], 288230359234537345
[0x7c1e030238, 0xffffff8008082c0c], 288230359234516137
[0x7c1ddb673c, 0xffffff8008082c0c], 288230359234556693
[0x7c1dee4c3c, 0xffffff8008082c0c], 288230359234537345
[0x7c1dee4c3c, 0xffffff8008082c0c], 288230359234537345
[0x7c1dee4c3c, 0xffffff8008082c0c], 288230359234537345
[0x7c1dee4c3c, 0xffffff8008082c0c], 288230359234537345
[0x7c1dee4c3c, 0xffffff8008082c0c], 288230359234537345
[0x7c1dee4c28, 0xffffff8008082c0c], 288230359234537345
[0x7c1dee4c3c, 0xffffff8008082c0c], 288230359234537345
[0x7c1dee4c3c, 0xffffff8008082c0c], 288230359234537345
[0x7c1dee4c3c, 0xffffff8008082c0c], 288230359234537345
[0x7c1dee4c3c, 0xffffff8008082c0c], 288230359234537345
[0x7c1dee4c3c, 0xffffff8008082c0c], 288230359234537345
[0x7c1dee4c3c, 0xffffff8008082c0c], 288230359234537345
[0x7c1dee4c3c, 0xffffff8008082c0c], 288230359234537345
[0x7c1dee4c3c, 0xffffff8008082c0c], 288230359234537345
[0x7c1dee4c3c, 0xffffff8008082c0c], 288230359234537345
[0x7c1dee4c3c, 0xffffff8008082c0c], 288230359234537345
[0x7c1dee4c28, 0xffffff8008082c0c], 288230359234537345
[0x7c1e030238, 0xffffff8008082c0c], 288230359234516137
[0x7c1e030238, 0xffffff8008082c0c], 288230359234516137
[0x7c1dee4c28, 0xffffff8008082c0c], 288230359234537345
[0x7c1dee4c3c, 0xffffff8008082c0c], 288230359234537345
[0x7c1dee4c3c, 0xffffff8008082c0c], 288230359234537345
[0x7c1dee4c3c, 0xffffff8008082c0c], 288230359234537345
[0x7c1dee4c3c, 0xffffff8008082c0c], 288230359234537345
[0x7c1dee4c3c, 0xffffff8008082c0c], 288230359234537345
[0x7c1dee4c28, 0xffffff8008082c0c], 288230359234537345
[0x7c1dee4c3c, 0xffffff8008082c0c], 288230359234537345
[0x7c1dee4c3c, 0xffffff8008082c0c], 288230359234537345
[0x7c1dee4c3c, 0xffffff8008082c0c], 288230359234537345
[0x7c1dee4c3c, 0xffffff8008082c0c], 288230359234537345
[0x7c1dee4c3c, 0xffffff8008082c0c], 288230359234537345
[0x7c1dee4c3c, 0xffffff8008082c0c], 288230359234537345
[0x7c1dee4c3c, 0xffffff8008082c0c], 288230359234537345
[0x7c1dee4c3c, 0xffffff8008082c0c], 288230359234537345
[0x7c1dee4c3c, 0xffffff8008082c0c], 288230359234537345
[0x7c1dee4c3c, 0xffffff8008082c0c], 288230359234537345
[0x7c1dee4c3c, 0xffffff8008082c0c], 288230359234537345
[0x7c1dee4c3c, 0xffffff8008082c0c], 288230359234537345
[0x7c1dee4c3c, 0xffffff8008082c0c], 288230359234537345
[0x7c1dee4c3c, 0xffffff8008082c0c], 288230359234537345
[0x7c1dee4c3c, 0xffffff8008082c0c], 288230359234537345
[0x7c1dee4c3c, 0xffffff8008082c0c], 288230359234537345
[0x7c1dee4c3c, 0xffffff8008082c0c], 288230359234537345
[0x7c1dee4c3c, 0xffffff8008082c0c], 288230359234537345
[0x7c1dee4c3c, 0xffffff8008082c0c], 288230359234537345
[0x7c1dee4c3c, 0xffffff8008082c0c], 288230359234537345
[0x7c1dee4c3c, 0xffffff8008082c0c], 288230359234537345
[0x7c1dee4c3c, 0xffffff8008082c0c], 288230359234537345
[0x7c1dee4c3c, 0xffffff8008082c0c], 288230359234537345
[0x7c1dee4c28, 0xffffff8008082c0c], 288230359234537345
[0x7c1dee4c3c, 0xffffff8008082c0c], 288230359234537345
[0x7c1dee4c3c, 0xffffff8008082c0c], 288230359234537345
[0x7c1dee4c3c, 0xffffff8008082c0c], 288230359234537345
[0x7c1dee4c3c, 0xffffff8008082c0c], 288230359234537345
[0x7c1dee4c3c, 0xffffff8008082c0c], 288230359234537345
[0x7c1dee4c3c, 0xffffff8008082c0c], 288230359234537345
[0x7c1dee4c3c, 0xffffff8008082c0c], 288230359234537345
[0x7c1dee4c3c, 0xffffff8008082c0c], 288230359234537345
[0x7c1dee4c3c, 0xffffff8008082c0c], 288230359234537345
[0x7c1e030238, 0xffffff8008082c0c], 288230359234516137
[0x7c1dee4c28, 0xffffff8008082c0c], 288230359234537345
[0x7c1ddb673c, 0xffffff8008082c0c], 288230359234556693
[0x7c1dee4c3c, 0xffffff8008082c0c], 288230359234537345
[0x7c1dee4c28, 0xffffff8008082c0c], 288230359234537345
[0x7c1dee4c28, 0xffffff8008082c0c], 288230359234537345
[0x7c1dee4c3c, 0xffffff8008082c0c], 288230359234537345
[0x7c1dee4c3c, 0xffffff8008082c0c], 288230359234537345
[0x7c1dee4c3c, 0xffffff8008082c0c], 288230359234537345
[0x7c1dee4c3c, 0xffffff8008082c0c], 288230359234537345
[0x7c1dee4c3c, 0xffffff8008082c0c], 288230359234537345
[0x7c1dee4c3c, 0xffffff8008082c0c], 288230359234537345
[0x7c1dee4c3c, 0xffffff8008082c0c], 288230359234537345
[0x7c1dee4c28, 0xffffff8008082c0c], 288230359234537345
[0x7c1dee4c3c, 0xffffff8008082c0c], 288230359234537345
[0x7c1dee4c3c, 0xffffff8008082c0c], 288230359234537345
[0x7c1dee4c28, 0xffffff8008082c0c], 288230359234537345
[0x7c1dee4c28, 0xffffff8008082c0c], 288230359234537345
[0x7c1dee4c3c, 0xffffff8008082c0c], 288230359234537345
[0x7c1dee4c3c, 0xffffff8008082c0c], 288230359234537345
[0x7c1dee4c3c, 0xffffff8008082c0c], 288230359234537345
[0x7c1dee4c3c, 0xffffff8008082c0c], 288230359234537345
[0x7c1dee4c3c, 0xffffff8008082c0c], 288230359234537345
[0x7c1dee4c3c, 0xffffff8008082c0c], 288230359234537345
[0x7c1dee4c3c, 0xffffff8008082c0c], 288230359234537345
[0x7c1dee4c3c, 0xffffff8008082c0c], 288230359234537345
[0x7c1dee4c28, 0xffffff8008082c0c], 288230359234537345
[0x7c1dee4c3c, 0xffffff8008082c0c], 288230359234537345
[0x7c1dee4c3c, 0xffffff8008082c0c], 288230359234537345
[0x7c1dee4c28, 0xffffff8008082c0c], 288230359234537345
[0x7c1dee4c28, 0xffffff8008082c0c], 288230359234537345
[0x7c1dee4c3c, 0xffffff8008082c0c], 288230359234537345
[0x7c1dee4c28, 0xffffff8008082c0c], 288230359234537345
[0x7c1dee4c3c, 0xffffff8008082c0c], 288230359234537345
[0x7c1dee4c3c, 0xffffff8008082c0c], 288230359234537345
[0x7c1e030238, 0xffffff8008082c0c], 288230359234516137
[0x7c1dee4c3c, 0xffffff8008082c0c], 288230359234537345
[0x7c1dee4c28, 0xffffff8008082c0c], 288230359234537345
[0x7c1dee4c3c, 0xffffff8008082c0c], 288230359234537345
[0x7c1dee4c3c, 0xffffff8008082c0c], 288230359234537345
[0x7c1dee4c3c, 0xffffff8008082c0c], 288230359234537345
[0x7c1dee4c28, 0xffffff8008082c0c], 288230359234537345
[0x7c1dee4c3c, 0xffffff8008082c0c], 288230359234537345
[0x7c1dee4c3c, 0xffffff8008082c0c], 288230359234537345
[0x7c1dee4c3c, 0xffffff8008082c0c], 288230359234537345
[0x7c1dee4c3c, 0xffffff8008082c0c], 288230359234537345
[0x7c1dee4c28, 0xffffff8008082c0c], 288230359234537345
[0x7c1dee4c3c, 0xffffff8008082c0c], 288230359234537345
[0x7c1dee4c3c, 0xffffff8008082c0c], 288230359234537345
[0x7c1dee4c3c, 0xffffff8008082c0c], 288230359234537345
[0x7c1dee4c3c, 0xffffff8008082c0c], 288230359234537345
[0x7c1dee4c28, 0xffffff8008082c0c], 288230359234537345
[0x7c1dee4c3c, 0xffffff8008082c0c], 288230359234537345
[0x7c1dee4c3c, 0xffffff8008082c0c], 288230359234537345
[0x7c1e030238, 0xffffff8008082c0c], 288230359234516137
[0x7c1dee4c3c, 0xffffff8008082c0c], 288230359234537345
[0x7c1dee4c3c, 0xffffff8008082c0c], 288230359234537345
[0x7c1dee4c3c, 0xffffff8008082c0c], 288230359234537345
[0x7c1dee4c3c, 0xffffff8008082c0c], 288230359234537345
[0x7c1dee4c28, 0xffffff8008082c0c], 288230359234537345
[0x7c1ddb673c, 0xffffff8008082c0c], 288230359234556693
[0x7c1ddb6744, 0xffffff8008082c0c], 288230359234556692
[0x7c1dee4c28, 0xffffff8008082c0c], 288230359234537345
[0x7c1dee4c28, 0xffffff8008082c0c], 288230359234537345
[0x7c1dee4c3c, 0xffffff8008082c0c], 288230359234537345
[0x7c1dee4c28, 0xffffff8008082c0c], 288230359234537345
[0x7c1dee4c3c, 0xffffff8008082c0c], 288230359234537345
[0x7c1dee4c3c, 0xffffff8008082c0c], 288230359234537345
[0x7c1dee4c3c, 0xffffff8008082c0c], 288230359234537345
[0x7c1dee4c3c, 0xffffff8008082c0c], 288230359234537345
[0x7c1dee4c3c, 0xffffff8008082c0c], 288230359234537345
[0x7c1dee4c3c, 0xffffff8008082c0c], 288230359234537345
[0x7c1e030238, 0xffffff8008082c0c], 288230359234516137
[0x7c1dee4c28, 0xffffff8008082c0c], 288230359234537345
[0x7c1dee4c3c, 0xffffff8008082c0c], 288230359234537345
[0x7c1dee4c3c, 0xffffff8008082c0c], 288230359234537345
[0x7c1dee4c3c, 0xffffff8008082c0c], 288230359234537345
[0x7c1dee4c3c, 0xffffff8008082c0c], 288230359234537345
[0x7c1dee4c28, 0xffffff8008082c0c], 288230359234537345
[0x7c1dee4c3c, 0xffffff8008082c0c], 288230359234537345
[0x7c1dee4c3c, 0xffffff8008082c0c], 288230359234537345
[0x7c1dee4c3c, 0xffffff8008082c0c], 288230359234537345
[0x7c1dee4c28, 0xffffff8008082c0c], 288230359234537345
[0x7c1dee4c3c, 0xffffff8008082c0c], 288230359234537345
[0x7c1dee4c3c, 0xffffff8008082c0c], 288230359234537345
[0x7c1dee4c3c, 0xffffff8008082c0c], 288230359234537345
[0x7c1dee4c3c, 0xffffff8008082c0c], 288230359234537345
[0x7c1dee4c28, 0xffffff8008082c0c], 288230359234537345
[0x7c1dee4c3c, 0xffffff8008082c0c], 288230359234537345
[0x7c1dee4c3c, 0xffffff8008082c0c], 288230359234537345
[0x7c1dee4c3c, 0xffffff8008082c0c], 288230359234537345
[0x7c1dee4c3c, 0xffffff8008082c0c], 288230359234537345
[0x7c1dee4c3c, 0xffffff8008082c0c], 288230359234537345
[0x7c1dee4c3c, 0xffffff8008082c0c], 288230359234537345
[0x7c1dee4c3c, 0xffffff8008082c0c], 288230359234537345
[0x7c1dee4c28, 0xffffff8008082c0c], 288230359234537345
[0x7c1dee4c28, 0xffffff8008082c0c], 288230359234537345
[0x7c1dee4c3c, 0xffffff8008082c0c], 288230359234537345
[0x7c1dee4c3c, 0xffffff8008082c0c], 288230359234537345
[0x7c1dee4c3c, 0xffffff8008082c0c], 288230359234537345
[0x7c1dee4c3c, 0xffffff8008082c0c], 288230359234537345
[0x7c1dee4c3c, 0xffffff8008082c0c], 288230359234537345
[0x7c1e030238, 0xffffff8008082c0c], 288230359234516137
[0x7c1e030238, 0xffffff8008082c0c], 288230359234516137
[0x7c1dee4c3c, 0xffffff8008082c0c], 288230359234537345
[0x7c1dee4c3c, 0xffffff8008082c0c], 288230359234537345
[0x7c1dee4c3c, 0xffffff8008082c0c], 288230359234537345
[0x7c1dee4c3c, 0xffffff8008082c0c], 288230359234537345
[0x7c1dee4c3c, 0xffffff8008082c0c], 288230359234537345
[0x7c1dee4c3c, 0xffffff8008082c0c], 288230359234537345
[0x7c1dee4c3c, 0xffffff8008082c0c], 288230359234537345
[0x7c1dee4c3c, 0xffffff8008082c0c], 288230359234537345
[0x7c1dee4c3c, 0xffffff8008082c0c], 288230359234537345
[0x7c1dee4c3c, 0xffffff8008082c0c], 288230359234537345
[0x7c1dee4c3c, 0xffffff8008082c0c], 288230359234537345
[0x7c1dee4c3c, 0xffffff8008082c0c], 288230359234537345
[0x7c1dee4c3c, 0xffffff8008082c0c], 288230359234537345
[0x7c1dee4c3c, 0xffffff8008082c0c], 288230359234537345
[0x7c1dee4c28, 0xffffff8008082c0c], 288230359234537345
[0x7ca148c140, 0xffffff8008082c0c], 288230359200103852
[0x7c1dee4c3c, 0xffffff8008082c0c], 288230359234537345
[0x7c1dee4c3c, 0xffffff8008082c0c], 288230359234537345
[0x7c1dee4c3c, 0xffffff8008082c0c], 288230359234537345
[0x7c1dee4c3c, 0xffffff8008082c0c], 288230359234537345
[0x7c1dee4c3c, 0xffffff8008082c0c], 288230359234537345
[0x7c1dee4c3c, 0xffffff8008082c0c], 288230359234537345
[0x7c1dee4c3c, 0xffffff8008082c0c], 288230359234537345
[0x7c1dee4c3c, 0xffffff8008082c0c], 288230359234537345
[0x7c1dee4c3c, 0xffffff8008082c0c], 288230359234537345
[0x7c1dee4c3c, 0xffffff8008082c0c], 288230359234537345
[0x7c1dee4c28, 0xffffff8008082c0c], 288230359234537345
[0x7c1dee4c3c, 0xffffff8008082c0c], 288230359234537345
[0x7c1e030238, 0xffffff8008082c0c], 288230359234516137
[0x7c1dee4c3c, 0xffffff8008082c0c], 288230359234537345
[0x7c1dee4c3c, 0xffffff8008082c0c], 288230359234537345
[0x7c1dee4c28, 0xffffff8008082c0c], 288230359234537345
[0x7c1e030238, 0xffffff8008082c0c], 288230359234516137
[0x7c1dee4c3c, 0xffffff8008082c0c], 288230359234537345
[0x7c1dee4c3c, 0xffffff8008082c0c], 288230359234537345
[0x7c1dee4c3c, 0xffffff8008082c0c], 288230359234537345
[0x7c1dee4c3c, 0xffffff8008082c0c], 288230359234537345
[0x7c1dee4c3c, 0xffffff8008082c0c], 288230359234537345
[0x7c1dee4c3c, 0xffffff8008082c0c], 288230359234537345
[0x7c1dee4c3c, 0xffffff8008082c0c], 288230359234537345
[0x7c1dee4c3c, 0xffffff8008082c0c], 288230359234537345
[0x7c1dee4c3c, 0xffffff8008082c0c], 288230359234537345
[0x7c1e030238, 0xffffff8008082c0c], 288230359234516137
[0x7c1e030238, 0xffffff8008082c0c], 288230359234516137
[0x7c1dee4c28, 0xffffff8008082c0c], 288230359234537345
[0x7c1dee4c3c, 0xffffff8008082c0c], 288230359234537345
[0x7c1dee4c3c, 0xffffff8008082c0c], 288230359234537345
[0x7c1e01bd08, 0xffffff8008082c0c], 288230359234517437
[0x7c1dee4c3c, 0xffffff8008082c0c], 288230359234537345
[0x7c1dee4c3c, 0xffffff8008082c0c], 288230359234537345
[0x7c1dee4c28, 0xffffff8008082c0c], 288230359234537345
[0x7c1dee4c3c, 0xffffff8008082c0c], 288230359234537345
[0x7c1dee4c3c, 0xffffff8008082c0c], 288230359234537345
[0x7c1dee4c3c, 0xffffff8008082c0c], 288230359234537345
[0x7c1dee4c3c, 0xffffff8008082c0c], 288230359234537345
[0x7c1dee4c3c, 0xffffff8008082c0c], 288230359234537345
[0x7c1ddb673c, 0xffffff8008082c0c], 288230359234556693
[0x7c1ddb673c, 0xffffff8008082c0c], 288230359234556693
[0x7c1dee4c3c, 0xffffff8008082c0c], 288230359234537345
[0x7c1dee4c3c, 0xffffff8008082c0c], 288230359234537345
[0x7c1dee4c28, 0xffffff8008082c0c], 288230359234537345
[0x7c1dee4c3c, 0xffffff8008082c0c], 288230359234537345
[0x7c1dee4c3c, 0xffffff8008082c0c], 288230359234537345
[0x7c1dee4c3c, 0xffffff8008082c0c], 288230359234537345
[0x7c1dee4c3c, 0xffffff8008082c0c], 288230359234537345
[0x7c1dee4c3c, 0xffffff8008082c0c], 288230359234537345
[0x7c1dee4c3c, 0xffffff8008082c0c], 288230359234537345
[0x7c1dee4c3c, 0xffffff8008082c0c], 288230359234537345
[0x7c1dee4c3c, 0xffffff8008082c0c], 288230359234537345
[0x7c1dee4c3c, 0xffffff8008082c0c], 288230359234537345
[0x7c1dee4c3c, 0xffffff8008082c0c], 288230359234537345
[0x7c1dee4c3c, 0xffffff8008082c0c], 288230359234537345
[0x7c1dee4c3c, 0xffffff8008082c0c], 288230359234537345
[0x7c1dee4c3c, 0xffffff8008082c0c], 288230359234537345
[0x7c1dee4c3c, 0xffffff8008082c0c], 288230359234537345
[0x7c1dee4c3c, 0xffffff8008082c0c], 288230359234537345
[0x7c1dee4c3c, 0xffffff8008082c0c], 288230359234537345
[0x7c1dee4c3c, 0xffffff8008082c0c], 288230359234537345
[0x7c1dee4c3c, 0xffffff8008082c0c], 288230359234537345
[0x7c1dee4c3c, 0xffffff8008082c0c], 288230359234537345
[0x7c1ddb673c, 0xffffff8008082c0c], 288230359234556693
[0x7c1dee4c3c, 0xffffff8008082c0c], 288230359234537345
[0x7c1dee4c3c, 0xffffff8008082c0c], 288230359234537345
[0x7c1dee4c3c, 0xffffff8008082c0c], 288230359234537345
[0x7c1dee4c28, 0xffffff8008082c0c], 288230359234537345
[0x7c1dee4c3c, 0xffffff8008082c0c], 288230359234537345
[0x7c1dee4c28, 0xffffff8008082c0c], 288230359234537345
[0x7c1dee4c3c, 0xffffff8008082c0c], 288230359234537345
[0x7c1dee4c3c, 0xffffff8008082c0c], 288230359234537345
[0x7c1dee4c3c, 0xffffff8008082c0c], 288230359234537345
[0x7c1dee4c3c, 0xffffff8008082c0c], 288230359234537345
[0x7c1dee4c3c, 0xffffff8008082c0c], 288230359234537345
[0x7c1e030238, 0xffffff8008082c0c], 288230359234516137
[0x7c1dee4c28, 0xffffff8008082c0c], 288230359234537345
[0x7c1dee4c3c, 0xffffff8008082c0c], 288230359234537345
[0x7c1dee4c3c, 0xffffff8008082c0c], 288230359234537345
[0x7c1dee4c3c, 0xffffff8008082c0c], 288230359234537345
[0x7c1dee4c3c, 0xffffff8008082c0c], 288230359234537345
[0x7c1dee4c3c, 0xffffff8008082c0c], 288230359234537345
[0x7c1dee4c3c, 0xffffff8008082c0c], 288230359234537345
[0x7c1dee4c3c, 0xffffff8008082c0c], 288230359234537345
[0x7c1ddb673c, 0xffffff8008082c0c], 288230359234556693
[0x7c1dee4c3c, 0xffffff8008082c0c], 288230359234537345
[0x7c1dee4c3c, 0xffffff8008082c0c], 288230359234537345
[0x7c1dee4c3c, 0xffffff8008082c0c], 288230359234537345
[0x7c1dee4c3c, 0xffffff8008082c0c], 288230359234537345
[0x7c1dee4c3c, 0xffffff8008082c0c], 288230359234537345
[0x7c1dee4c3c, 0xffffff8008082c0c], 288230359234537345
[0x7c1dee4c3c, 0xffffff8008082c0c], 288230359234537345
[0x7c1dee4c3c, 0xffffff8008082c0c], 288230359234537345
[0x7c1dee4c3c, 0xffffff8008082c0c], 288230359234537345
[0x7c1dee4c3c, 0xffffff8008082c0c], 288230359234537345
[0x7c1ddb673c, 0xffffff8008082c0c], 288230359234556693
[0x7c1dee4c3c, 0xffffff8008082c0c], 288230359234537345
[0x7c1dee4c3c, 0xffffff8008082c0c], 288230359234537345
[0x7c1dee4c3c, 0xffffff8008082c0c], 288230359234537345
[0x7c1dee4c3c, 0xffffff8008082c0c], 288230359234537345
[0x7c1dee4c3c, 0xffffff8008082c0c], 288230359234537345
[0x7c1e030238, 0xffffff8008082c0c], 288230359234516137
[0x7c1dee4c3c, 0xffffff8008082c0c], 288230359234537345
[0x7c1e01be50, 0xffffff8008082c0c], 288230359234517432
[0x7c1ddb673c, 0xffffff8008082c0c], 288230359234556693
[0x7c1dee4c3c, 0xffffff8008082c0c], 288230359234537345
[0x7c1dee4c3c, 0xffffff8008082c0c], 288230359234537345
[0x7c1dee4c3c, 0xffffff8008082c0c], 288230359234537345
[0x7c1dee4c3c, 0xffffff8008082c0c], 288230359234537345
[0x7c1dee4c3c, 0xffffff8008082c0c], 288230359234537345
[0x7c1dee4c3c, 0xffffff8008082c0c], 288230359234537345
[0x7c1dee4c3c, 0xffffff8008082c0c], 288230359234537345
[0x7c1e030238, 0xffffff8008082c0c], 288230359234516137
[0x7c1dee4c3c, 0xffffff8008082c0c], 288230359234537345
[0x7c1dee4c3c, 0xffffff8008082c0c], 288230359234537345
[0x7c1dee4c3c, 0xffffff8008082c0c], 288230359234537345
[0x7c1e030238, 0xffffff8008082c0c], 288230359234516137
[0x7c1dee4c3c, 0xffffff8008082c0c], 288230359234537345
[0x7c1dee4c3c, 0xffffff8008082c0c], 288230359234537345
[0x7c1dee4c3c, 0xffffff8008082c0c], 288230359234537345
[0x7c1dee4c3c, 0xffffff8008082c0c], 288230359234537345
[0x7c1dee4c3c, 0xffffff8008082c0c], 288230359234537345
[0x7c1dee4c3c, 0xffffff8008082c0c], 288230359234537345
[0x7c1dee4c3c, 0xffffff8008082c0c], 288230359234537345
[0x7c1dee4c3c, 0xffffff8008082c0c], 288230359234537345
[0x7c1dee4c3c, 0xffffff8008082c0c], 288230359234537345
[0x7c1dee4c3c, 0xffffff8008082c0c], 288230359234537345
[0x7c1e030238, 0xffffff8008082c0c], 288230359234516137
[0x7c1dee4c3c, 0xffffff8008082c0c], 288230359234537345
[0x7c1dee4c3c, 0xffffff8008082c0c], 288230359234537345
[0x7c1dee4c3c, 0xffffff8008082c0c], 288230359234537345
[0x7c1dee4c3c, 0xffffff8008082c0c], 288230359234537345
[0x7c1dee4c3c, 0xffffff8008082c0c], 288230359234537345
[0x7c1dee4c3c, 0xffffff8008082c0c], 288230359234537345
[0x7c1e030238, 0xffffff8008082c0c], 288230359234516137
[0x7c1dee4c28, 0xffffff8008082c0c], 288230359234537345
[0x7c1dee4c3c, 0xffffff8008082c0c], 288230359234537345
[0x7c1dee4c3c, 0xffffff8008082c0c], 288230359234537345
[0x7c1dee4c3c, 0xffffff8008082c0c], 288230359234537345
[0x7c1e030238, 0xffffff8008082c0c], 288230359234516137
[0x7c1dee4c3c, 0xffffff8008082c0c], 288230359234537345
[0x7c1ddc1f98, 0xffffff8008082c0c], 288230359234555955
[0x7c1dee4c3c, 0xffffff8008082c0c], 288230359234537345
[0x7c1dee4c3c, 0xffffff8008082c0c], 288230359234537345
[0x7c1ddb673c, 0xffffff8008082c0c], 288230359234556693
[0x7c1dd7c758, 0xffffff8008082c0c], 288230359234560404
[0x7c1dd7c790, 0xffffff8008082c0c], 288230359234560403
[0x7c1dd7c844, 0xffffff8008082c0c], 288230359234560400
[0x7c1ddc7fbc, 0xffffff8008082c0c], 288230359234555571
[0x7c1df6e25c, 0xffffff8008082c0c], 288230359234528552
[0x7c1e10ff90, 0xffffff8008082c0c], 288230359234501811
[0x7c1e10d3ec, 0xffffff8008082c0c], 288230359234501986
[0x7c1e10d3f0, 0xffffff8008082c0c], 288230359234501986
[0x7c1e10d420, 0xffffff8008082c0c], 288230359234501985
[0x7c1e10ff90, 0xffffff8008082c0c], 288230359234501811
[0x7c1e01f0c4, 0xffffff8008082c0c], 288230359234517230
[0x7c1e01df80, 0xffffff8008082c0c], 288230359234517299
[0x7c1e01dfa0, 0xffffff8008082c0c], 288230359234517299
[0x70d2c294, 0xffffff8008082c0c], 288230367534306727
[0x70d2c2a8, 0xffffff8008082c0c], 288230367534306727
[0x7c1dd75010, 0xffffff8008082c0c], 288230359234560881
[0x70d33624, 0xffffff8008082c0c], 288230367534306265
[0x70d33634, 0xffffff8008082c0c], 288230367534306265
[0x7c1e0e24a0, 0xffffff8008082c0c], 288230359234504735
[0x70847310, 0xffffff8008082c0c], 288230367534386917
[0x70847368, 0xffffff8008082c0c], 288230367534386916
[0x7c1dd75010, 0xffffff8008082c0c], 288230359234560881
[0x708473b4, 0xffffff8008082c0c], 288230367534386915
[0x708473d4, 0xffffff8008082c0c], 288230367534386914
[0x7029134c, 0xffffff8008082c0c], 288230367534480484
[0x70847400, 0xffffff8008082c0c], 288230367534386913
[0x70aada00, 0xffffff8008082c0c], 288230367534347593
[0x7026f74c, 0xffffff8008082c0c], 288230367534482644
[0x7026f760, 0xffffff8008082c0c], 288230367534482644
[0x7c1dd76010, 0xffffff8008082c0c], 288230359234560817
[0x7c1dd75fec, 0xffffff8008082c0c], 288230359234560818
[0x7c1dd76010, 0xffffff8008082c0c], 288230359234560817
[0x7c1dd7602c, 0xffffff8008082c0c], 288230359234560817
[0x7ca14db080, 0xffffff8008082c0c], 288230359200098799
[0x70aada6c, 0xffffff8008082c0c], 288230367534347592
[0x70847428, 0xffffff8008082c0c], 288230367534386913
[0x70bc9780, 0xffffff8008082c0c], 288230367534329427
[0x7ca14db080, 0xffffff8008082c0c], 288230359200098799
[0x6ffee120, 0xffffff8008082c0c], 288230367534523693
[0x6ffee158, 0xffffff8008082c0c], 288230367534523692
[0x6ffee158, 0xffffff8008082c0c], 288230367534523692
[0x6ffee1ac, 0xffffff8008082c0c], 288230367534523691
[0x6ffee1c0, 0xffffff8008082c0c], 288230367534523690
[0x700b49e8, 0xffffff8008082c0c], 288230367534510986
[0x7000331c, 0xffffff8008082c0c], 288230367534522341
[0x7c1e1a1050, 0xffffff8008082c0c], 288230359234492528
[0x7c1e10ff90, 0xffffff8008082c0c], 288230359234501811
[0x7c1e1c8a04, 0xffffff8008082c0c], 288230359234489993
[0x7c1e1c8a08, 0xffffff8008082c0c], 288230359234489993
[0x7c1e1c8b24, 0xffffff8008082c0c], 288230359234489989
[0x7c1e1c0788, 0xffffff8008082c0c], 288230359234490515
[0x7c1e1c0578, 0xffffff8008082c0c], 288230359234490524
[0x7c1e1c0590, 0xffffff8008082c0c], 288230359234490523
[0x7c1e1c05a8, 0xffffff8008082c0c], 288230359234490523
[0x7c1e1c10bc, 0xffffff8008082c0c], 288230359234490479
[0x7c1deed04c, 0xffffff8008082c0c], 288230359234536816
[0x7c1df142f4, 0xffffff8008082c0c], 288230359234534310
[0x7c1df19ee4, 0xffffff8008082c0c], 288230359234533942
[0x7c1ddb678c, 0xffffff8008082c0c], 288230359234556691
[0x7c1ddb93a4, 0xffffff8008082c0c], 288230359234556515
[0x7c1ddb93a8, 0xffffff8008082c0c], 288230359234556515
[0x7c1df11874, 0xffffff8008082c0c], 288230359234534480
[0x7c1dda12e8, 0xffffff8008082c0c], 288230359234558054
[0x7c1ddb93a4, 0xffffff8008082c0c], 288230359234556515
[0x7c1ddb93a8, 0xffffff8008082c0c], 288230359234556515
[0x7c1e1d21f8, 0xffffff8008082c0c], 288230359234489386
[0x7c1df11790, 0xffffff8008082c0c], 288230359234534483
[0x7c1e03fb64, 0xffffff8008082c0c], 288230359234515140
[0x7c1e0403e8, 0xffffff8008082c0c], 288230359234515106
[0x7c1dda429c, 0xffffff8008082c0c], 288230359234557863
[0x7c1e151680, 0xffffff8008082c0c], 288230359234497623
[0x7c1dd7e270, 0xffffff8008082c0c], 288230359234560296
[0x7ca4647618, 0xffffff8008082c0c], 288230359199289049
[0x7c1e184204, 0xffffff8008082c0c], 288230359234494377
[0x7ca31726c0, 0xffffff8008082c0c], 288230359199630358
[0x7ca14efb34, 0xffffff8008082c0c], 288230359200097477
[0x7c1dd80070, 0xffffff8008082c0c], 288230359234560176
[0x7ca31726dc, 0xffffff8008082c0c], 288230359199630358
[0x7c1e18285c, 0xffffff8008082c0c], 288230359234494480
[0x7c1e154770, 0xffffff8008082c0c], 288230359234497428
[0x7c1e171468, 0xffffff8008082c0c], 288230359234495584
[0x7c1e16d850, 0xffffff8008082c0c], 288230359234495824
[0x7c1e0222a0, 0xffffff8008082c0c], 288230359234517031
[0x7c1dd7ae00, 0xffffff8008082c0c], 288230359234560505
[0x7c1e17352c, 0xffffff8008082c0c], 288230359234495453
[0x7c1e175924, 0xffffff8008082c0c], 288230359234495309
[0x7c1e1751c8, 0xffffff8008082c0c], 288230359234495338
[0x7c1e184180, 0xffffff8008082c0c], 288230359234494379
[0x7c1ddb7248, 0xffffff8008082c0c], 288230359234556648
[0x7c1ddb724c, 0xffffff8008082c0c], 288230359234556648
[0x7c1e167f74, 0xffffff8008082c0c], 288230359234496180
[0x7ca4647618, 0xffffff8008082c0c], 288230359199289049
[0x7c1e135404, 0xffffff8008082c0c], 288230359234499425
[0x7ca4647618, 0xffffff8008082c0c], 288230359199289049
[0x7ca4647618, 0xffffff8008082c0c], 288230359199289049
[0x7ca4647618, 0xffffff8008082c0c], 288230359199289049
[0x7ca4647618, 0xffffff8008082c0c], 288230359199289049
[0x7ca4647618, 0xffffff8008082c0c], 288230359199289049
[0x7ca4647618, 0xffffff8008082c0c], 288230359199289049
[0x7ca4647618, 0xffffff8008082c0c], 288230359199289049
[0x7ca4647618, 0xffffff8008082c0c], 288230359199289049
[0x7ca4647618, 0xffffff8008082c0c], 288230359199289049
[0x7ca4647618, 0xffffff8008082c0c], 288230359199289049
[0x7ca4647618, 0xffffff8008082c0c], 288230359199289049
[0x7ca4647618, 0xffffff8008082c0c], 288230359199289049
[0x7c1e024368, 0xffffff8008082c0c], 288230359234516900
[0x7c1e07f10c, 0xffffff8008082c0c], 288230359234511085
[0x7ca4647618, 0xffffff8008082c0c], 288230359199289049
[0x7c1df19ee4, 0xffffff8008082c0c], 288230359234533942
[0x7c1dee4c3c, 0xffffff8008082c0c], 288230359234537345
[0x7c1ddb678c, 0xffffff8008082c0c], 288230359234556691
[0x7c1df11874, 0xffffff8008082c0c], 288230359234534480
[0x7ca4647618, 0xffffff8008082c0c], 288230359199289049
[0x7c1de8f188, 0xffffff8008082c0c], 288230359234542827
[0x7ca14db480, 0xffffff8008082c0c], 288230359200098783
[0x7084747c, 0xffffff8008082c0c], 288230367534386912
[0x70ab89b0, 0xffffff8008082c0c], 288230367534346891
[0x70ab89e8, 0xffffff8008082c0c], 288230367534346890
[0x70ab89f0, 0xffffff8008082c0c], 288230367534346890
[0x70ab89f4, 0xffffff8008082c0c], 288230367534346890
[0x6ff4c538, 0xffffff8008082c0c], 288230367534534045
[0x7c1dd75010, 0xffffff8008082c0c], 288230359234560881
[0x6ff4be28, 0xffffff8008082c0c], 288230367534534073
[0x7c1e1afad8, 0xffffff8008082c0c], 288230359234491590
[0x7c1e0e16f8, 0xffffff8008082c0c], 288230359234504790
[0x7c1e0e1710, 0xffffff8008082c0c], 288230359234504789
[0x7c1e0e1728, 0xffffff8008082c0c], 288230359234504789
[0x7c1e0e1730, 0xffffff8008082c0c], 288230359234504789
[0x7027a744, 0xffffff8008082c0c], 288230367534481940
[0x70ab8a68, 0xffffff8008082c0c], 288230367534346888
[0x7ca14f0654, 0xffffff8008082c0c], 288230359200097432
[0x7ca148d220, 0xffffff8008082c0c], 288230359200103785
[0x7ca2c0fa20, 0xffffff8008082c0c], 288230359199718601
[0x7ca14dacc0, 0xffffff8008082c0c], 288230359200098814
[0x7ca14dac80, 0xffffff8008082c0c], 288230359200098815
[0x7ca14daca0, 0xffffff8008082c0c], 288230359200098815
[0x7c1dd6d77c, 0xffffff8008082c0c], 288230359234561364
[0x70847514, 0xffffff8008082c0c], 288230367534386909
[0x70838c20, 0xffffff8008082c0c], 288230367534387841
[0x7c1dd75028, 0xffffff8008082c0c], 288230359234560881
[0x7c1dd74f20, 0xffffff8008082c0c], 288230359234560885
[0x70bb55b0, 0xffffff8008082c0c], 288230367534330715
[0x70bb55cc, 0xffffff8008082c0c], 288230367534330714
[0x7ca088ed60, 0xffffff8008082c0c], 288230359200300284
[0x70bb5604, 0xffffff8008082c0c], 288230367534330713
[0x70bb5618, 0xffffff8008082c0c], 288230367534330713
[0x7c1dd75010, 0xffffff8008082c0c], 288230359234560881
[0x7029d304, 0xffffff8008082c0c], 288230367534479717
[0x701102c0, 0xffffff8008082c0c], 288230367534505126
[0x70110238, 0xffffff8008082c0c], 288230367534505129
[0x7c1dd75010, 0xffffff8008082c0c], 288230359234560881
[0x7c1dd75010, 0xffffff8008082c0c], 288230359234560881
[0x70838d28, 0xffffff8008082c0c], 288230367534387837
[0x7c1dd75010, 0xffffff8008082c0c], 288230359234560881
[0x70838d84, 0xffffff8008082c0c], 288230367534387835
[0x70ab62ec, 0xffffff8008082c0c], 288230367534347046
[0x70d501a0, 0xffffff8008082c0c], 288230367534304427
[0x70838dc8, 0xffffff8008082c0c], 288230367534387834
[0x70b3f8e0, 0xffffff8008082c0c], 288230367534338254
[0x70b3fa30, 0xffffff8008082c0c], 288230367534338249
[0x70838e1c, 0xffffff8008082c0c], 288230367534387833
[0x6ff83ed0, 0xffffff8008082c0c], 288230367534530486
[0x7c1dd75010, 0xffffff8008082c0c], 288230359234560881
[0x7c1dd75010, 0xffffff8008082c0c], 288230359234560881
[0x70838f38, 0xffffff8008082c0c], 288230367534387829
[0x70b5a060, 0xffffff8008082c0c], 288230367534336560
[0x70b5a120, 0xffffff8008082c0c], 288230367534336557
[0x70d43520, 0xffffff8008082c0c], 288230367534305245
[0x7c1dd9e5dc, 0xffffff8008082c0c], 288230359234558234
[0x7c1dd9e68c, 0xffffff8008082c0c], 288230359234558231
[0x7c1dd9e5dc, 0xffffff8008082c0c], 288230359234558234
[0x7c1dd9e68c, 0xffffff8008082c0c], 288230359234558231
[0x7c1ddd2a4c, 0xffffff8008082c0c], 288230359234554888
[0x7c1dd75010, 0xffffff8008082c0c], 288230359234560881
[0x7c1dd75010, 0xffffff8008082c0c], 288230359234560881
[0x7c1dd75010, 0xffffff8008082c0c], 288230359234560881
[0x7c1dd75010, 0xffffff8008082c0c], 288230359234560881
[0x708390b8, 0xffffff8008082c0c], 288230367534387823
[0x70b4b170, 0xffffff8008082c0c], 288230367534337516
[0x7c1ddd2a4c, 0xffffff8008082c0c], 288230359234554888
[0x7c1dd9e5dc, 0xffffff8008082c0c], 288230359234558234
[0x7c1dd9e68c, 0xffffff8008082c0c], 288230359234558231
[0x7c1dd9e5dc, 0xffffff8008082c0c], 288230359234558234
[0x7c1dd9e66c, 0xffffff8008082c0c], 288230359234558232
[0x7c1dd9e68c, 0xffffff8008082c0c], 288230359234558231
[0x7c1dd9e694, 0xffffff8008082c0c], 288230359234558231
[0x7c1ddd2a4c, 0xffffff8008082c0c], 288230359234554888
[0x7c1dd75010, 0xffffff8008082c0c], 288230359234560881
[0x7c1dd75010, 0xffffff8008082c0c], 288230359234560881
[0x7c1dd75010, 0xffffff8008082c0c], 288230359234560881
[0x7c1dd75010, 0xffffff8008082c0c], 288230359234560881
[0x7c1dd75010, 0xffffff8008082c0c], 288230359234560881
[0x70839350, 0xffffff8008082c0c], 288230367534387812
[0x70883350, 0xffffff8008082c0c], 288230367534383076
[0x70839380, 0xffffff8008082c0c], 288230367534387811
[0x708d7550, 0xffffff8008082c0c], 288230367534377692
[0x708d758c, 0xffffff8008082c0c], 288230367534377691
[0x7074a150, 0xffffff8008082c0c], 288230367534403116
[0x708393b0, 0xffffff8008082c0c], 288230367534387811
[0x70775500, 0xffffff8008082c0c], 288230367534400349
[0x7c1dd6d768, 0xffffff8008082c0c], 288230359234561364
[0x7c1dd6d77c, 0xffffff8008082c0c], 288230359234561364
[0x7c1dd75010, 0xffffff8008082c0c], 288230359234560881
[0x70774a18, 0xffffff8008082c0c], 288230367534400393
[0x70839584, 0xffffff8008082c0c], 288230367534387803
[0x7ca14db080, 0xffffff8008082c0c], 288230359200098799
[0x708395d8, 0xffffff8008082c0c], 288230367534387802
[0x708395e4, 0xffffff8008082c0c], 288230367534387802
[0x707e4da0, 0xffffff8008082c0c], 288230367534393211
[0x70026470, 0xffffff8008082c0c], 288230367534520096
[0x7c1dd75010, 0xffffff8008082c0c], 288230359234560881
[0x700264c4, 0xffffff8008082c0c], 288230367534520094
[0x6ff5dbfc, 0xffffff8008082c0c], 288230367534532930
[0x7002651c, 0xffffff8008082c0c], 288230367534520093
[0x707e4e24, 0xffffff8008082c0c], 288230367534393209
[0x700cc160, 0xffffff8008082c0c], 288230367534509484
[0x700cc1d0, 0xffffff8008082c0c], 288230367534509482
[0x702a01e0, 0xffffff8008082c0c], 288230367534479530
[0x707e4e8c, 0xffffff8008082c0c], 288230367534393207
[0x70839614, 0xffffff8008082c0c], 288230367534387801
[0x70675280, 0xffffff8008082c0c], 288230367534416743
[0x7083963c, 0xffffff8008082c0c], 288230367534387801
[0x70839668, 0xffffff8008082c0c], 288230367534387800
[0x70839668, 0xffffff8008082c0c], 288230367534387800
[0x7c1dd6d77c, 0xffffff8008082c0c], 288230359234561364
[0x70b59590, 0xffffff8008082c0c], 288230367534336603
[0x7083346c, 0xffffff8008082c0c], 288230367534388192
[0x70acd620, 0xffffff8008082c0c], 288230367534345561
[0x70acd658, 0xffffff8008082c0c], 288230367534345560
[0x70acd9f4, 0xffffff8008082c0c], 288230367534345546
[0x70acda00, 0xffffff8008082c0c], 288230367534345545
[0x7ca4647618, 0xffffff8008082c0c], 288230359199289049
[0x70acda28, 0xffffff8008082c0c], 288230367534345545
[0x7ca2ce7d6c, 0xffffff8008082c0c], 288230359199704764
[0x7ca2cded44, 0xffffff8008082c0c], 288230359199705340
[0x7ca2d044fc, 0xffffff8008082c0c], 288230359199702942
[0x7ca14db080, 0xffffff8008082c0c], 288230359200098799
[0x7c9f8f1030, 0xffffff8008082c0c], 288230359200556145
[0x7c9f8f1030, 0xffffff8008082c0c], 288230359200556145
[0x7c9f8f21a0, 0xffffff8008082c0c], 288230359200556075
[0x7ca14efb34, 0xffffff8008082c0c], 288230359200097477
[0x7ca2cf0168, 0xffffff8008082c0c], 288230359199704236
[0x7ca2cea654, 0xffffff8008082c0c], 288230359199704600
[0x7ca14da800, 0xffffff8008082c0c], 288230359200098833
[0x7bb18f1800, 0xffffff8008082c0c], 288230359262946385
[0x7bb18f1800, 0xffffff8008082c0c], 288230359262946385
[0x7bb18f1800, 0xffffff8008082c0c], 288230359262946385
[0x7c2979f660, 0xffffff8008082c0c], 288230359231510744
[0x7c297501c0, 0xffffff8008082c0c], 288230359231515818
[0x7c2979e840, 0xffffff8008082c0c], 288230359231510800
[0x7ca14db340, 0xffffff8008082c0c], 288230359200098788
[0x7ca14db380, 0xffffff8008082c0c], 288230359200098787
[0x7ca14dbb00, 0xffffff8008082c0c], 288230359200098757
[0x7ca14db480, 0xffffff8008082c0c], 288230359200098783
[0x7ca14db340, 0xffffff8008082c0c], 288230359200098788
[0x7ca14db380, 0xffffff8008082c0c], 288230359200098787
[0x7ca148c440, 0xffffff8008082c0c], 288230359200103840
[0x7ca14db980, 0xffffff8008082c0c], 288230359200098763
[0x7ca1477790, 0xffffff8008082c0c], 288230359200105171
[0x7ca148c3c4, 0xffffff8008082c0c], 288230359200103842
[0x7ca148c440, 0xffffff8008082c0c], 288230359200103840
[0x7ca14da820, 0xffffff8008082c0c], 288230359200098833
[0x7ca14dbe00, 0xffffff8008082c0c], 288230359200098745
[0x7ca14da500, 0xffffff8008082c0c], 288230359200098845
[0x7ca14db480, 0xffffff8008082c0c], 288230359200098783
[0x7ca14db480, 0xffffff8008082c0c], 288230359200098783
[0x7ca1477cd8, 0xffffff8008082c0c], 288230359200105150
[0x7c1e12d9b8, 0xffffff8008082c0c], 288230359234499915
[0x7c1e12d9d8, 0xffffff8008082c0c], 288230359234499914
[0x7ca148c41c, 0xffffff8008082c0c], 288230359200103841
[0x7ca14db380, 0xffffff8008082c0c], 288230359200098787
[0x7ca14db280, 0xffffff8008082c0c], 288230359200098791
[0x7ca14db340, 0xffffff8008082c0c], 288230359200098788
[0x7ca14db480, 0xffffff8008082c0c], 288230359200098783
[0x7ca3171bac, 0xffffff8008082c0c], 288230359199630403
[0x7ca3171bc8, 0xffffff8008082c0c], 288230359199630402
[0x7ca3171bd8, 0xffffff8008082c0c], 288230359199630402
[0x7ca3171cc8, 0xffffff8008082c0c], 288230359199630398
[0x7ca14db380, 0xffffff8008082c0c], 288230359200098787
[0x7c1ddc22f0, 0xffffff8008082c0c], 288230359234555942
[0x7c1ded4e70, 0xffffff8008082c0c], 288230359234538360
[0x7c1ded4e74, 0xffffff8008082c0c], 288230359234538360
[0x7ca14da7c0, 0xffffff8008082c0c], 288230359200098834
[0x70011ac0, 0xffffff8008082c0c], 288230367534521414
[0x7ca14db480, 0xffffff8008082c0c], 288230359200098783
[0x7ca1479a60, 0xffffff8008082c0c], 288230359200105032
[0x7ca2d044fc, 0xffffff8008082c0c], 288230359199702942
[0x7ca14db080, 0xffffff8008082c0c], 288230359200098799
[0x7ca2cea654, 0xffffff8008082c0c], 288230359199704600
[0x7ca14da800, 0xffffff8008082c0c], 288230359200098833
[0x7ca2c0fa20, 0xffffff8008082c0c], 288230359199718601
[0x7ca14db340, 0xffffff8008082c0c], 288230359200098788
[0x7ca14db380, 0xffffff8008082c0c], 288230359200098787
[0x7ca14da900, 0xffffff8008082c0c], 288230359200098829
[0x7ca14da900, 0xffffff8008082c0c], 288230359200098829
[0x7ca14eec84, 0xffffff8008082c0c], 288230359200097535
[0x7ca14eec90, 0xffffff8008082c0c], 288230359200097535
[0x7ca148ce60, 0xffffff8008082c0c], 288230359200103800
[0x7ca148d220, 0xffffff8008082c0c], 288230359200103785
[0x7ca14da800, 0xffffff8008082c0c], 288230359200098833
[0x7ca14db340, 0xffffff8008082c0c], 288230359200098788
[0x7ca14db380, 0xffffff8008082c0c], 288230359200098787
[0x7ca14dbb00, 0xffffff8008082c0c], 288230359200098757
[0x7ca14db480, 0xffffff8008082c0c], 288230359200098783
[0x7ca14db340, 0xffffff8008082c0c], 288230359200098788
[0x7ca14db380, 0xffffff8008082c0c], 288230359200098787
[0x7ca14db380, 0xffffff8008082c0c], 288230359200098787
[0x7ca14db280, 0xffffff8008082c0c], 288230359200098791
[0x7ca148c440, 0xffffff8008082c0c], 288230359200103840
[0x7ca148c440, 0xffffff8008082c0c], 288230359200103840
[0x7ca14db480, 0xffffff8008082c0c], 288230359200098783
[0x7ca2f28038, 0xffffff8008082c0c], 288230359199667889
[0x7ca14da7c0, 0xffffff8008082c0c], 288230359200098834
[0x7ca14db980, 0xffffff8008082c0c], 288230359200098763
[0x7c1ded4e70, 0xffffff8008082c0c], 288230359234538360
[0x7c1ded4e74, 0xffffff8008082c0c], 288230359234538360
[0x7c1ddff8cc, 0xffffff8008082c0c], 288230359234552014
[0x70013070, 0xffffff8008082c0c], 288230367534521328
[0x7001309c, 0xffffff8008082c0c], 288230367534521327
[0x7ca14db980, 0xffffff8008082c0c], 288230359200098763
[0x70278d18, 0xffffff8008082c0c], 288230367534482045
[0x70278d24, 0xffffff8008082c0c], 288230367534482045
[0x7ca148d220, 0xffffff8008082c0c], 288230359200103785
[0x7ca148d220, 0xffffff8008082c0c], 288230359200103785
[0x7ca14db340, 0xffffff8008082c0c], 288230359200098788
[0x7ca14db380, 0xffffff8008082c0c], 288230359200098787
[0x7ca14dbb00, 0xffffff8008082c0c], 288230359200098757
[0x7ca14db480, 0xffffff8008082c0c], 288230359200098783
[0x7ca14db340, 0xffffff8008082c0c], 288230359200098788
[0x7ca14db380, 0xffffff8008082c0c], 288230359200098787
[0x7ca14db380, 0xffffff8008082c0c], 288230359200098787
[0x7ca14db280, 0xffffff8008082c0c], 288230359200098791
[0x7ca148c440, 0xffffff8008082c0c], 288230359200103840
[0x7ca1474ca8, 0xffffff8008082c0c], 288230359200105343
[0x7ca148c3c4, 0xffffff8008082c0c], 288230359200103842
[0x7ca148c440, 0xffffff8008082c0c], 288230359200103840
[0x7ca14db480, 0xffffff8008082c0c], 288230359200098783
[0x7ca14da7c0, 0xffffff8008082c0c], 288230359200098834
[0x7ca14db980, 0xffffff8008082c0c], 288230359200098763
[0x7c1ded4e70, 0xffffff8008082c0c], 288230359234538360
[0x7c1ded4e74, 0xffffff8008082c0c], 288230359234538360
[0x70013070, 0xffffff8008082c0c], 288230367534521328
[0x7ca14db980, 0xffffff8008082c0c], 288230359200098763
[0x70278d30, 0xffffff8008082c0c], 288230367534482045
[0x702dd718, 0xffffff8008082c0c], 288230367534475605
[0x702dd7a4, 0xffffff8008082c0c], 288230367534475603
[0x70107720, 0xffffff8008082c0c], 288230367534505685
[0x7ca148d220, 0xffffff8008082c0c], 288230359200103785
[0x7ca148d220, 0xffffff8008082c0c], 288230359200103785
[0xffffff8008c671c4, 0xffffff8008082a0c], 288230376151516898
[0x7ca2cd3204, 0xffffff8008082c0c], 288230359199706089
[0x7ca148d220, 0xffffff8008082c0c], 288230359200103785
[0x7ca2c15a98, 0xffffff8008082c0c], 288230359199718215
[0x7ca088cccc, 0xffffff8008082c0c], 288230359200300414
[0x7ca0856fc4, 0xffffff8008082c0c], 288230359200303858
[0x7c1e0e061c, 0xffffff8008082c0c], 288230359234504857
[0x7c1e0e06b4, 0xffffff8008082c0c], 288230359234504855
[0x7c1e0e06b8, 0xffffff8008082c0c], 288230359234504855
[0x7c1e0e06cc, 0xffffff8008082c0c], 288230359234504854
[0x7c1e0e06e4, 0xffffff8008082c0c], 288230359234504854
[0x7c1e0e06ec, 0xffffff8008082c0c], 288230359234504854
[0x7c1dd6d768, 0xffffff8008082c0c], 288230359234561364
[0x7c1dd6d77c, 0xffffff8008082c0c], 288230359234561364
[0x70bb7870, 0xffffff8008082c0c], 288230367534330576
[0x70bb78c8, 0xffffff8008082c0c], 288230367534330574
[0x70bb7934, 0xffffff8008082c0c], 288230367534330573
[0x70bb7958, 0xffffff8008082c0c], 288230367534330572
[0x7c1dd75010, 0xffffff8008082c0c], 288230359234560881
[0x7c1dfdbc8c, 0xffffff8008082c0c], 288230359234521535
[0x7ca088cd84, 0xffffff8008082c0c], 288230359200300411
[0x70acda68, 0xffffff8008082c0c], 288230367534345544
[0x7c1dd75010, 0xffffff8008082c0c], 288230359234560881
[0x70acdb0c, 0xffffff8008082c0c], 288230367534345541
[0x70acdb24, 0xffffff8008082c0c], 288230367534345541
[0x70c807c0, 0xffffff8008082c0c], 288230367534317714
[0x70c807e4, 0xffffff8008082c0c], 288230367534317714
[0x7c1dd6d768, 0xffffff8008082c0c], 288230359234561364
[0x7c1dd6d77c, 0xffffff8008082c0c], 288230359234561364
[0x70abcc10, 0xffffff8008082c0c], 288230367534346625
[0x7ca2ce7d6c, 0xffffff8008082c0c], 288230359199704764
[0x7ca2c0fc14, 0xffffff8008082c0c], 288230359199718593
[0x7ca148c168, 0xffffff8008082c0c], 288230359200103852
[0x70c8083c, 0xffffff8008082c0c], 288230367534317713
[0x70c8084c, 0xffffff8008082c0c], 288230367534317712
[0x70c80864, 0xffffff8008082c0c], 288230367534317712
[0x7c1dd75fec, 0xffffff8008082c0c], 288230359234560818
[0x7c1dd75ffc, 0xffffff8008082c0c], 288230359234560818
[0x7c1dd76010, 0xffffff8008082c0c], 288230359234560817
[0x7c1dfdbc8c, 0xffffff8008082c0c], 288230359234521535
[0x7ca14da800, 0xffffff8008082c0c], 288230359200098833
[0x7bb18f1840, 0xffffff8008082c0c], 288230359262946384
[0x7bb18f1840, 0xffffff8008082c0c], 288230359262946384
[0x7bb18f1800, 0xffffff8008082c0c], 288230359262946385
[0x7bb18f1800, 0xffffff8008082c0c], 288230359262946385
[0x7bb18f1800, 0xffffff8008082c0c], 288230359262946385
[0x70c808a8, 0xffffff8008082c0c], 288230367534317711
[0x7c1dd6d77c, 0xffffff8008082c0c], 288230359234561364
[0x7ca4647618, 0xffffff8008082c0c], 288230359199289049
[0x7ca4647618, 0xffffff8008082c0c], 288230359199289049
[0x7ca14db080, 0xffffff8008082c0c], 288230359200098799
[0x7c1dd6d768, 0xffffff8008082c0c], 288230359234561364
[0x7c1dd6d77c, 0xffffff8008082c0c], 288230359234561364
[0x7ca4647618, 0xffffff8008082c0c], 288230359199289049
[0x7c1dd75010, 0xffffff8008082c0c], 288230359234560881
[0x70839694, 0xffffff8008082c0c], 288230367534387799
[0x708396c4, 0xffffff8008082c0c], 288230367534387798
[0x708396e0, 0xffffff8008082c0c], 288230367534387798
[0x7c1dd75fec, 0xffffff8008082c0c], 288230359234560818
[0x7c1dd75ffc, 0xffffff8008082c0c], 288230359234560818
[0x7c1e1cbd38, 0xffffff8008082c0c], 288230359234489789
[0x7c1dd9e5dc, 0xffffff8008082c0c], 288230359234558234
[0x7c1ddb6aec, 0xffffff8008082c0c], 288230359234556678
[0x7c1e01fcb8, 0xffffff8008082c0c], 288230359234517183
[0x7c1dd76010, 0xffffff8008082c0c], 288230359234560817
[0x7c1dd7602c, 0xffffff8008082c0c], 288230359234560817
[0x7094af40, 0xffffff8008082c0c], 288230367534370292
[0x7094afd0, 0xffffff8008082c0c], 288230367534370290
[0x7c1dfbc27c, 0xffffff8008082c0c], 288230359234523560
[0x7c1dfdbc8c, 0xffffff8008082c0c], 288230359234521535
[0x7ca2c0fa20, 0xffffff8008082c0c], 288230359199718601
[0x7c1e1cbd38, 0xffffff8008082c0c], 288230359234489789
[0x7c1e1cbd44, 0xffffff8008082c0c], 288230359234489788
[0x7c1e01fcb8, 0xffffff8008082c0c], 288230359234517183
[0x7c1e01fcf0, 0xffffff8008082c0c], 288230359234517182
[0x7c1e01fcf8, 0xffffff8008082c0c], 288230359234517182
[0x7c1e01fcf0, 0xffffff8008082c0c], 288230359234517182
[0x7c1e01fcf0, 0xffffff8008082c0c], 288230359234517182
[0x7c1e01fcf8, 0xffffff8008082c0c], 288230359234517182
[0x7c1e01fcf0, 0xffffff8008082c0c], 288230359234517182
[0x7c1e01fcf0, 0xffffff8008082c0c], 288230359234517182
[0x7c1e01fcf8, 0xffffff8008082c0c], 288230359234517182
[0x7c1dd7ac74, 0xffffff8008082c0c], 288230359234560512
[0x7c1dd7ac80, 0xffffff8008082c0c], 288230359234560511
[0x7c1dd7ac88, 0xffffff8008082c0c], 288230359234560511
[0x7c1dd7adf0, 0xffffff8008082c0c], 288230359234560506
[0x7c1dd7ae00, 0xffffff8008082c0c], 288230359234560505
[0x7c1dd7ae30, 0xffffff8008082c0c], 288230359234560505
[0x7c1dd7ae58, 0xffffff8008082c0c], 288230359234560504
[0x7c1dd7ae60, 0xffffff8008082c0c], 288230359234560504
[0x7c1dd7ae30, 0xffffff8008082c0c], 288230359234560505
[0x7c1dd7ae58, 0xffffff8008082c0c], 288230359234560504
[0x7ca14da800, 0xffffff8008082c0c], 288230359200098833
[0x7ca148d220, 0xffffff8008082c0c], 288230359200103785
[0x7ca14da7c0, 0xffffff8008082c0c], 288230359200098834
[0x7ca14da7c0, 0xffffff8008082c0c], 288230359200098834
[0x7ca14db980, 0xffffff8008082c0c], 288230359200098763
[0x7ca14db080, 0xffffff8008082c0c], 288230359200098799
[0x7ca4647618, 0xffffff8008082c0c], 288230359199289049
[0x7ca4647618, 0xffffff8008082c0c], 288230359199289049
[0x7ca4647618, 0xffffff8008082c0c], 288230359199289049
[0x7ca14dbe20, 0xffffff8008082c0c], 288230359200098745
[0x7ca4647618, 0xffffff8008082c0c], 288230359199289049
[0x7ca4647618, 0xffffff8008082c0c], 288230359199289049
[0x7ca14db080, 0xffffff8008082c0c], 288230359200098799
[0x7ca14dbe20, 0xffffff8008082c0c], 288230359200098745
[0x7ca4647618, 0xffffff8008082c0c], 288230359199289049
[0x7c1e1b1060, 0xffffff8008082c0c], 288230359234491504
[0x7ca4647618, 0xffffff8008082c0c], 288230359199289049
[0x7ca14db080, 0xffffff8008082c0c], 288230359200098799
[0x7ca14dbe20, 0xffffff8008082c0c], 288230359200098745
[0x7ca4647618, 0xffffff8008082c0c], 288230359199289049
[0x7ca14da7c0, 0xffffff8008082c0c], 288230359200098834
[0x7ca14da7c0, 0xffffff8008082c0c], 288230359200098834
[0x7ca14db980, 0xffffff8008082c0c], 288230359200098763
[0x734e4be660, 0xffffff8008082c0c], 288230359825838360
[0x734fc34388, 0xffffff8008082c0c], 288230359825453987
[0x734e470220, 0xffffff8008082c0c], 288230359825843369
[0x734e4bd840, 0xffffff8008082c0c], 288230359825838416
[0x7c2979f660, 0xffffff8008082c0c], 288230359231510744
[0x7c2979e840, 0xffffff8008082c0c], 288230359231510800
[0x7c2979f660, 0xffffff8008082c0c], 288230359231510744
[0x7c2979e840, 0xffffff8008082c0c], 288230359231510800
[0x734e470220, 0xffffff8008082c0c], 288230359825843369
[0x7ca14da7c0, 0xffffff8008082c0c], 288230359200098834
[0x7ca14db980, 0xffffff8008082c0c], 288230359200098763
[0x7ca4647618, 0xffffff8008082c0c], 288230359199289049
[0x7ca14da800, 0xffffff8008082c0c], 288230359200098833
[0x7ca4647618, 0xffffff8008082c0c], 288230359199289049
[0x7ca14db080, 0xffffff8008082c0c], 288230359200098799
[0x7ca14dbe20, 0xffffff8008082c0c], 288230359200098745
[0x7ca14db080, 0xffffff8008082c0c], 288230359200098799
[0x7ca4647618, 0xffffff8008082c0c], 288230359199289049
[0x7ca14da7c0, 0xffffff8008082c0c], 288230359200098834
[0x7ca14da7c0, 0xffffff8008082c0c], 288230359200098834
[0x7ca14db980, 0xffffff8008082c0c], 288230359200098763
[0x7ca14da7c0, 0xffffff8008082c0c], 288230359200098834
[0x7ca14db980, 0xffffff8008082c0c], 288230359200098763
[0x7ca4647618, 0xffffff8008082c0c], 288230359199289049
[0x7ca4647618, 0xffffff8008082c0c], 288230359199289049
[0x7ca4647618, 0xffffff8008082c0c], 288230359199289049
[0x7ca4647618, 0xffffff8008082c0c], 288230359199289049
[0x7ca4647618, 0xffffff8008082c0c], 288230359199289049
[0x7ca4647618, 0xffffff8008082c0c], 288230359199289049
[0x7ca4647618, 0xffffff8008082c0c], 288230359199289049
[0x7ca4647618, 0xffffff8008082c0c], 288230359199289049
[0x7ca4647618, 0xffffff8008082c0c], 288230359199289049
[0x7ca4647618, 0xffffff8008082c0c], 288230359199289049
[0x7ca4647618, 0xffffff8008082c0c], 288230359199289049
[0x7ca4647618, 0xffffff8008082c0c], 288230359199289049
[0x7ca4647618, 0xffffff8008082c0c], 288230359199289049
[0x7ca4647618, 0xffffff8008082c0c], 288230359199289049
[0x7ca4647618, 0xffffff8008082c0c], 288230359199289049
[0x7ca4647618, 0xffffff8008082c0c], 288230359199289049
[0x7ca4647618, 0xffffff8008082c0c], 288230359199289049
[0x7ca4647618, 0xffffff8008082c0c], 288230359199289049
[0x7ca14da800, 0xffffff8008082c0c], 288230359200098833
[0x7ca4647618, 0xffffff8008082c0c], 288230359199289049
[0x7ca4647618, 0xffffff8008082c0c], 288230359199289049
[0x7ca4647618, 0xffffff8008082c0c], 288230359199289049
[0x7ca4647618, 0xffffff8008082c0c], 288230359199289049
[0x7ca14db080, 0xffffff8008082c0c], 288230359200098799
[0x7ca14db080, 0xffffff8008082c0c], 288230359200098799
[0x7ca14db080, 0xffffff8008082c0c], 288230359200098799
[0x7ca14db080, 0xffffff8008082c0c], 288230359200098799
[0x7ca14db080, 0xffffff8008082c0c], 288230359200098799
[0x7ca14db080, 0xffffff8008082c0c], 288230359200098799
[0x7ca14db080, 0xffffff8008082c0c], 288230359200098799
[0x7ca14db080, 0xffffff8008082c0c], 288230359200098799
[0x7ca14db080, 0xffffff8008082c0c], 288230359200098799
[0x7ca14db080, 0xffffff8008082c0c], 288230359200098799
[0x7ca14db080, 0xffffff8008082c0c], 288230359200098799
[0x7ca14db080, 0xffffff8008082c0c], 288230359200098799
[0x7ca14db080, 0xffffff8008082c0c], 288230359200098799
[0x7ca14db080, 0xffffff8008082c0c], 288230359200098799
[0x7ca14da7c0, 0xffffff8008082c0c], 288230359200098834
[0x7ca14da7c0, 0xffffff8008082c0c], 288230359200098834
[0x7ca14db980, 0xffffff8008082c0c], 288230359200098763
[0x7c2979f660, 0xffffff8008082c0c], 288230359231510744
[0x7c2979e840, 0xffffff8008082c0c], 288230359231510800
[0x7ca14da7c0, 0xffffff8008082c0c], 288230359200098834
[0x7ca14db980, 0xffffff8008082c0c], 288230359200098763
[0x7ca14db080, 0xffffff8008082c0c], 288230359200098799
[0x7ca14db080, 0xffffff8008082c0c], 288230359200098799
[0x7ca14db080, 0xffffff8008082c0c], 288230359200098799
[0x7ca14db080, 0xffffff8008082c0c], 288230359200098799
[0x7ca14db080, 0xffffff8008082c0c], 288230359200098799
[0x7ca14db080, 0xffffff8008082c0c], 288230359200098799
[0x7ca14db080, 0xffffff8008082c0c], 288230359200098799
[0x7ca14db080, 0xffffff8008082c0c], 288230359200098799
[0x7ca14db080, 0xffffff8008082c0c], 288230359200098799
[0x7ca14db080, 0xffffff8008082c0c], 288230359200098799
[0x7ca14db080, 0xffffff8008082c0c], 288230359200098799
[0x7ca14db080, 0xffffff8008082c0c], 288230359200098799
[0x7ca14db080, 0xffffff8008082c0c], 288230359200098799
[0x7ca14db080, 0xffffff8008082c0c], 288230359200098799
[0x7ca14da7c0, 0xffffff8008082c0c], 288230359200098834
[0x7ca14da7c0, 0xffffff8008082c0c], 288230359200098834
[0x7ca14db980, 0xffffff8008082c0c], 288230359200098763
[0x7ca14da7c0, 0xffffff8008082c0c], 288230359200098834
[0x7ca14db980, 0xffffff8008082c0c], 288230359200098763
[0x7ca14da7c0, 0xffffff8008082c0c], 288230359200098834
[0x7ca14da7c0, 0xffffff8008082c0c], 288230359200098834
[0x7ca14db980, 0xffffff8008082c0c], 288230359200098763
[0x7ca14da7c0, 0xffffff8008082c0c], 288230359200098834
[0x7ca14db980, 0xffffff8008082c0c], 288230359200098763
[0x7ca14da800, 0xffffff8008082c0c], 288230359200098833
[0x7ca14da7c0, 0xffffff8008082c0c], 288230359200098834
[0x7ca14da7c0, 0xffffff8008082c0c], 288230359200098834
[0x7ca14db980, 0xffffff8008082c0c], 288230359200098763
[0x7ca148d220, 0xffffff8008082c0c], 288230359200103785
[0x7ca4647618, 0xffffff8008082c0c], 288230359199289049
[0x7ca14dbe00, 0xffffff8008082c0c], 288230359200098745
[0x7ca148d220, 0xffffff8008082c0c], 288230359200103785
[0x7ca14da800, 0xffffff8008082c0c], 288230359200098833
[0x7ca14db5a0, 0xffffff8008082c0c], 288230359200098779
[0x7ca4647618, 0xffffff8008082c0c], 288230359199289049
[0x7ca14db080, 0xffffff8008082c0c], 288230359200098799
[0x7ca14da6c0, 0xffffff8008082c0c], 288230359200098838
[0x7ca4647618, 0xffffff8008082c0c], 288230359199289049
[0x7ca14da6c0, 0xffffff8008082c0c], 288230359200098838
[0x7ca14da7c0, 0xffffff8008082c0c], 288230359200098834
[0x7ca14db980, 0xffffff8008082c0c], 288230359200098763
[0x7ca14da7c0, 0xffffff8008082c0c], 288230359200098834
[0x7ca14da7c0, 0xffffff8008082c0c], 288230359200098834
[0x7ca14db980, 0xffffff8008082c0c], 288230359200098763
[0x7ca14da7c0, 0xffffff8008082c0c], 288230359200098834
[0x7ca14db980, 0xffffff8008082c0c], 288230359200098763
[0x7ca4647618, 0xffffff8008082c0c], 288230359199289049
[0x7ca4647618, 0xffffff8008082c0c], 288230359199289049
[0x7ca4647618, 0xffffff8008082c0c], 288230359199289049
[0x7ca14da7c0, 0xffffff8008082c0c], 288230359200098834
[0x7ca14da7c0, 0xffffff8008082c0c], 288230359200098834
[0x7ca14db980, 0xffffff8008082c0c], 288230359200098763
[0x7ca14da800, 0xffffff8008082c0c], 288230359200098833
[0x7519a48220, 0xffffff8008082c0c], 288230359705423529
[0x751b6bc618, 0xffffff8008082c0c], 288230359704957337
[0x751b6bc618, 0xffffff8008082c0c], 288230359704957337
[0x7519a95800, 0xffffff8008082c0c], 288230359705418577
[0x7519a48220, 0xffffff8008082c0c], 288230359705423529
[0x7519a95800, 0xffffff8008082c0c], 288230359705418577
[0x7ca14da7c0, 0xffffff8008082c0c], 288230359200098834
[0x7ca14db980, 0xffffff8008082c0c], 288230359200098763
[0x7ca4647618, 0xffffff8008082c0c], 288230359199289049
[0x7ca14dbe00, 0xffffff8008082c0c], 288230359200098745
[0x7ca4647618, 0xffffff8008082c0c], 288230359199289049
[0x7ca4647618, 0xffffff8008082c0c], 288230359199289049
[0x7ca4647618, 0xffffff8008082c0c], 288230359199289049
[0x7ca4647618, 0xffffff8008082c0c], 288230359199289049
[0x7ca4647618, 0xffffff8008082c0c], 288230359199289049
[0x7ca14db080, 0xffffff8008082c0c], 288230359200098799
[0x7ca14dbe20, 0xffffff8008082c0c], 288230359200098745
[0x7ca4647388, 0xffffff8008082c0c], 288230359199289059
[0x7ca4647618, 0xffffff8008082c0c], 288230359199289049
[0x7ca4647618, 0xffffff8008082c0c], 288230359199289049
[0x7ca4647618, 0xffffff8008082c0c], 288230359199289049
[0x7ca4647618, 0xffffff8008082c0c], 288230359199289049
[0x7ca4647618, 0xffffff8008082c0c], 288230359199289049
[0x7ca4647618, 0xffffff8008082c0c], 288230359199289049
[0x7ca4647618, 0xffffff8008082c0c], 288230359199289049
[0x7ca4647618, 0xffffff8008082c0c], 288230359199289049
[0x7ca4647618, 0xffffff8008082c0c], 288230359199289049
[0x7ca4647618, 0xffffff8008082c0c], 288230359199289049
[0x7ca4647618, 0xffffff8008082c0c], 288230359199289049
[0x7ca4647618, 0xffffff8008082c0c], 288230359199289049
[0x7ca4647618, 0xffffff8008082c0c], 288230359199289049
[0x7ca4647618, 0xffffff8008082c0c], 288230359199289049
[0x7ca4647618, 0xffffff8008082c0c], 288230359199289049
[0x7ca4647618, 0xffffff8008082c0c], 288230359199289049
[0x7ca4647618, 0xffffff8008082c0c], 288230359199289049
[0x7ca4647618, 0xffffff8008082c0c], 288230359199289049
[0x7ca4647618, 0xffffff8008082c0c], 288230359199289049
[0x7ca4647618, 0xffffff8008082c0c], 288230359199289049
[0x7ca4647618, 0xffffff8008082c0c], 288230359199289049
[0x7ca4647618, 0xffffff8008082c0c], 288230359199289049
[0x7ca4647618, 0xffffff8008082c0c], 288230359199289049
[0x7ca14da800, 0xffffff8008082c0c], 288230359200098833
[0x7ca4647618, 0xffffff8008082c0c], 288230359199289049
[0x7ca14da800, 0xffffff8008082c0c], 288230359200098833
[0x7ca14dbe00, 0xffffff8008082c0c], 288230359200098745
[0x7ca14db5a0, 0xffffff8008082c0c], 288230359200098779
[0x7ca148d220, 0xffffff8008082c0c], 288230359200103785
[0x7ca4647618, 0xffffff8008082c0c], 288230359199289049
[0x7ca4647618, 0xffffff8008082c0c], 288230359199289049
[0x7ca14da6c0, 0xffffff8008082c0c], 288230359200098838
[0x7ca14db5a0, 0xffffff8008082c0c], 288230359200098779
[0x7ca4647618, 0xffffff8008082c0c], 288230359199289049
[0x7ca14db080, 0xffffff8008082c0c], 288230359200098799
[0x7ca14da6c0, 0xffffff8008082c0c], 288230359200098838
[0x7ca4647618, 0xffffff8008082c0c], 288230359199289049
[0x7ca14db080, 0xffffff8008082c0c], 288230359200098799
[0x7ca14da6c0, 0xffffff8008082c0c], 288230359200098838
[0x7ca4647618, 0xffffff8008082c0c], 288230359199289049
[0x7ca148d220, 0xffffff8008082c0c], 288230359200103785
[0x7ca148d220, 0xffffff8008082c0c], 288230359200103785
[0x7c2979f660, 0xffffff8008082c0c], 288230359231510744
[0x7c2979e840, 0xffffff8008082c0c], 288230359231510800
[0x7ca4647618, 0xffffff8008082c0c], 288230359199289049
[0x7ca148d220, 0xffffff8008082c0c], 288230359200103785
[0x7ca14da7c0, 0xffffff8008082c0c], 288230359200098834
[0x7ca14da7c0, 0xffffff8008082c0c], 288230359200098834
[0x7ca14db980, 0xffffff8008082c0c], 288230359200098763
[0x7ca148d220, 0xffffff8008082c0c], 288230359200103785
[0x7ca14da7c0, 0xffffff8008082c0c], 288230359200098834
[0x7ca14db980, 0xffffff8008082c0c], 288230359200098763
[0x7ca148d220, 0xffffff8008082c0c], 288230359200103785
[0x7ca14da7c0, 0xffffff8008082c0c], 288230359200098834
[0x7ca14da7c0, 0xffffff8008082c0c], 288230359200098834
[0x7ca14db980, 0xffffff8008082c0c], 288230359200098763
[0x7ca148d220, 0xffffff8008082c0c], 288230359200103785
[0x7ca14da7c0, 0xffffff8008082c0c], 288230359200098834
[0x7ca14db980, 0xffffff8008082c0c], 288230359200098763
[0x7ca4647618, 0xffffff8008082c0c], 288230359199289049
[0x7ca4647618, 0xffffff8008082c0c], 288230359199289049
[0x7ca4647618, 0xffffff8008082c0c], 288230359199289049
[0x7ca4647618, 0xffffff8008082c0c], 288230359199289049
[0x7ca4647618, 0xffffff8008082c0c], 288230359199289049
[0x7ca4647618, 0xffffff8008082c0c], 288230359199289049
[0x7ca14db080, 0xffffff8008082c0c], 288230359200098799
[0x7ca14dbe20, 0xffffff8008082c0c], 288230359200098745
[0x7ca4647618, 0xffffff8008082c0c], 288230359199289049
[0x7ca4647618, 0xffffff8008082c0c], 288230359199289049
[0x7ca4647618, 0xffffff8008082c0c], 288230359199289049
[0x7ca4647618, 0xffffff8008082c0c], 288230359199289049
[0x7ca4647618, 0xffffff8008082c0c], 288230359199289049
[0x7ca14db080, 0xffffff8008082c0c], 288230359200098799
[0x7ca14db080, 0xffffff8008082c0c], 288230359200098799
[0x7ca14db080, 0xffffff8008082c0c], 288230359200098799
[0x7ca14db080, 0xffffff8008082c0c], 288230359200098799
[0x7ca14db080, 0xffffff8008082c0c], 288230359200098799
[0x7ca14db080, 0xffffff8008082c0c], 288230359200098799
[0x7ca14db080, 0xffffff8008082c0c], 288230359200098799
[0x7ca14db080, 0xffffff8008082c0c], 288230359200098799
[0x7ca14db080, 0xffffff8008082c0c], 288230359200098799
[0x7ca14db080, 0xffffff8008082c0c], 288230359200098799
[0x7ca14db080, 0xffffff8008082c0c], 288230359200098799
[0x7ca14db080, 0xffffff8008082c0c], 288230359200098799
[0x7ca14db080, 0xffffff8008082c0c], 288230359200098799
[0x7ca14db080, 0xffffff8008082c0c], 288230359200098799
[0x7ca148d220, 0xffffff8008082c0c], 288230359200103785
[0x7ca14da7c0, 0xffffff8008082c0c], 288230359200098834
[0x7ca14da7c0, 0xffffff8008082c0c], 288230359200098834
[0x7ca14db980, 0xffffff8008082c0c], 288230359200098763
[0x7c2979f660, 0xffffff8008082c0c], 288230359231510744
[0x7c2979e840, 0xffffff8008082c0c], 288230359231510800
[0x7ca148d220, 0xffffff8008082c0c], 288230359200103785
[0x7ca14da7c0, 0xffffff8008082c0c], 288230359200098834
[0x7ca14db980, 0xffffff8008082c0c], 288230359200098763
[0x7ca4647618, 0xffffff8008082c0c], 288230359199289049
[0x700b3430, 0xffffff8008082c0c], 288230367534511073
[0x7ca14da820, 0xffffff8008082c0c], 288230359200098833
[0x7ca14db5a0, 0xffffff8008082c0c], 288230359200098779
[0x7ca14db5a0, 0xffffff8008082c0c], 288230359200098779
[0x7ca14da500, 0xffffff8008082c0c], 288230359200098845
[0x7ca4647618, 0xffffff8008082c0c], 288230359199289049
[0x7ca148d220, 0xffffff8008082c0c], 288230359200103785
[0x7ca148d220, 0xffffff8008082c0c], 288230359200103785
[0x7ca4647618, 0xffffff8008082c0c], 288230359199289049
[0x7ca4647618, 0xffffff8008082c0c], 288230359199289049
[0x7ca4647618, 0xffffff8008082c0c], 288230359199289049
[0x7ca4647618, 0xffffff8008082c0c], 288230359199289049
[0x7ca14dbe20, 0xffffff8008082c0c], 288230359200098745
[0x7ca14da7c0, 0xffffff8008082c0c], 288230359200098834
[0x7ca14db980, 0xffffff8008082c0c], 288230359200098763
[0x7ca14da7c0, 0xffffff8008082c0c], 288230359200098834
[0x7ca14da7c0, 0xffffff8008082c0c], 288230359200098834
[0x7ca14db980, 0xffffff8008082c0c], 288230359200098763
[0x7ca14da7c0, 0xffffff8008082c0c], 288230359200098834
[0x7ca14db980, 0xffffff8008082c0c], 288230359200098763
[0x734e4be660, 0xffffff8008082c0c], 288230359825838360
[0x734fc34388, 0xffffff8008082c0c], 288230359825453987
[0x734e470220, 0xffffff8008082c0c], 288230359825843369
[0x734e4bd840, 0xffffff8008082c0c], 288230359825838416
[0x734e470220, 0xffffff8008082c0c], 288230359825843369
[0x7ca14db080, 0xffffff8008082c0c], 288230359200098799
[0x7ca14da6c0, 0xffffff8008082c0c], 288230359200098838
[0x7ca4647618, 0xffffff8008082c0c], 288230359199289049
[0x7ca14da7c0, 0xffffff8008082c0c], 288230359200098834
[0x7ca4647618, 0xffffff8008082c0c], 288230359199289049
[0x7ca14db080, 0xffffff8008082c0c], 288230359200098799
[0x7ca4647618, 0xffffff8008082c0c], 288230359199289049
[0x7ca4647618, 0xffffff8008082c0c], 288230359199289049
[0x7ca4647618, 0xffffff8008082c0c], 288230359199289049
[0x7ca4647618, 0xffffff8008082c0c], 288230359199289049
[0x7ca4647618, 0xffffff8008082c0c], 288230359199289049
[0x7ca14db820, 0xffffff8008082c0c], 288230359200098769
[0x78ffa1e5a0, 0xffffff8008082c0c], 288230359443806491
[0x78ffa1d820, 0xffffff8008082c0c], 288230359443806545
[0x78ffa1ee00, 0xffffff8008082c0c], 288230359443806457
[0x78ffa1d500, 0xffffff8008082c0c], 288230359443806557
[0x78ffa1d6c0, 0xffffff8008082c0c], 288230359443806550
[0x7ca4647618, 0xffffff8008082c0c], 288230359199289049
[0x7ca4647618, 0xffffff8008082c0c], 288230359199289049
[0x7ca14dbe00, 0xffffff8008082c0c], 288230359200098745
[0x7ca14da7c0, 0xffffff8008082c0c], 288230359200098834
[0x7ca14db980, 0xffffff8008082c0c], 288230359200098763
[0x7ca14db5a0, 0xffffff8008082c0c], 288230359200098779
[0x7ca4647618, 0xffffff8008082c0c], 288230359199289049
[0x7ca14da820, 0xffffff8008082c0c], 288230359200098833
[0x7ca14da780, 0xffffff8008082c0c], 288230359200098835
[0x7ca14da7c0, 0xffffff8008082c0c], 288230359200098834
[0x7ca14dbe00, 0xffffff8008082c0c], 288230359200098745
[0x7ca14dbe00, 0xffffff8008082c0c], 288230359200098745
[0x7ca14dbe00, 0xffffff8008082c0c], 288230359200098745
[0x7ca14da820, 0xffffff8008082c0c], 288230359200098833
[0x7ca14dbe00, 0xffffff8008082c0c], 288230359200098745
[0x7ca14da500, 0xffffff8008082c0c], 288230359200098845
[0x7ca14dbe00, 0xffffff8008082c0c], 288230359200098745
[0x7ca14da820, 0xffffff8008082c0c], 288230359200098833
[0x7ca14dbe00, 0xffffff8008082c0c], 288230359200098745
[0x7ca14da500, 0xffffff8008082c0c], 288230359200098845
[0x7ca14da7c0, 0xffffff8008082c0c], 288230359200098834
[0x7ca14dbe00, 0xffffff8008082c0c], 288230359200098745
[0x7ca14dbe00, 0xffffff8008082c0c], 288230359200098745
[0x7ca14dbe00, 0xffffff8008082c0c], 288230359200098745
[0x7ca14da820, 0xffffff8008082c0c], 288230359200098833
[0x7ca14dbe00, 0xffffff8008082c0c], 288230359200098745
[0x7ca14da500, 0xffffff8008082c0c], 288230359200098845
[0x7ca14dbe00, 0xffffff8008082c0c], 288230359200098745
[0x7ca14da820, 0xffffff8008082c0c], 288230359200098833
[0x7ca14dbe00, 0xffffff8008082c0c], 288230359200098745
[0x7ca14da500, 0xffffff8008082c0c], 288230359200098845
[0x7ca14da7c0, 0xffffff8008082c0c], 288230359200098834
[0x7ca14dbe00, 0xffffff8008082c0c], 288230359200098745
[0x7ca14dbe00, 0xffffff8008082c0c], 288230359200098745
[0x7ca14dbe00, 0xffffff8008082c0c], 288230359200098745
[0x7ca14da820, 0xffffff8008082c0c], 288230359200098833
[0x7ca14dbe00, 0xffffff8008082c0c], 288230359200098745
[0x7ca14da500, 0xffffff8008082c0c], 288230359200098845
[0x7ca14dbe00, 0xffffff8008082c0c], 288230359200098745
[0x7ca14da820, 0xffffff8008082c0c], 288230359200098833
[0x7ca14dbe00, 0xffffff8008082c0c], 288230359200098745
[0x7ca14da500, 0xffffff8008082c0c], 288230359200098845
[0x7ca14da7c0, 0xffffff8008082c0c], 288230359200098834
[0x7ca14dbe00, 0xffffff8008082c0c], 288230359200098745
[0x7ca14dbe00, 0xffffff8008082c0c], 288230359200098745
[0x7ca14dbe00, 0xffffff8008082c0c], 288230359200098745
[0x7ca14da820, 0xffffff8008082c0c], 288230359200098833
[0x7ca14dbe00, 0xffffff8008082c0c], 288230359200098745
[0x7ca14da500, 0xffffff8008082c0c], 288230359200098845
[0x7ca14dbe00, 0xffffff8008082c0c], 288230359200098745
[0x7ca14da820, 0xffffff8008082c0c], 288230359200098833
[0x7ca14dbe00, 0xffffff8008082c0c], 288230359200098745
[0x7ca14da500, 0xffffff8008082c0c], 288230359200098845
[0x7ca14da7c0, 0xffffff8008082c0c], 288230359200098834
[0x7ca14dbe00, 0xffffff8008082c0c], 288230359200098745
[0x7ca14dbe00, 0xffffff8008082c0c], 288230359200098745
[0x7ca14dbe00, 0xffffff8008082c0c], 288230359200098745
[0x7ca14da820, 0xffffff8008082c0c], 288230359200098833
[0x7ca14dbe00, 0xffffff8008082c0c], 288230359200098745
[0x7ca14da500, 0xffffff8008082c0c], 288230359200098845
[0x7ca14dbe00, 0xffffff8008082c0c], 288230359200098745
[0x7ca14da820, 0xffffff8008082c0c], 288230359200098833
[0x7ca14dbe00, 0xffffff8008082c0c], 288230359200098745
[0x7ca14da500, 0xffffff8008082c0c], 288230359200098845
[0x7ca14da7c0, 0xffffff8008082c0c], 288230359200098834
[0x7ca14dbe00, 0xffffff8008082c0c], 288230359200098745
[0x7ca14dbe00, 0xffffff8008082c0c], 288230359200098745
[0x7ca14dbe00, 0xffffff8008082c0c], 288230359200098745
[0x7ca14da820, 0xffffff8008082c0c], 288230359200098833
30000000 instrs 
[0x7ca14dbe00, 0xffffff8008082c0c], 288230359200098745
[0x7ca14da500, 0xffffff8008082c0c], 288230359200098845
[0x7ca14dbe00, 0xffffff8008082c0c], 288230359200098745
[0x7ca14da820, 0xffffff8008082c0c], 288230359200098833
[0x7ca14dbe00, 0xffffff8008082c0c], 288230359200098745
[0x7ca14da500, 0xffffff8008082c0c], 288230359200098845
[0x7ca14da7c0, 0xffffff8008082c0c], 288230359200098834
[0x7ca14dbe00, 0xffffff8008082c0c], 288230359200098745
[0x7ca14dbe00, 0xffffff8008082c0c], 288230359200098745
[0x7ca14dbe00, 0xffffff8008082c0c], 288230359200098745
[0x7ca14da820, 0xffffff8008082c0c], 288230359200098833
[0x7ca14dbe00, 0xffffff8008082c0c], 288230359200098745
[0x7ca14da500, 0xffffff8008082c0c], 288230359200098845
[0x7ca14dbe00, 0xffffff8008082c0c], 288230359200098745
[0x7ca14da820, 0xffffff8008082c0c], 288230359200098833
[0x7ca14dbe00, 0xffffff8008082c0c], 288230359200098745
[0x7ca14da500, 0xffffff8008082c0c], 288230359200098845
[0x7ca14da7c0, 0xffffff8008082c0c], 288230359200098834
[0x7ca14dbe00, 0xffffff8008082c0c], 288230359200098745
[0x7ca14dbe00, 0xffffff8008082c0c], 288230359200098745
[0x7ca14dbe00, 0xffffff8008082c0c], 288230359200098745
[0x7ca14da820, 0xffffff8008082c0c], 288230359200098833
[0x7ca14dbe00, 0xffffff8008082c0c], 288230359200098745
[0x7ca14da500, 0xffffff8008082c0c], 288230359200098845
[0x7ca14dbe00, 0xffffff8008082c0c], 288230359200098745
[0x7ca14da820, 0xffffff8008082c0c], 288230359200098833
[0x7ca14dbe00, 0xffffff8008082c0c], 288230359200098745
[0x7ca14da500, 0xffffff8008082c0c], 288230359200098845
[0x7ca14da7c0, 0xffffff8008082c0c], 288230359200098834
[0x7ca14dbe00, 0xffffff8008082c0c], 288230359200098745
[0x7ca14dbe00, 0xffffff8008082c0c], 288230359200098745
[0x7ca14dbe00, 0xffffff8008082c0c], 288230359200098745
[0x7ca14da820, 0xffffff8008082c0c], 288230359200098833
[0x7ca14dbe00, 0xffffff8008082c0c], 288230359200098745
[0x7ca14da500, 0xffffff8008082c0c], 288230359200098845
[0x7ca14dbe00, 0xffffff8008082c0c], 288230359200098745
[0x7ca14da820, 0xffffff8008082c0c], 288230359200098833
[0x7ca14dbe00, 0xffffff8008082c0c], 288230359200098745
[0x7ca14da500, 0xffffff8008082c0c], 288230359200098845
[0x7ca14da7c0, 0xffffff8008082c0c], 288230359200098834
[0x7ca14dbe00, 0xffffff8008082c0c], 288230359200098745
[0x7ca14dbe00, 0xffffff8008082c0c], 288230359200098745
[0x7ca14dbe00, 0xffffff8008082c0c], 288230359200098745
[0x7ca14da820, 0xffffff8008082c0c], 288230359200098833
[0x7ca14dbe00, 0xffffff8008082c0c], 288230359200098745
[0x7ca14da500, 0xffffff8008082c0c], 288230359200098845
[0x7ca14dbe00, 0xffffff8008082c0c], 288230359200098745
[0x7ca14da820, 0xffffff8008082c0c], 288230359200098833
[0x7ca14dbe00, 0xffffff8008082c0c], 288230359200098745
[0x7ca14da500, 0xffffff8008082c0c], 288230359200098845
[0x7ca14da780, 0xffffff8008082c0c], 288230359200098835
[0x7ca14da500, 0xffffff8008082c0c], 288230359200098845
[0x7ca14db080, 0xffffff8008082c0c], 288230359200098799
[0x7ca14da6c0, 0xffffff8008082c0c], 288230359200098838
[0x7ca4647618, 0xffffff8008082c0c], 288230359199289049
[0x7ca14da6c0, 0xffffff8008082c0c], 288230359200098838
[0x7ca4647618, 0xffffff8008082c0c], 288230359199289049
[0x7ca4647618, 0xffffff8008082c0c], 288230359199289049
[0x7ca14dbe20, 0xffffff8008082c0c], 288230359200098745
[0x7ca14da800, 0xffffff8008082c0c], 288230359200098833
[0x7ca4647618, 0xffffff8008082c0c], 288230359199289049
[0x7ca4647618, 0xffffff8008082c0c], 288230359199289049
[0x7ca14dbe00, 0xffffff8008082c0c], 288230359200098745
[0x7ca4647618, 0xffffff8008082c0c], 288230359199289049
[0x7ca14dbe00, 0xffffff8008082c0c], 288230359200098745
[0x7ca4647618, 0xffffff8008082c0c], 288230359199289049
[0x7ca4647618, 0xffffff8008082c0c], 288230359199289049
[0x7ca14db080, 0xffffff8008082c0c], 288230359200098799
[0x7ca14dbe20, 0xffffff8008082c0c], 288230359200098745
[0x7ca4647618, 0xffffff8008082c0c], 288230359199289049
[0x7ca4647618, 0xffffff8008082c0c], 288230359199289049
[0x7ca4647618, 0xffffff8008082c0c], 288230359199289049
[0x7ca14dbe20, 0xffffff8008082c0c], 288230359200098745
[0x7ca4647618, 0xffffff8008082c0c], 288230359199289049
[0x7ca4647618, 0xffffff8008082c0c], 288230359199289049
[0x7ca14db080, 0xffffff8008082c0c], 288230359200098799
[0x7ca14da6c0, 0xffffff8008082c0c], 288230359200098838
[0x7ca4647618, 0xffffff8008082c0c], 288230359199289049
[0x7ca14da7c0, 0xffffff8008082c0c], 288230359200098834
[0x7ca14da7c0, 0xffffff8008082c0c], 288230359200098834
[0x7ca14db980, 0xffffff8008082c0c], 288230359200098763
[0x7ca14db5a0, 0xffffff8008082c0c], 288230359200098779
[0x7ca4647618, 0xffffff8008082c0c], 288230359199289049
[0x7ca4647618, 0xffffff8008082c0c], 288230359199289049
[0x7ca4647388, 0xffffff8008082c0c], 288230359199289059
[0x7ca4647618, 0xffffff8008082c0c], 288230359199289049
[0x7ca4647618, 0xffffff8008082c0c], 288230359199289049
[0x70b42000, 0xffffff8008082c0c], 288230367534338097
[0x7ca4647618, 0xffffff8008082c0c], 288230359199289049
[0x7ca14db080, 0xffffff8008082c0c], 288230359200098799
[0x7ca14da6c0, 0xffffff8008082c0c], 288230359200098838
[0x7ca4647618, 0xffffff8008082c0c], 288230359199289049
[0x7ca14da6c0, 0xffffff8008082c0c], 288230359200098838
[0x7ca14db5a0, 0xffffff8008082c0c], 288230359200098779
[0x7ca4647618, 0xffffff8008082c0c], 288230359199289049
[0x7ca4647618, 0xffffff8008082c0c], 288230359199289049
[0x7ca14da7c0, 0xffffff8008082c0c], 288230359200098834
[0x7ca14da7c0, 0xffffff8008082c0c], 288230359200098834
[0x7ca4647618, 0xffffff8008082c0c], 288230359199289049
[0x7ca14db080, 0xffffff8008082c0c], 288230359200098799
[0x7ca14da6c0, 0xffffff8008082c0c], 288230359200098838
[0x7ca4647618, 0xffffff8008082c0c], 288230359199289049
[0x7ca4647618, 0xffffff8008082c0c], 288230359199289049
[0x7ca14da7c0, 0xffffff8008082c0c], 288230359200098834
[0x7ca4647618, 0xffffff8008082c0c], 288230359199289049
[0x7ca4647618, 0xffffff8008082c0c], 288230359199289049
[0x7ca14dbe00, 0xffffff8008082c0c], 288230359200098745
[0x7ca4647618, 0xffffff8008082c0c], 288230359199289049
[0x7ca4647618, 0xffffff8008082c0c], 288230359199289049
[0x7ca4647618, 0xffffff8008082c0c], 288230359199289049
[0x7ca14dbe00, 0xffffff8008082c0c], 288230359200098745
[0x7ca4647618, 0xffffff8008082c0c], 288230359199289049
[0x7ca4647618, 0xffffff8008082c0c], 288230359199289049
[0x7ca4647618, 0xffffff8008082c0c], 288230359199289049
[0x7ca14dbe00, 0xffffff8008082c0c], 288230359200098745
[0x7ca4647618, 0xffffff8008082c0c], 288230359199289049
[0x7ca4647618, 0xffffff8008082c0c], 288230359199289049
[0x7ca4647618, 0xffffff8008082c0c], 288230359199289049
[0x7ca4647618, 0xffffff8008082c0c], 288230359199289049
[0x7ca4647618, 0xffffff8008082c0c], 288230359199289049
[0x7ca4647618, 0xffffff8008082c0c], 288230359199289049
[0x7ca4647618, 0xffffff8008082c0c], 288230359199289049
[0x7ca4647618, 0xffffff8008082c0c], 288230359199289049
[0x7ca4647618, 0xffffff8008082c0c], 288230359199289049
[0x7ca14da800, 0xffffff8008082c0c], 288230359200098833
[0x7ca14da800, 0xffffff8008082c0c], 288230359200098833
[0x7ca4647618, 0xffffff8008082c0c], 288230359199289049
[0x7ca4647618, 0xffffff8008082c0c], 288230359199289049
[0x7ca4647618, 0xffffff8008082c0c], 288230359199289049
[0x7ca4647618, 0xffffff8008082c0c], 288230359199289049
[0x7ca4647618, 0xffffff8008082c0c], 288230359199289049
[0x7ca4647618, 0xffffff8008082c0c], 288230359199289049
[0x7ca14dbe00, 0xffffff8008082c0c], 288230359200098745
[0x7ca4647618, 0xffffff8008082c0c], 288230359199289049
[0x7ca4647618, 0xffffff8008082c0c], 288230359199289049
[0x7ca4647618, 0xffffff8008082c0c], 288230359199289049
[0x7ca4647618, 0xffffff8008082c0c], 288230359199289049
[0x7ca4647618, 0xffffff8008082c0c], 288230359199289049
[0x7ca14da800, 0xffffff8008082c0c], 288230359200098833
[0x7ca14da800, 0xffffff8008082c0c], 288230359200098833
[0x7ca4647618, 0xffffff8008082c0c], 288230359199289049
[0x7ca4647618, 0xffffff8008082c0c], 288230359199289049
[0x7ca4647618, 0xffffff8008082c0c], 288230359199289049
[0x7ca4647618, 0xffffff8008082c0c], 288230359199289049
[0x7ca4647618, 0xffffff8008082c0c], 288230359199289049
[0x7ca4647618, 0xffffff8008082c0c], 288230359199289049
[0x7ca4647618, 0xffffff8008082c0c], 288230359199289049
[0x7ca4647618, 0xffffff8008082c0c], 288230359199289049
[0x7ca14dbe00, 0xffffff8008082c0c], 288230359200098745
[0x7ca4647618, 0xffffff8008082c0c], 288230359199289049
[0x7ca14da7c0, 0xffffff8008082c0c], 288230359200098834
[0x7ca4647618, 0xffffff8008082c0c], 288230359199289049
[0x7ca14db080, 0xffffff8008082c0c], 288230359200098799
[0x7ca14da6c0, 0xffffff8008082c0c], 288230359200098838
[0x7ca4647618, 0xffffff8008082c0c], 288230359199289049
[0x7ca14da6c0, 0xffffff8008082c0c], 288230359200098838
[0x7ca14db5a0, 0xffffff8008082c0c], 288230359200098779
[0x7ca4647618, 0xffffff8008082c0c], 288230359199289049
[0x7ca4647618, 0xffffff8008082c0c], 288230359199289049
[0x7ca4647618, 0xffffff8008082c0c], 288230359199289049
[0x7ca14db080, 0xffffff8008082c0c], 288230359200098799
[0x7ca14da6c0, 0xffffff8008082c0c], 288230359200098838
[0x7ca4647618, 0xffffff8008082c0c], 288230359199289049
[0x7ca4647618, 0xffffff8008082c0c], 288230359199289049
[0x7ca4647618, 0xffffff8008082c0c], 288230359199289049
[0x7ca4647618, 0xffffff8008082c0c], 288230359199289049
[0x7ca4647618, 0xffffff8008082c0c], 288230359199289049
[0x7ca14db080, 0xffffff8008082c0c], 288230359200098799
[0x7ca14da6c0, 0xffffff8008082c0c], 288230359200098838
[0x7ca4647618, 0xffffff8008082c0c], 288230359199289049
[0x7ca4647618, 0xffffff8008082c0c], 288230359199289049
[0x7ca4647618, 0xffffff8008082c0c], 288230359199289049
[0x7ca4647618, 0xffffff8008082c0c], 288230359199289049
[0x7ca4647618, 0xffffff8008082c0c], 288230359199289049
[0x7ca14db080, 0xffffff8008082c0c], 288230359200098799
[0x7ca14da6c0, 0xffffff8008082c0c], 288230359200098838
[0x7ca4647618, 0xffffff8008082c0c], 288230359199289049
[0x7ca4647618, 0xffffff8008082c0c], 288230359199289049
[0x7ca4647618, 0xffffff8008082c0c], 288230359199289049
[0x7ca4647618, 0xffffff8008082c0c], 288230359199289049
[0x7ca4647618, 0xffffff8008082c0c], 288230359199289049
[0x7ca4647618, 0xffffff8008082c0c], 288230359199289049
[0x7ca14db080, 0xffffff8008082c0c], 288230359200098799
[0x7ca14da6c0, 0xffffff8008082c0c], 288230359200098838
[0x7ca4647618, 0xffffff8008082c0c], 288230359199289049
[0x7ca4647618, 0xffffff8008082c0c], 288230359199289049
[0x7ca4647618, 0xffffff8008082c0c], 288230359199289049
[0x7ca4647618, 0xffffff8008082c0c], 288230359199289049
[0x7ca4647618, 0xffffff8008082c0c], 288230359199289049
[0x7ca4647618, 0xffffff8008082c0c], 288230359199289049
[0x7ca14db080, 0xffffff8008082c0c], 288230359200098799
[0x7ca14da6c0, 0xffffff8008082c0c], 288230359200098838
[0x7ca4647618, 0xffffff8008082c0c], 288230359199289049
[0x7ca14da6c0, 0xffffff8008082c0c], 288230359200098838
[0x7ca14db5a0, 0xffffff8008082c0c], 288230359200098779
[0x7ca4647618, 0xffffff8008082c0c], 288230359199289049
[0x7ca4647618, 0xffffff8008082c0c], 288230359199289049
[0x7ca4647618, 0xffffff8008082c0c], 288230359199289049
[0x7ca4647618, 0xffffff8008082c0c], 288230359199289049
[0x7ca4647618, 0xffffff8008082c0c], 288230359199289049
[0x7ca4647618, 0xffffff8008082c0c], 288230359199289049
[0x7ca4647618, 0xffffff8008082c0c], 288230359199289049
[0x7ca14db080, 0xffffff8008082c0c], 288230359200098799
[0x7ca14da6c0, 0xffffff8008082c0c], 288230359200098838
[0x7ca4647618, 0xffffff8008082c0c], 288230359199289049
[0x7ca4647618, 0xffffff8008082c0c], 288230359199289049
[0x7ca4647618, 0xffffff8008082c0c], 288230359199289049
[0x7ca4647618, 0xffffff8008082c0c], 288230359199289049
[0x7ca4647618, 0xffffff8008082c0c], 288230359199289049
[0x7ca4647618, 0xffffff8008082c0c], 288230359199289049
[0x7ca4647618, 0xffffff8008082c0c], 288230359199289049
[0x7ca14db080, 0xffffff8008082c0c], 288230359200098799
[0x7ca14da6c0, 0xffffff8008082c0c], 288230359200098838
[0x7ca4647618, 0xffffff8008082c0c], 288230359199289049
[0x7ca4647618, 0xffffff8008082c0c], 288230359199289049
[0x7c1dd75028, 0xffffff8008082c0c], 288230359234560881
[0x7ca4647618, 0xffffff8008082c0c], 288230359199289049
[0x7ca4647618, 0xffffff8008082c0c], 288230359199289049
[0x7ca14db080, 0xffffff8008082c0c], 288230359200098799
[0x7ca14da6c0, 0xffffff8008082c0c], 288230359200098838
[0x7ca4647618, 0xffffff8008082c0c], 288230359199289049
[0x7ca14da6c0, 0xffffff8008082c0c], 288230359200098838
[0x7bbc06c220, 0xffffff8008082c0c], 288230359260202409
[0x7bbc06c220, 0xffffff8008082c0c], 288230359260202409
[0x7bbc0b9800, 0xffffff8008082c0c], 288230359260197457
[0x7bbc06c220, 0xffffff8008082c0c], 288230359260202409
[0x7bbc06c220, 0xffffff8008082c0c], 288230359260202409
[0x7bbc0b9800, 0xffffff8008082c0c], 288230359260197457
[0x7ca14db5a0, 0xffffff8008082c0c], 288230359200098779
[0x7ca4647618, 0xffffff8008082c0c], 288230359199289049
[0x7ca4647388, 0xffffff8008082c0c], 288230359199289059
[0x7ca14da7c0, 0xffffff8008082c0c], 288230359200098834
[0x7ca14da9c0, 0xffffff8008082c0c], 288230359200098826
[0x7ca4647618, 0xffffff8008082c0c], 288230359199289049
[0x7ca14da6a0, 0xffffff8008082c0c], 288230359200098839
[0x7ca4647618, 0xffffff8008082c0c], 288230359199289049
[0x7ca14db820, 0xffffff8008082c0c], 288230359200098769
[0x7ca14db620, 0xffffff8008082c0c], 288230359200098777
[0x7e78b5a220, 0xffffff8008082c0c], 288230359076522537
[0x7e78b5a220, 0xffffff8008082c0c], 288230359076522537
[0x7e78ba7800, 0xffffff8008082c0c], 288230359076517585
[0x7e78b5a220, 0xffffff8008082c0c], 288230359076522537
[0x7e78b5a220, 0xffffff8008082c0c], 288230359076522537
[0x7e78ba7800, 0xffffff8008082c0c], 288230359076517585
[0x7ca14db5a0, 0xffffff8008082c0c], 288230359200098779
[0x7ca4647618, 0xffffff8008082c0c], 288230359199289049
[0x7ca14db080, 0xffffff8008082c0c], 288230359200098799
[0x7ca14da6c0, 0xffffff8008082c0c], 288230359200098838
[0x7ca4647618, 0xffffff8008082c0c], 288230359199289049
[0x7ca14da6c0, 0xffffff8008082c0c], 288230359200098838
[0x78f7df1620, 0xffffff8008082c0c], 288230359445840985
[0x78f7df2060, 0xffffff8008082c0c], 288230359445840944
[0x78f7df1840, 0xffffff8008082c0c], 288230359445840976
[0x78f7df2660, 0xffffff8008082c0c], 288230359445840920
[0x78f7da4220, 0xffffff8008082c0c], 288230359445845929
[0x78f7df18c0, 0xffffff8008082c0c], 288230359445840974
[0x78f7df2e20, 0xffffff8008082c0c], 288230359445840889
[0x78f7df18c0, 0xffffff8008082c0c], 288230359445840974
[0x78f7df1500, 0xffffff8008082c0c], 288230359445840989
[0x78f7df1840, 0xffffff8008082c0c], 288230359445840976
[0x734e4be660, 0xffffff8008082c0c], 288230359825838360
[0x734fc34388, 0xffffff8008082c0c], 288230359825453987
[0x734e470220, 0xffffff8008082c0c], 288230359825843369
[0x734e4bd840, 0xffffff8008082c0c], 288230359825838416
[0x734e4be660, 0xffffff8008082c0c], 288230359825838360
[0x734fc34388, 0xffffff8008082c0c], 288230359825453987
[0x734e470220, 0xffffff8008082c0c], 288230359825843369
[0x734e4bd840, 0xffffff8008082c0c], 288230359825838416
[0x734e470220, 0xffffff8008082c0c], 288230359825843369
[0x7ca14da500, 0xffffff8008082c0c], 288230359200098845
[0x7ca14db080, 0xffffff8008082c0c], 288230359200098799
[0x7ca14da6c0, 0xffffff8008082c0c], 288230359200098838
[0x7ca4647618, 0xffffff8008082c0c], 288230359199289049
[0x7ca14da6c0, 0xffffff8008082c0c], 288230359200098838
[0x7ca14da7c0, 0xffffff8008082c0c], 288230359200098834
[0x7ca14db980, 0xffffff8008082c0c], 288230359200098763
[0x7ca14da7c0, 0xffffff8008082c0c], 288230359200098834
[0x7ca14da7c0, 0xffffff8008082c0c], 288230359200098834
[0x7ca14db980, 0xffffff8008082c0c], 288230359200098763
[0x7ca14da7c0, 0xffffff8008082c0c], 288230359200098834
[0x7ca14db980, 0xffffff8008082c0c], 288230359200098763
[0x7ca14da800, 0xffffff8008082c0c], 288230359200098833
[0x7ca14db080, 0xffffff8008082c0c], 288230359200098799
[0x7ca14da6c0, 0xffffff8008082c0c], 288230359200098838
[0x7ca4647618, 0xffffff8008082c0c], 288230359199289049
[0x7ca14db080, 0xffffff8008082c0c], 288230359200098799
[0x7ca14da6c0, 0xffffff8008082c0c], 288230359200098838
[0x7ca4647618, 0xffffff8008082c0c], 288230359199289049
[0x7ca14db080, 0xffffff8008082c0c], 288230359200098799
[0x7ca14da6c0, 0xffffff8008082c0c], 288230359200098838
[0x7ca4647618, 0xffffff8008082c0c], 288230359199289049
[0x7ca14da7c0, 0xffffff8008082c0c], 288230359200098834
[0x7ca4647618, 0xffffff8008082c0c], 288230359199289049
[0x7ca4647618, 0xffffff8008082c0c], 288230359199289049
[0x7ca14dbe20, 0xffffff8008082c0c], 288230359200098745
[0x7ca4647618, 0xffffff8008082c0c], 288230359199289049
[0x7ca14db080, 0xffffff8008082c0c], 288230359200098799
[0x7ca14da6c0, 0xffffff8008082c0c], 288230359200098838
[0x7ca4647618, 0xffffff8008082c0c], 288230359199289049
[0x7ca14da7c0, 0xffffff8008082c0c], 288230359200098834
[0x7ca4647618, 0xffffff8008082c0c], 288230359199289049
[0x7ca4647618, 0xffffff8008082c0c], 288230359199289049
[0x7ca14db080, 0xffffff8008082c0c], 288230359200098799
[0x7ca14da6c0, 0xffffff8008082c0c], 288230359200098838
[0x7ca4647618, 0xffffff8008082c0c], 288230359199289049
[0x7ca14da7c0, 0xffffff8008082c0c], 288230359200098834
[0x7ca14da7c0, 0xffffff8008082c0c], 288230359200098834
[0x7ca14db980, 0xffffff8008082c0c], 288230359200098763
[0x7ca148d220, 0xffffff8008082c0c], 288230359200103785
[0x7ca4647618, 0xffffff8008082c0c], 288230359199289049
[0x7ca14dbe00, 0xffffff8008082c0c], 288230359200098745
[0x7ca148d220, 0xffffff8008082c0c], 288230359200103785
[0x7ca14da800, 0xffffff8008082c0c], 288230359200098833
[0x7ca14db5a0, 0xffffff8008082c0c], 288230359200098779
[0x7ca4647618, 0xffffff8008082c0c], 288230359199289049
[0x7ca4647618, 0xffffff8008082c0c], 288230359199289049
[0x7ca14db080, 0xffffff8008082c0c], 288230359200098799
[0x7ca14da6c0, 0xffffff8008082c0c], 288230359200098838
[0x7ca4647618, 0xffffff8008082c0c], 288230359199289049
[0x7ca4647618, 0xffffff8008082c0c], 288230359199289049
[0x7ca14db080, 0xffffff8008082c0c], 288230359200098799
[0x7ca14da6c0, 0xffffff8008082c0c], 288230359200098838
[0x7ca4647618, 0xffffff8008082c0c], 288230359199289049
[0x7ca4647618, 0xffffff8008082c0c], 288230359199289049
[0x7ca14dbe00, 0xffffff8008082c0c], 288230359200098745
[0x7ca14db080, 0xffffff8008082c0c], 288230359200098799
[0x7ca14da6c0, 0xffffff8008082c0c], 288230359200098838
[0x7ca4647618, 0xffffff8008082c0c], 288230359199289049
[0x7ca14da800, 0xffffff8008082c0c], 288230359200098833
[0x7ca14db080, 0xffffff8008082c0c], 288230359200098799
[0x7ca14da6c0, 0xffffff8008082c0c], 288230359200098838
[0x7ca4647618, 0xffffff8008082c0c], 288230359199289049
[0x7ca14da6c0, 0xffffff8008082c0c], 288230359200098838
[0x7ca14db5a0, 0xffffff8008082c0c], 288230359200098779
[0x7ca4647618, 0xffffff8008082c0c], 288230359199289049
[0x7ca4647618, 0xffffff8008082c0c], 288230359199289049
[0x7ca14da800, 0xffffff8008082c0c], 288230359200098833
[0x7ca148d220, 0xffffff8008082c0c], 288230359200103785
[0x7ca14db080, 0xffffff8008082c0c], 288230359200098799
[0x7ca148d220, 0xffffff8008082c0c], 288230359200103785
[0x7ca148d220, 0xffffff8008082c0c], 288230359200103785
[0x7ca148d220, 0xffffff8008082c0c], 288230359200103785
[0x7ca4647618, 0xffffff8008082c0c], 288230359199289049
[0x7ca14db080, 0xffffff8008082c0c], 288230359200098799
[0x7ca4647618, 0xffffff8008082c0c], 288230359199289049
[0x7ca4647618, 0xffffff8008082c0c], 288230359199289049
[0x7ca4647618, 0xffffff8008082c0c], 288230359199289049
[0x7ca14dbe00, 0xffffff8008082c0c], 288230359200098745
[0x7ca14da800, 0xffffff8008082c0c], 288230359200098833
[0x7ca14db080, 0xffffff8008082c0c], 288230359200098799
[0x7ca14da6c0, 0xffffff8008082c0c], 288230359200098838
[0x7ca4647618, 0xffffff8008082c0c], 288230359199289049
[0x7ca14da800, 0xffffff8008082c0c], 288230359200098833
[0x7ca14da6c0, 0xffffff8008082c0c], 288230359200098838
[0x734e4be660, 0xffffff8008082c0c], 288230359825838360
[0x734fc34388, 0xffffff8008082c0c], 288230359825453987
[0x734e470220, 0xffffff8008082c0c], 288230359825843369
[0x734e4bd840, 0xffffff8008082c0c], 288230359825838416
[0x734e470220, 0xffffff8008082c0c], 288230359825843369
[0x7ca14db5a0, 0xffffff8008082c0c], 288230359200098779
[0x7ca4647618, 0xffffff8008082c0c], 288230359199289049
[0x7ca14db080, 0xffffff8008082c0c], 288230359200098799
[0x7ca14da6c0, 0xffffff8008082c0c], 288230359200098838
[0x7ca4647618, 0xffffff8008082c0c], 288230359199289049
[0x7ca14da6c0, 0xffffff8008082c0c], 288230359200098838
[0x7ca148d220, 0xffffff8008082c0c], 288230359200103785
[0x7ca14da800, 0xffffff8008082c0c], 288230359200098833
[0x7ca148d220, 0xffffff8008082c0c], 288230359200103785
[0x7ca148d220, 0xffffff8008082c0c], 288230359200103785
[0x7ca14da7c0, 0xffffff8008082c0c], 288230359200098834
[0x7ca14db980, 0xffffff8008082c0c], 288230359200098763
[0x7ca14da7c0, 0xffffff8008082c0c], 288230359200098834
[0x7ca14da7c0, 0xffffff8008082c0c], 288230359200098834
[0x7ca14db980, 0xffffff8008082c0c], 288230359200098763
[0x7ca14da7c0, 0xffffff8008082c0c], 288230359200098834
[0x7ca14db980, 0xffffff8008082c0c], 288230359200098763
[0x7ca148d220, 0xffffff8008082c0c], 288230359200103785
[0x7ca14da800, 0xffffff8008082c0c], 288230359200098833
[0x7ca14db080, 0xffffff8008082c0c], 288230359200098799
[0x7ca14da6c0, 0xffffff8008082c0c], 288230359200098838
[0x7ca4647618, 0xffffff8008082c0c], 288230359199289049
[0x7ca14da7c0, 0xffffff8008082c0c], 288230359200098834
[0x7ca14db080, 0xffffff8008082c0c], 288230359200098799
[0x7ca14da6c0, 0xffffff8008082c0c], 288230359200098838
[0x7ca4647618, 0xffffff8008082c0c], 288230359199289049
[0x7ca14da6c0, 0xffffff8008082c0c], 288230359200098838
[0x7ca14db5a0, 0xffffff8008082c0c], 288230359200098779
[0x7ca4647618, 0xffffff8008082c0c], 288230359199289049
[0x7ca4647618, 0xffffff8008082c0c], 288230359199289049
[0x7ca4647618, 0xffffff8008082c0c], 288230359199289049
[0x7ca4647618, 0xffffff8008082c0c], 288230359199289049
[0x7ca14db080, 0xffffff8008082c0c], 288230359200098799
[0x7ca14da6c0, 0xffffff8008082c0c], 288230359200098838
[0x7ca4647618, 0xffffff8008082c0c], 288230359199289049
[0x7ca4647618, 0xffffff8008082c0c], 288230359199289049
[0x7ca4647618, 0xffffff8008082c0c], 288230359199289049
[0x7ca14db080, 0xffffff8008082c0c], 288230359200098799
[0x7ca14da6c0, 0xffffff8008082c0c], 288230359200098838
[0x7ca4647618, 0xffffff8008082c0c], 288230359199289049
[0x7ca4647618, 0xffffff8008082c0c], 288230359199289049
[0x7ca14da820, 0xffffff8008082c0c], 288230359200098833
[0x7ca14dae00, 0xffffff8008082c0c], 288230359200098809
[0x7ca14dbe00, 0xffffff8008082c0c], 288230359200098745
[0x7ca14db060, 0xffffff8008082c0c], 288230359200098800
[0x7ca14da500, 0xffffff8008082c0c], 288230359200098845
[0x7ca4647618, 0xffffff8008082c0c], 288230359199289049
[0x7ca14db080, 0xffffff8008082c0c], 288230359200098799
[0x7ca14da6c0, 0xffffff8008082c0c], 288230359200098838
[0x7ca4647618, 0xffffff8008082c0c], 288230359199289049
[0x7ca4647618, 0xffffff8008082c0c], 288230359199289049
[0x7ca4647388, 0xffffff8008082c0c], 288230359199289059
[0x7ca4647618, 0xffffff8008082c0c], 288230359199289049
[0x7ca4647618, 0xffffff8008082c0c], 288230359199289049
[0x7ca4647618, 0xffffff8008082c0c], 288230359199289049
[0x7ca4647618, 0xffffff8008082c0c], 288230359199289049
[0x7ca14db080, 0xffffff8008082c0c], 288230359200098799
[0x7ca14da6c0, 0xffffff8008082c0c], 288230359200098838
[0x7ca4647618, 0xffffff8008082c0c], 288230359199289049
[0x7ca14da6c0, 0xffffff8008082c0c], 288230359200098838
[0x7c2979f660, 0xffffff8008082c0c], 288230359231510744
[0x7c2979e840, 0xffffff8008082c0c], 288230359231510800
[0x7ca14da800, 0xffffff8008082c0c], 288230359200098833
[0x7ca148d220, 0xffffff8008082c0c], 288230359200103785
[0x7ca14da800, 0xffffff8008082c0c], 288230359200098833
[0x7ca148d220, 0xffffff8008082c0c], 288230359200103785
[0x7c9f8f131c, 0xffffff8008082c0c], 288230359200556133
[0x7ca0818d84, 0xffffff8008082c0c], 288230359200307835
[0x70bb5a84, 0xffffff8008082c0c], 288230367534330695
[0x70bb5a84, 0xffffff8008082c0c], 288230367534330695
[0x70bb5a90, 0xffffff8008082c0c], 288230367534330695
[0x6ff4c500, 0xffffff8008082c0c], 288230367534534045
[0x700147c4, 0xffffff8008082c0c], 288230367534521234
[0x700147d8, 0xffffff8008082c0c], 288230367534521234
[0x700147dc, 0xffffff8008082c0c], 288230367534521234
[0x7c1dd75010, 0xffffff8008082c0c], 288230359234560881
[0x70bb5aac, 0xffffff8008082c0c], 288230367534330695
[0x7027a670, 0xffffff8008082c0c], 288230367534481944
[0x70972400, 0xffffff8008082c0c], 288230367534367777
[0x7ca2c0fc14, 0xffffff8008082c0c], 288230359199718593
[0x70974d64, 0xffffff8008082c0c], 288230367534367612
[0x70974d64, 0xffffff8008082c0c], 288230367534367612
[0x70974d74, 0xffffff8008082c0c], 288230367534367612
[0x70974d78, 0xffffff8008082c0c], 288230367534367612
[0x708bb3d0, 0xffffff8008082c0c], 288230367534379490
[0x7c1dd75010, 0xffffff8008082c0c], 288230359234560881
[0x708bb404, 0xffffff8008082c0c], 288230367534379489
[0x7079b0d0, 0xffffff8008082c0c], 288230367534397934
[0x7079b174, 0xffffff8008082c0c], 288230367534397932
[0x7079b188, 0xffffff8008082c0c], 288230367534397931
[0x7079b18c, 0xffffff8008082c0c], 288230367534397931
[0x70c1bc10, 0xffffff8008082c0c], 288230367534324161
[0x7c1dd75010, 0xffffff8008082c0c], 288230359234560881
[0x708bbc78, 0xffffff8008082c0c], 288230367534379456
[0x70ade6e4, 0xffffff8008082c0c], 288230367534344470
[0x708bbfc4, 0xffffff8008082c0c], 288230367534379442
[0x708bc0d8, 0xffffff8008082c0c], 288230367534379438
[0x70974dbc, 0xffffff8008082c0c], 288230367534367611
[0x70974f38, 0xffffff8008082c0c], 288230367534367605
[0x70974f68, 0xffffff8008082c0c], 288230367534367604
[0x70982b60, 0xffffff8008082c0c], 288230367534366724
[0x70975044, 0xffffff8008082c0c], 288230367534367600
[0x70975058, 0xffffff8008082c0c], 288230367534367600
[0x7097505c, 0xffffff8008082c0c], 288230367534367600
[0x70975060, 0xffffff8008082c0c], 288230367534367600
[0x7c1e02d3cc, 0xffffff8008082c0c], 288230359234516322
[0x7c1e02d3f4, 0xffffff8008082c0c], 288230359234516322
[0x7c1ddd2a4c, 0xffffff8008082c0c], 288230359234554888
[0x7c1dd9e5dc, 0xffffff8008082c0c], 288230359234558234
[0x70ac03f8, 0xffffff8008082c0c], 288230367534346402
[0x700b1270, 0xffffff8008082c0c], 288230367534511208
[0x7c1e05a8f0, 0xffffff8008082c0c], 288230359234513422
[0x7c1e05a9ec, 0xffffff8008082c0c], 288230359234513418
[0x7c1e05aa08, 0xffffff8008082c0c], 288230359234513417
[0x7c1e05ac00, 0xffffff8008082c0c], 288230359234513409
[0x7c1e05ac00, 0xffffff8008082c0c], 288230359234513409
[0x7c1e05ac08, 0xffffff8008082c0c], 288230359234513409
[0x7c1e05ac00, 0xffffff8008082c0c], 288230359234513409
[0x7c1ddb86c4, 0xffffff8008082c0c], 288230359234556566
[0x7c1df40adc, 0xffffff8008082c0c], 288230359234531462
[0x7c1df40ae8, 0xffffff8008082c0c], 288230359234531462
[0x70ac04fc, 0xffffff8008082c0c], 288230367534346398
[0x70ac0620, 0xffffff8008082c0c], 288230367534346393
[0x70ac0624, 0xffffff8008082c0c], 288230367534346393
[0x7c1e1b34f4, 0xffffff8008082c0c], 288230359234491358
[0x70abfdec, 0xffffff8008082c0c], 288230367534346426
[0x70abfe04, 0xffffff8008082c0c], 288230367534346425
[0x70bbd3f4, 0xffffff8008082c0c], 288230367534330210
[0x70010510, 0xffffff8008082c0c], 288230367534521501
[0x70bbe1c8, 0xffffff8008082c0c], 288230367534330154
[0x70061118, 0xffffff8008082c0c], 288230367534516333
[0x6ffe81b0, 0xffffff8008082c0c], 288230367534524075
[0x6ffe81cc, 0xffffff8008082c0c], 288230367534524074
[0x6ffe81dc, 0xffffff8008082c0c], 288230367534524074
[0x7c1dd75010, 0xffffff8008082c0c], 288230359234560881
[0x6ffe8330, 0xffffff8008082c0c], 288230367534524069
[0x7c1dd75010, 0xffffff8008082c0c], 288230359234560881
[0x7006114c, 0xffffff8008082c0c], 288230367534516332
[0x6ffea988, 0xffffff8008082c0c], 288230367534523915
[0x6ffea998, 0xffffff8008082c0c], 288230367534523915
[0x6ffea99c, 0xffffff8008082c0c], 288230367534523915
[0x6ffea9a0, 0xffffff8008082c0c], 288230367534523915
[0x7c1dd76010, 0xffffff8008082c0c], 288230359234560817
[0x7c1dd7602c, 0xffffff8008082c0c], 288230359234560817
[0x6ffb2fd0, 0xffffff8008082c0c], 288230367534527474
[0x6ffe77b4, 0xffffff8008082c0c], 288230367534524115
[0x7c1dd75010, 0xffffff8008082c0c], 288230359234560881
[0x6ffe63e8, 0xffffff8008082c0c], 288230367534524194
[0x6ffe63e8, 0xffffff8008082c0c], 288230367534524194
[0x6ffe63f8, 0xffffff8008082c0c], 288230367534524194
[0x6ff4f450, 0xffffff8008082c0c], 288230367534533856
[0x6ffed184, 0xffffff8008082c0c], 288230367534523755
[0x6ffed190, 0xffffff8008082c0c], 288230367534523755
[0x6ffed19c, 0xffffff8008082c0c], 288230367534523755
[0x6ffed1b4, 0xffffff8008082c0c], 288230367534523755
[0x701039a8, 0xffffff8008082c0c], 288230367534505931
[0x70103a80, 0xffffff8008082c0c], 288230367534505927
[0x70103d28, 0xffffff8008082c0c], 288230367534505917
[0x70104054, 0xffffff8008082c0c], 288230367534505904
[0x6ff4f450, 0xffffff8008082c0c], 288230367534533856
[0x6ff4f47c, 0xffffff8008082c0c], 288230367534533856
[0x70103a8c, 0xffffff8008082c0c], 288230367534505927
[0x7c1dd6d77c, 0xffffff8008082c0c], 288230359234561364
[0x70103a8c, 0xffffff8008082c0c], 288230367534505927
[0x7c1dd6d77c, 0xffffff8008082c0c], 288230359234561364
[0x70103d28, 0xffffff8008082c0c], 288230367534505917
[0x70103a8c, 0xffffff8008082c0c], 288230367534505927
[0x7c1dd6d77c, 0xffffff8008082c0c], 288230359234561364
[0x701039a8, 0xffffff8008082c0c], 288230367534505931
[0x70103a8c, 0xffffff8008082c0c], 288230367534505927
[0x7c1dd6d77c, 0xffffff8008082c0c], 288230359234561364
[0x6ff4f47c, 0xffffff8008082c0c], 288230367534533856
[0x6ff4f47c, 0xffffff8008082c0c], 288230367534533856
[0x6ff4f47c, 0xffffff8008082c0c], 288230367534533856
[0x701039a8, 0xffffff8008082c0c], 288230367534505931
[0x6ff4f47c, 0xffffff8008082c0c], 288230367534533856
[0x6ff3dba0, 0xffffff8008082c0c], 288230367534534979
[0x6ff4f47c, 0xffffff8008082c0c], 288230367534533856
[0x701039a8, 0xffffff8008082c0c], 288230367534505931
[0x6ff4f47c, 0xffffff8008082c0c], 288230367534533856
[0x701039a8, 0xffffff8008082c0c], 288230367534505931
[0x6ff4f47c, 0xffffff8008082c0c], 288230367534533856
[0x701039a8, 0xffffff8008082c0c], 288230367534505931
[0x6ff4f47c, 0xffffff8008082c0c], 288230367534533856
[0x701039a8, 0xffffff8008082c0c], 288230367534505931
[0x6ff4f47c, 0xffffff8008082c0c], 288230367534533856
[0x701039a8, 0xffffff8008082c0c], 288230367534505931
[0x6ff4f47c, 0xffffff8008082c0c], 288230367534533856
[0x701039a8, 0xffffff8008082c0c], 288230367534505931
[0x6ff4f47c, 0xffffff8008082c0c], 288230367534533856
[0x701039a8, 0xffffff8008082c0c], 288230367534505931
[0x6ff4f47c, 0xffffff8008082c0c], 288230367534533856
[0x701039a8, 0xffffff8008082c0c], 288230367534505931
[0x6ff4f47c, 0xffffff8008082c0c], 288230367534533856
[0x701039a8, 0xffffff8008082c0c], 288230367534505931
[0x6ff4f47c, 0xffffff8008082c0c], 288230367534533856
[0x701039a8, 0xffffff8008082c0c], 288230367534505931
[0x6ff4f47c, 0xffffff8008082c0c], 288230367534533856
[0x701039a8, 0xffffff8008082c0c], 288230367534505931
[0x6ff4f47c, 0xffffff8008082c0c], 288230367534533856
[0x701039a8, 0xffffff8008082c0c], 288230367534505931
[0x6ff4f47c, 0xffffff8008082c0c], 288230367534533856
[0x701039a8, 0xffffff8008082c0c], 288230367534505931
[0x6ff4f47c, 0xffffff8008082c0c], 288230367534533856
[0x701039a8, 0xffffff8008082c0c], 288230367534505931
[0x6ff4f47c, 0xffffff8008082c0c], 288230367534533856
[0x701039a8, 0xffffff8008082c0c], 288230367534505931
[0x6ff4f47c, 0xffffff8008082c0c], 288230367534533856
[0x701039a8, 0xffffff8008082c0c], 288230367534505931
[0x6ff4f47c, 0xffffff8008082c0c], 288230367534533856
[0x701039a8, 0xffffff8008082c0c], 288230367534505931
[0x6ff4f47c, 0xffffff8008082c0c], 288230367534533856
[0x701039a8, 0xffffff8008082c0c], 288230367534505931
[0x6ff4f47c, 0xffffff8008082c0c], 288230367534533856
[0x701039a8, 0xffffff8008082c0c], 288230367534505931
[0x6ff4f47c, 0xffffff8008082c0c], 288230367534533856
[0x701039a8, 0xffffff8008082c0c], 288230367534505931
[0x6ff4f47c, 0xffffff8008082c0c], 288230367534533856
[0x7c1dd6d77c, 0xffffff8008082c0c], 288230359234561364
[0x6ff3dba0, 0xffffff8008082c0c], 288230367534534979
[0x6ff4f47c, 0xffffff8008082c0c], 288230367534533856
[0x701039a8, 0xffffff8008082c0c], 288230367534505931
[0x6ff4f47c, 0xffffff8008082c0c], 288230367534533856
[0x6ff3dba0, 0xffffff8008082c0c], 288230367534534979
[0x6ff4f47c, 0xffffff8008082c0c], 288230367534533856
[0x701039a8, 0xffffff8008082c0c], 288230367534505931
[0x6ff4f47c, 0xffffff8008082c0c], 288230367534533856
[0x6ffe5e0c, 0xffffff8008082c0c], 288230367534524217
[0x6ff3dba0, 0xffffff8008082c0c], 288230367534534979
[0x6ff4f47c, 0xffffff8008082c0c], 288230367534533856
[0x701039a8, 0xffffff8008082c0c], 288230367534505931
[0x6ff4f47c, 0xffffff8008082c0c], 288230367534533856
[0x701039a8, 0xffffff8008082c0c], 288230367534505931
[0x6ff4f47c, 0xffffff8008082c0c], 288230367534533856
[0x701039a8, 0xffffff8008082c0c], 288230367534505931
[0x6ff4f47c, 0xffffff8008082c0c], 288230367534533856
[0x701039a8, 0xffffff8008082c0c], 288230367534505931
[0x6ff4f47c, 0xffffff8008082c0c], 288230367534533856
[0x701039a8, 0xffffff8008082c0c], 288230367534505931
[0x6ff4f47c, 0xffffff8008082c0c], 288230367534533856
[0x701039a8, 0xffffff8008082c0c], 288230367534505931
[0x6ff4f47c, 0xffffff8008082c0c], 288230367534533856
[0x701039a8, 0xffffff8008082c0c], 288230367534505931
[0x6ff4f47c, 0xffffff8008082c0c], 288230367534533856
[0x701039a8, 0xffffff8008082c0c], 288230367534505931
[0x6ff4f47c, 0xffffff8008082c0c], 288230367534533856
[0x701039a8, 0xffffff8008082c0c], 288230367534505931
[0x6ff4f47c, 0xffffff8008082c0c], 288230367534533856
[0x701039a8, 0xffffff8008082c0c], 288230367534505931
[0x6ff4f47c, 0xffffff8008082c0c], 288230367534533856
[0x701039a8, 0xffffff8008082c0c], 288230367534505931
[0x6ff4f47c, 0xffffff8008082c0c], 288230367534533856
[0x701039a8, 0xffffff8008082c0c], 288230367534505931
[0x6ff4f47c, 0xffffff8008082c0c], 288230367534533856
[0x6ffe6408, 0xffffff8008082c0c], 288230367534524193
[0x7c1dd75010, 0xffffff8008082c0c], 288230359234560881
[0x70102584, 0xffffff8008082c0c], 288230367534506011
[0x7c1dd75010, 0xffffff8008082c0c], 288230359234560881
[0x70bbda84, 0xffffff8008082c0c], 288230367534330183
[0x700f02e0, 0xffffff8008082c0c], 288230367534507174
[0x7c1e1b34f4, 0xffffff8008082c0c], 288230359234491358
[0x7c1de26d0c, 0xffffff8008082c0c], 288230359234549501
[0x7c1de27724, 0xffffff8008082c0c], 288230359234549461
[0x7c1de8c3cc, 0xffffff8008082c0c], 288230359234543010
[0x7c1de8c404, 0xffffff8008082c0c], 288230359234543009
[0x7c1de8c4e8, 0xffffff8008082c0c], 288230359234543006
[0x7c1ddd2a4c, 0xffffff8008082c0c], 288230359234554888
[0x700b1270, 0xffffff8008082c0c], 288230367534511208
[0x7c1e05a8f0, 0xffffff8008082c0c], 288230359234513422
[0x7c1e05a9ec, 0xffffff8008082c0c], 288230359234513418
[0x7c1e05ac00, 0xffffff8008082c0c], 288230359234513409
[0x7c1e05ac00, 0xffffff8008082c0c], 288230359234513409
[0x7c1e05ac00, 0xffffff8008082c0c], 288230359234513409
[0x7c1df40adc, 0xffffff8008082c0c], 288230359234531462
[0x7c1df40ae8, 0xffffff8008082c0c], 288230359234531462
[0x7c1e110e80, 0xffffff8008082c0c], 288230359234501751
[0x7c1e10ff90, 0xffffff8008082c0c], 288230359234501811
[0x70ac0620, 0xffffff8008082c0c], 288230367534346393
[0x70ac2a9c, 0xffffff8008082c0c], 288230367534346247
[0x70882714, 0xffffff8008082c0c], 288230367534383125
[0x7c1ddd2a4c, 0xffffff8008082c0c], 288230359234554888
[0x700b1270, 0xffffff8008082c0c], 288230367534511208
[0x7c1e05a8f0, 0xffffff8008082c0c], 288230359234513422
[0x7c1e05a9ec, 0xffffff8008082c0c], 288230359234513418
[0x70ac0620, 0xffffff8008082c0c], 288230367534346393
[0x70ac0624, 0xffffff8008082c0c], 288230367534346393
[0x70abfdec, 0xffffff8008082c0c], 288230367534346426
[0x70abfe04, 0xffffff8008082c0c], 288230367534346425
[0x708f3770, 0xffffff8008082c0c], 288230367534375892
[0x709750a4, 0xffffff8008082c0c], 288230367534367599
[0x709750c4, 0xffffff8008082c0c], 288230367534367598
[0x709750dc, 0xffffff8008082c0c], 288230367534367598
[0x709750e0, 0xffffff8008082c0c], 288230367534367598
[0x7ca2c0fa20, 0xffffff8008082c0c], 288230359199718601
[0x7ca2c0fa20, 0xffffff8008082c0c], 288230359199718601
[0x7c1e02ff40, 0xffffff8008082c0c], 288230359234516148
[0x7ca2c0fa20, 0xffffff8008082c0c], 288230359199718601
[0x7ca2c0fc14, 0xffffff8008082c0c], 288230359199718593
[0x7ca2c0fa20, 0xffffff8008082c0c], 288230359199718601
[0x7ca2c0fa20, 0xffffff8008082c0c], 288230359199718601
[0x7ca2c0fc14, 0xffffff8008082c0c], 288230359199718593
[0x7ca2c0fa20, 0xffffff8008082c0c], 288230359199718601
[0x7ca148c1f0, 0xffffff8008082c0c], 288230359200103850
[0x7ca148c248, 0xffffff8008082c0c], 288230359200103848
[0x7c1dd75028, 0xffffff8008082c0c], 288230359234560881
[0x70975180, 0xffffff8008082c0c], 288230367534367595
[0x70975180, 0xffffff8008082c0c], 288230367534367595
[0x70975198, 0xffffff8008082c0c], 288230367534367595
[0x7097519c, 0xffffff8008082c0c], 288230367534367595
[0x70bb8390, 0xffffff8008082c0c], 288230367534330531
[0x70aa2078, 0xffffff8008082c0c], 288230367534348336
[0x70620470, 0xffffff8008082c0c], 288230367534422176
[0x709752b4, 0xffffff8008082c0c], 288230367534367591
[0x70a2a810, 0xffffff8008082c0c], 288230367534355985
[0x70acd8f4, 0xffffff8008082c0c], 288230367534345550
[0x7c1dd75fec, 0xffffff8008082c0c], 288230359234560818
[0x7c1dd75ffc, 0xffffff8008082c0c], 288230359234560818
[0x7c1e1cbd38, 0xffffff8008082c0c], 288230359234489789
[0x7c1e01fcb8, 0xffffff8008082c0c], 288230359234517183
[0x7c1e01fcd0, 0xffffff8008082c0c], 288230359234517182
[0x7c1e01fcb8, 0xffffff8008082c0c], 288230359234517183
[0x7c1e01fcf0, 0xffffff8008082c0c], 288230359234517182
[0x7c1dd76010, 0xffffff8008082c0c], 288230359234560817
[0x7c1dd7ace4, 0xffffff8008082c0c], 288230359234560510
[0x7c1dd7ae00, 0xffffff8008082c0c], 288230359234560505
[0x7c1dd7ae30, 0xffffff8008082c0c], 288230359234560505
[0x7c1dd7ae58, 0xffffff8008082c0c], 288230359234560504
[0x7c1dd76010, 0xffffff8008082c0c], 288230359234560817
[0x70b40c9c, 0xffffff8008082c0c], 288230367534338175
[0x7c1dd7acd0, 0xffffff8008082c0c], 288230359234560510
[0x7c1dd75010, 0xffffff8008082c0c], 288230359234560881
[0x70b42860, 0xffffff8008082c0c], 288230367534338064
[0x70b42874, 0xffffff8008082c0c], 288230367534338064
[0x7c1dd76010, 0xffffff8008082c0c], 288230359234560817
[0x7c1dd75010, 0xffffff8008082c0c], 288230359234560881
[0x70b42880, 0xffffff8008082c0c], 288230367534338063
[0x70b428b0, 0xffffff8008082c0c], 288230367534338063
[0x70b428d0, 0xffffff8008082c0c], 288230367534338062
[0x70b428f4, 0xffffff8008082c0c], 288230367534338062
[0x70b42908, 0xffffff8008082c0c], 288230367534338061
[0x70a2c650, 0xffffff8008082c0c], 288230367534355864
[0x70bbf6f0, 0xffffff8008082c0c], 288230367534330070
[0x7c1dd6d77c, 0xffffff8008082c0c], 288230359234561364
[0x70a2c694, 0xffffff8008082c0c], 288230367534355863
[0x70a2c6a8, 0xffffff8008082c0c], 288230367534355863
[0x7ca4647618, 0xffffff8008082c0c], 288230359199289049
[0x7c1dd75010, 0xffffff8008082c0c], 288230359234560881
[0x70a2a938, 0xffffff8008082c0c], 288230367534355981
[0x7066ea00, 0xffffff8008082c0c], 288230367534417161
[0x70852550, 0xffffff8008082c0c], 288230367534386204
[0x7ca4647618, 0xffffff8008082c0c], 288230359199289049
[0x70bb6450, 0xffffff8008082c0c], 288230367534330656
[0x70bb6470, 0xffffff8008082c0c], 288230367534330656
[0x7ca148d220, 0xffffff8008082c0c], 288230359200103785
[0x7ca14da800, 0xffffff8008082c0c], 288230359200098833
[0x7ca148d220, 0xffffff8008082c0c], 288230359200103785
[0x70972838, 0xffffff8008082c0c], 288230367534367761
[0x70972838, 0xffffff8008082c0c], 288230367534367761
[0x7097284c, 0xffffff8008082c0c], 288230367534367760
[0x70972850, 0xffffff8008082c0c], 288230367534367760
[0x70889f24, 0xffffff8008082c0c], 288230367534382645
[0x70889fb8, 0xffffff8008082c0c], 288230367534382643
[0x7c1ddd2a4c, 0xffffff8008082c0c], 288230359234554888
[0x700b1270, 0xffffff8008082c0c], 288230367534511208
[0x7c1e05a8f0, 0xffffff8008082c0c], 288230359234513422
[0x7c1e05ac00, 0xffffff8008082c0c], 288230359234513409
[0x7c1df40adc, 0xffffff8008082c0c], 288230359234531462
[0x7c1df40ae8, 0xffffff8008082c0c], 288230359234531462
[0x70ac0620, 0xffffff8008082c0c], 288230367534346393
[0x70ac0624, 0xffffff8008082c0c], 288230367534346393
[0x70abfdec, 0xffffff8008082c0c], 288230367534346426
[0x70abfe04, 0xffffff8008082c0c], 288230367534346425
[0x70ac0c90, 0xffffff8008082c0c], 288230367534346367
[0x7c1ddd2a4c, 0xffffff8008082c0c], 288230359234554888
[0x7c1dd9e5dc, 0xffffff8008082c0c], 288230359234558234
[0x700b1270, 0xffffff8008082c0c], 288230367534511208
[0x7c1e05a8f0, 0xffffff8008082c0c], 288230359234513422
[0x70ac0620, 0xffffff8008082c0c], 288230367534346393
[0x70ac0e20, 0xffffff8008082c0c], 288230367534346361
[0x70ac0e38, 0xffffff8008082c0c], 288230367534346361
[0x7088a9f4, 0xffffff8008082c0c], 288230367534382602
[0x70ac1a60, 0xffffff8008082c0c], 288230367534346312
[0x70ac1a6c, 0xffffff8008082c0c], 288230367534346312
[0x70ac1a74, 0xffffff8008082c0c], 288230367534346312
[0x708a6f70, 0xffffff8008082c0c], 288230367534380788
[0x708a6fa8, 0xffffff8008082c0c], 288230367534380787
[0x7c1e030238, 0xffffff8008082c0c], 288230359234516137
[0x708af3b0, 0xffffff8008082c0c], 288230367534380259
[0x708af3b0, 0xffffff8008082c0c], 288230367534380259
[0x708af3c8, 0xffffff8008082c0c], 288230367534380258
[0x70ba5f70, 0xffffff8008082c0c], 288230367534331700
[0x7c1dd75010, 0xffffff8008082c0c], 288230359234560881
[0x708af668, 0xffffff8008082c0c], 288230367534380248
[0x7c1dd6d77c, 0xffffff8008082c0c], 288230359234561364
[0x70a2fbc4, 0xffffff8008082c0c], 288230367534355650
[0x70ac1a60, 0xffffff8008082c0c], 288230367534346312
[0x70ac1a6c, 0xffffff8008082c0c], 288230367534346312
[0x70ac1a70, 0xffffff8008082c0c], 288230367534346312
[0x70ac1a74, 0xffffff8008082c0c], 288230367534346312
[0x708bb124, 0xffffff8008082c0c], 288230367534379501
[0x709d6670, 0xffffff8008082c0c], 288230367534361368
[0x709d6690, 0xffffff8008082c0c], 288230367534361367
[0x7c1df4b4d8, 0xffffff8008082c0c], 288230359234530782
[0x70a2fd04, 0xffffff8008082c0c], 288230367534355645
[0x70e682b0, 0xffffff8008082c0c], 288230367534286503
[0x70a2fdc8, 0xffffff8008082c0c], 288230367534355642
[0x70a2fdf8, 0xffffff8008082c0c], 288230367534355642
[0x70a2fff0, 0xffffff8008082c0c], 288230367534355634
[0x701073e4, 0xffffff8008082c0c], 288230367534505698
[0x70107400, 0xffffff8008082c0c], 288230367534505697
[0x7ca4647618, 0xffffff8008082c0c], 288230359199289049
[0x7088a464, 0xffffff8008082c0c], 288230367534382624
[0x70a44fc0, 0xffffff8008082c0c], 288230367534354290
[0x7ca4647618, 0xffffff8008082c0c], 288230359199289049
[0x7ca148d220, 0xffffff8008082c0c], 288230359200103785
[0x7ca14da800, 0xffffff8008082c0c], 288230359200098833
[0x7ca148d220, 0xffffff8008082c0c], 288230359200103785
[0x7c1ddd2a4c, 0xffffff8008082c0c], 288230359234554888
[0x7c1dd9e5dc, 0xffffff8008082c0c], 288230359234558234
[0x7c1e05a8f0, 0xffffff8008082c0c], 288230359234513422
[0x70ac0620, 0xffffff8008082c0c], 288230367534346393
[0x70ac0624, 0xffffff8008082c0c], 288230367534346393
[0x70ac0e20, 0xffffff8008082c0c], 288230367534346361
[0x70ac0e38, 0xffffff8008082c0c], 288230367534346361
[0x7088a410, 0xffffff8008082c0c], 288230367534382625
[0x706d8770, 0xffffff8008082c0c], 288230367534410388
[0x7ca4647618, 0xffffff8008082c0c], 288230359199289049
[0x7ca148d220, 0xffffff8008082c0c], 288230359200103785
[0x7ca14da800, 0xffffff8008082c0c], 288230359200098833
[0x7ca148d220, 0xffffff8008082c0c], 288230359200103785
[0x708527a4, 0xffffff8008082c0c], 288230367534386195
[0x7c1e111314, 0xffffff8008082c0c], 288230359234501733
[0x7c1dd9e5dc, 0xffffff8008082c0c], 288230359234558234
[0x7c1ddd2a4c, 0xffffff8008082c0c], 288230359234554888
[0x7c1dd9e5dc, 0xffffff8008082c0c], 288230359234558234
[0x7c1dd9e68c, 0xffffff8008082c0c], 288230359234558231
[0x7c1dd9e5dc, 0xffffff8008082c0c], 288230359234558234
[0x7c1ddd2a4c, 0xffffff8008082c0c], 288230359234554888
[0x7c1dd9e5dc, 0xffffff8008082c0c], 288230359234558234
[0x7c1dd894cc, 0xffffff8008082c0c], 288230359234559582
[0x7c1e1b3bcc, 0xffffff8008082c0c], 288230359234491330
[0x7c1e03fb64, 0xffffff8008082c0c], 288230359234515140
[0x7c1dda429c, 0xffffff8008082c0c], 288230359234557863
[0x7c1e07d224, 0xffffff8008082c0c], 288230359234511209
[0x7c1e07d260, 0xffffff8008082c0c], 288230359234511208
[0x7c1dda54d0, 0xffffff8008082c0c], 288230359234557790
[0x7ca4647618, 0xffffff8008082c0c], 288230359199289049
[0x7ca4647618, 0xffffff8008082c0c], 288230359199289049
[0x7c1dd7e270, 0xffffff8008082c0c], 288230359234560296
[0x7ca4647618, 0xffffff8008082c0c], 288230359199289049
[0x7ca148d220, 0xffffff8008082c0c], 288230359200103785
[0x7ca14da800, 0xffffff8008082c0c], 288230359200098833
[0x7c1dd75010, 0xffffff8008082c0c], 288230359234560881
[0x70d221e8, 0xffffff8008082c0c], 288230367534307370
[0x7c1dd74f20, 0xffffff8008082c0c], 288230359234560885
[0x7c1e03fb64, 0xffffff8008082c0c], 288230359234515140
[0x7c1dda430c, 0xffffff8008082c0c], 288230359234557861
[0x7c1dda4444, 0xffffff8008082c0c], 288230359234557856
[0x7c1e024368, 0xffffff8008082c0c], 288230359234516900
[0x7ca4647618, 0xffffff8008082c0c], 288230359199289049
[0x7c1e024410, 0xffffff8008082c0c], 288230359234516897
[0x7ca4647618, 0xffffff8008082c0c], 288230359199289049
[0x7c1dd7e270, 0xffffff8008082c0c], 288230359234560296
[0x708399c8, 0xffffff8008082c0c], 288230367534387786
[0x70da5c60, 0xffffff8008082c0c], 288230367534298944
[0x70da5c98, 0xffffff8008082c0c], 288230367534298943
[0x7ca14db080, 0xffffff8008082c0c], 288230359200098799
[0x7ca14db080, 0xffffff8008082c0c], 288230359200098799
[0x7ca14db080, 0xffffff8008082c0c], 288230359200098799
[0x700ba3e8, 0xffffff8008082c0c], 288230367534510626
[0x7ca148ed00, 0xffffff8008082c0c], 288230359200103677
[0x7ca14da6c0, 0xffffff8008082c0c], 288230359200098838
[0x7ca4647618, 0xffffff8008082c0c], 288230359199289049
[0x70ab80d8, 0xffffff8008082c0c], 288230367534346926
[0x7084aa24, 0xffffff8008082c0c], 288230367534386697
[0x7084aa3c, 0xffffff8008082c0c], 288230367534386697
[0x70aa17f8, 0xffffff8008082c0c], 288230367534348370
[0x7084aa70, 0xffffff8008082c0c], 288230367534386696
[0x7c1dd75010, 0xffffff8008082c0c], 288230359234560881
[0x70b40f04, 0xffffff8008082c0c], 288230367534338165
[0x70849c74, 0xffffff8008082c0c], 288230367534386752
[0x70849c88, 0xffffff8008082c0c], 288230367534386751
[0x7c1dd76010, 0xffffff8008082c0c], 288230359234560817
[0x7c1dd7602c, 0xffffff8008082c0c], 288230359234560817
[0x7c1dd75010, 0xffffff8008082c0c], 288230359234560881
[0x70b5661c, 0xffffff8008082c0c], 288230367534336793
[0x70849c94, 0xffffff8008082c0c], 288230367534386751
[0x70849ccc, 0xffffff8008082c0c], 288230367534386750
[0x7ca14db080, 0xffffff8008082c0c], 288230359200098799
[0x70bc03f4, 0xffffff8008082c0c], 288230367534330018
[0x7ca14da6c0, 0xffffff8008082c0c], 288230359200098838
[0x7ca4647618, 0xffffff8008082c0c], 288230359199289049
[0x7c1e0f8d44, 0xffffff8008082c0c], 288230359234503292
[0x7ca4647618, 0xffffff8008082c0c], 288230359199289049
[0x7ca4647618, 0xffffff8008082c0c], 288230359199289049
[0x7083f258, 0xffffff8008082c0c], 288230367534387432
[0x7083f2d0, 0xffffff8008082c0c], 288230367534387430
[0x7c1dd75010, 0xffffff8008082c0c], 288230359234560881
[0x7ca4647618, 0xffffff8008082c0c], 288230359199289049
[0x7ca14db480, 0xffffff8008082c0c], 288230359200098783
[0x7ca14db080, 0xffffff8008082c0c], 288230359200098799
[0x7c1e1c3d68, 0xffffff8008082c0c], 288230359234490300
[0x7c1e0222a0, 0xffffff8008082c0c], 288230359234517031
[0x7c1e03fb64, 0xffffff8008082c0c], 288230359234515140
[0x7c1e07d260, 0xffffff8008082c0c], 288230359234511208
[0x7c1dda54d0, 0xffffff8008082c0c], 288230359234557790
[0x7ca4647618, 0xffffff8008082c0c], 288230359199289049
[0x7c1e024410, 0xffffff8008082c0c], 288230359234516897
[0x7c1dda7758, 0xffffff8008082c0c], 288230359234557652
[0x7c1dda775c, 0xffffff8008082c0c], 288230359234557652
[0x7ca4647618, 0xffffff8008082c0c], 288230359199289049
[0x7c1dd7a30c, 0xffffff8008082c0c], 288230359234560549
[0x7c1dd7e270, 0xffffff8008082c0c], 288230359234560296
[0x7083f6a4, 0xffffff8008082c0c], 288230367534387415
[0x70bbec3c, 0xffffff8008082c0c], 288230367534330113
[0x70063a80, 0xffffff8008082c0c], 288230367534516167
[0x700637fc, 0xffffff8008082c0c], 288230367534516178
[0x700637fc, 0xffffff8008082c0c], 288230367534516178
[0x7ca2ac4bdc, 0xffffff8008082c0c], 288230359199739778
[0x7ca2ac4bdc, 0xffffff8008082c0c], 288230359199739778
[0x7ca2b9a240, 0xffffff8008082c0c], 288230359199726120
[0x7ca2b9a240, 0xffffff8008082c0c], 288230359199726120
[0x7ca2ab3b4c, 0xffffff8008082c0c], 288230359199740868
[0x7ca2ab3b5c, 0xffffff8008082c0c], 288230359199740868
[0x7ca2b4fa4c, 0xffffff8008082c0c], 288230359199730888
[0x7ca2b9bf40, 0xffffff8008082c0c], 288230359199726004
[0x7ca14efb34, 0xffffff8008082c0c], 288230359200097477
[0x7ca148c970, 0xffffff8008082c0c], 288230359200103820
[0x7ca2b7da10, 0xffffff8008082c0c], 288230359199727945
[0x7ca2b68278, 0xffffff8008082c0c], 288230359199729320
[0x7ca2b3c404, 0xffffff8008082c0c], 288230359199732129
[0x7ca2b3c404, 0xffffff8008082c0c], 288230359199732129
[0x7ca2b3c47c, 0xffffff8008082c0c], 288230359199732128
[0x7ca2b3cbfc, 0xffffff8008082c0c], 288230359199732098
[0x7ca2b3cc74, 0xffffff8008082c0c], 288230359199732096
[0x7c178f3520, 0xffffff8008082c0c], 288230359236207581
[0x708d8920, 0xffffff8008082c0c], 288230367534377613
[0x70b34370, 0xffffff8008082c0c], 288230367534338980
[0x70269eac, 0xffffff8008082c0c], 288230367534482999
[0x70269eac, 0xffffff8008082c0c], 288230367534482999
[0x70269ebc, 0xffffff8008082c0c], 288230367534482999
[0x70269ec0, 0xffffff8008082c0c], 288230367534482998
[0x702b2e70, 0xffffff8008082c0c], 288230367534478328
[0x702b2ea4, 0xffffff8008082c0c], 288230367534478327
[0x70b3438c, 0xffffff8008082c0c], 288230367534338979
[0x70b343cc, 0xffffff8008082c0c], 288230367534338978
[0x70af7d40, 0xffffff8008082c0c], 288230367534342844
[0x7001117c, 0xffffff8008082c0c], 288230367534521452
[0x70277d74, 0xffffff8008082c0c], 288230367534482108
[0x70b343e4, 0xffffff8008082c0c], 288230367534338978
[0x7c1dd75010, 0xffffff8008082c0c], 288230359234560881
[0x70b3443c, 0xffffff8008082c0c], 288230367534338977
[0x70883d54, 0xffffff8008082c0c], 288230367534383036
[0x707751b0, 0xffffff8008082c0c], 288230367534400363
[0x70cbde50, 0xffffff8008082c0c], 288230367534313784
[0x70cbe1f4, 0xffffff8008082c0c], 288230367534313770
[0x70cbe204, 0xffffff8008082c0c], 288230367534313769
[0x7077523c, 0xffffff8008082c0c], 288230367534400361
[0x7c1dd75010, 0xffffff8008082c0c], 288230359234560881
[0x7077531c, 0xffffff8008082c0c], 288230367534400357
[0x708117d0, 0xffffff8008082c0c], 288230367534390354
[0x7c1dd6d77c, 0xffffff8008082c0c], 288230359234561364
[0x7c1dd75010, 0xffffff8008082c0c], 288230359234560881
[0x708118b4, 0xffffff8008082c0c], 288230367534390351
[0x70811658, 0xffffff8008082c0c], 288230367534390360
[0x70811658, 0xffffff8008082c0c], 288230367534390360
[0x70811660, 0xffffff8008082c0c], 288230367534390360
[0x70811690, 0xffffff8008082c0c], 288230367534390359
[0x708116a8, 0xffffff8008082c0c], 288230367534390359
[0x70a0c550, 0xffffff8008082c0c], 288230367534357916
[0x7c1e00f82c, 0xffffff8008082c0c], 288230359234518225
[0x7ca14da800, 0xffffff8008082c0c], 288230359200098833
[0x7ca148d220, 0xffffff8008082c0c], 288230359200103785
[0x7ca14db080, 0xffffff8008082c0c], 288230359200098799
[0x7ca14da800, 0xffffff8008082c0c], 288230359200098833
[0x7ca148d220, 0xffffff8008082c0c], 288230359200103785
[0x7ca14da800, 0xffffff8008082c0c], 288230359200098833
[0x70811e84, 0xffffff8008082c0c], 288230367534390327
[0x7c1e1cbd38, 0xffffff8008082c0c], 288230359234489789
[0x7c1dd9e5dc, 0xffffff8008082c0c], 288230359234558234
[0x7c1e01fcb8, 0xffffff8008082c0c], 288230359234517183
[0x7c1dd76010, 0xffffff8008082c0c], 288230359234560817
[0x7ca14da800, 0xffffff8008082c0c], 288230359200098833
[0x7ca148d220, 0xffffff8008082c0c], 288230359200103785
[0x7ca14db080, 0xffffff8008082c0c], 288230359200098799
[0x7ca4647618, 0xffffff8008082c0c], 288230359199289049
[0x7ca4647618, 0xffffff8008082c0c], 288230359199289049
[0x7ca4647618, 0xffffff8008082c0c], 288230359199289049
[0x7ca4647618, 0xffffff8008082c0c], 288230359199289049
[0x7ca14da800, 0xffffff8008082c0c], 288230359200098833
[0x7ca148d220, 0xffffff8008082c0c], 288230359200103785
[0x7ca14da800, 0xffffff8008082c0c], 288230359200098833
[0x70a0c468, 0xffffff8008082c0c], 288230367534357920
[0x70a0c468, 0xffffff8008082c0c], 288230367534357920
[0x70a0c478, 0xffffff8008082c0c], 288230367534357920
[0x70a0c47c, 0xffffff8008082c0c], 288230367534357920
[0x70a0c480, 0xffffff8008082c0c], 288230367534357919
[0x70d68990, 0xffffff8008082c0c], 288230367534302859
[0x70d689d8, 0xffffff8008082c0c], 288230367534302858
[0x70d68a0c, 0xffffff8008082c0c], 288230367534302857
[0x7ca302a92c, 0xffffff8008082c0c], 288230359199651341
[0x7ca302a92c, 0xffffff8008082c0c], 288230359199651341
[0x7ca302a92c, 0xffffff8008082c0c], 288230359199651341
[0x7ca302a92c, 0xffffff8008082c0c], 288230359199651341
[0x7ca302a92c, 0xffffff8008082c0c], 288230359199651341
[0x7ca302a92c, 0xffffff8008082c0c], 288230359199651341
[0x7ca302a92c, 0xffffff8008082c0c], 288230359199651341
[0x7ca302a92c, 0xffffff8008082c0c], 288230359199651341
[0x7ca302a9c0, 0xffffff8008082c0c], 288230359199651338
[0x7c1dd9e5dc, 0xffffff8008082c0c], 288230359234558234
[0x7c1dd9e5dc, 0xffffff8008082c0c], 288230359234558234
[0x7c1dd9e628, 0xffffff8008082c0c], 288230359234558233
[0x7c1dd9e68c, 0xffffff8008082c0c], 288230359234558231
[0x7c1ddd4b48, 0xffffff8008082c0c], 288230359234554756
[0x700b1270, 0xffffff8008082c0c], 288230367534511208
[0x7c1e05a8f0, 0xffffff8008082c0c], 288230359234513422
[0x7c1e05a9ec, 0xffffff8008082c0c], 288230359234513418
[0x7c1e05aa08, 0xffffff8008082c0c], 288230359234513417
[0x7c1e05aa10, 0xffffff8008082c0c], 288230359234513417
[0x7c1e05ac00, 0xffffff8008082c0c], 288230359234513409
[0x7c1e05ac00, 0xffffff8008082c0c], 288230359234513409
[0x7c1ddb86c4, 0xffffff8008082c0c], 288230359234556566
[0x7c1df40adc, 0xffffff8008082c0c], 288230359234531462
[0x7c1df40ae8, 0xffffff8008082c0c], 288230359234531462
[0x70ac0620, 0xffffff8008082c0c], 288230367534346393
[0x70ac0624, 0xffffff8008082c0c], 288230367534346393
[0x70abfdec, 0xffffff8008082c0c], 288230367534346426
[0x70abfe04, 0xffffff8008082c0c], 288230367534346425
[0x70657c0c, 0xffffff8008082c0c], 288230367534418625
[0x70d69a68, 0xffffff8008082c0c], 288230367534302792
[0x70d69a78, 0xffffff8008082c0c], 288230367534302792
[0x70d69a7c, 0xffffff8008082c0c], 288230367534302792
[0x70d69a80, 0xffffff8008082c0c], 288230367534302791
[0x7c1dd9e5dc, 0xffffff8008082c0c], 288230359234558234
[0x700b1270, 0xffffff8008082c0c], 288230367534511208
[0x7c1e05a8f0, 0xffffff8008082c0c], 288230359234513422
[0x7c1e05ac00, 0xffffff8008082c0c], 288230359234513409
[0x70ac0620, 0xffffff8008082c0c], 288230367534346393
[0x70ac0624, 0xffffff8008082c0c], 288230367534346393
[0x70abfdec, 0xffffff8008082c0c], 288230367534346426
[0x70d67a18, 0xffffff8008082c0c], 288230367534302921
[0x7c1dd7602c, 0xffffff8008082c0c], 288230359234560817
[0x70a0ccdc, 0xffffff8008082c0c], 288230367534357886
[0x7ca14da800, 0xffffff8008082c0c], 288230359200098833
[0x7ca148d220, 0xffffff8008082c0c], 288230359200103785
[0x7ca14db080, 0xffffff8008082c0c], 288230359200098799
[0x7ca14da800, 0xffffff8008082c0c], 288230359200098833
[0x7ca14da800, 0xffffff8008082c0c], 288230359200098833
[0x7ca148d220, 0xffffff8008082c0c], 288230359200103785
[0x7ca14da800, 0xffffff8008082c0c], 288230359200098833
[0x7c1dd75010, 0xffffff8008082c0c], 288230359234560881
[0x707753d4, 0xffffff8008082c0c], 288230367534400354
[0x707785a0, 0xffffff8008082c0c], 288230367534400155
[0x7c1e00f82c, 0xffffff8008082c0c], 288230359234518225
[0x7ca14da800, 0xffffff8008082c0c], 288230359200098833
[0x7ca148d220, 0xffffff8008082c0c], 288230359200103785
[0x7ca14db080, 0xffffff8008082c0c], 288230359200098799
[0x7ca4647618, 0xffffff8008082c0c], 288230359199289049
[0x7ca4647618, 0xffffff8008082c0c], 288230359199289049
[0x7ca4647618, 0xffffff8008082c0c], 288230359199289049
[0x7ca4647618, 0xffffff8008082c0c], 288230359199289049
[0x7ca14da800, 0xffffff8008082c0c], 288230359200098833
[0x7ca148d220, 0xffffff8008082c0c], 288230359200103785
[0x7ca14da800, 0xffffff8008082c0c], 288230359200098833
[0x70cbcfe0, 0xffffff8008082c0c], 288230367534313842
[0x70777228, 0xffffff8008082c0c], 288230367534400233
[0x70777230, 0xffffff8008082c0c], 288230367534400233
[0x707c9560, 0xffffff8008082c0c], 288230367534394972
[0x707c9588, 0xffffff8008082c0c], 288230367534394971
[0x707c95a0, 0xffffff8008082c0c], 288230367534394971
[0x707d02b0, 0xffffff8008082c0c], 288230367534394535
[0x7c1dd6d77c, 0xffffff8008082c0c], 288230359234561364
[0x707d0378, 0xffffff8008082c0c], 288230367534394532
[0x707d03dc, 0xffffff8008082c0c], 288230367534394530
[0x707d077c, 0xffffff8008082c0c], 288230367534394516
[0x707d07cc, 0xffffff8008082c0c], 288230367534394514
[0x707c3288, 0xffffff8008082c0c], 288230367534395367
[0x707bfee0, 0xffffff8008082c0c], 288230367534395574
[0x7ca04563ac, 0xffffff8008082c0c], 288230359200369443
[0x7ca0468210, 0xffffff8008082c0c], 288230359200368297
[0x7ca0468210, 0xffffff8008082c0c], 288230359200368297
[0x7ca0456548, 0xffffff8008082c0c], 288230359200369436
[0x7ca044f468, 0xffffff8008082c0c], 288230359200369888
[0x7ca044f470, 0xffffff8008082c0c], 288230359200369888
[0x7ca044f4c4, 0xffffff8008082c0c], 288230359200369886
[0x7ca044f558, 0xffffff8008082c0c], 288230359200369884
[0x7ca044f568, 0xffffff8008082c0c], 288230359200369884
[0x7ca044f570, 0xffffff8008082c0c], 288230359200369884
[0x7ca044f570, 0xffffff8008082c0c], 288230359200369884
[0x7ca14efb10, 0xffffff8008082c0c], 288230359200097477
[0x7ca14efb34, 0xffffff8008082c0c], 288230359200097477
[0x7ca043db10, 0xffffff8008082c0c], 288230359200371013
[0x7ca0440874, 0xffffff8008082c0c], 288230359200370832
[0x7ca0440898, 0xffffff8008082c0c], 288230359200370831
[0x7ca04408b8, 0xffffff8008082c0c], 288230359200370831
[0x7ca04408f0, 0xffffff8008082c0c], 288230359200370830
[0x7ca043d1d8, 0xffffff8008082c0c], 288230359200371050
[0x7ca043d24c, 0xffffff8008082c0c], 288230359200371048
[0x7ca0444b64, 0xffffff8008082c0c], 288230359200370564
[0x7ca043d24c, 0xffffff8008082c0c], 288230359200371048
[0x7ca045470c, 0xffffff8008082c0c], 288230359200369557
[0x7ca045470c, 0xffffff8008082c0c], 288230359200369557
[0x7ca0444b64, 0xffffff8008082c0c], 288230359200370564
[0x7ca043d23c, 0xffffff8008082c0c], 288230359200371049
[0x7ca043d24c, 0xffffff8008082c0c], 288230359200371048
[0x7ca045470c, 0xffffff8008082c0c], 288230359200369557
[0x7ca045470c, 0xffffff8008082c0c], 288230359200369557
[0x7ca045470c, 0xffffff8008082c0c], 288230359200369557
[0x7ca045470c, 0xffffff8008082c0c], 288230359200369557
[0x7ca045470c, 0xffffff8008082c0c], 288230359200369557
[0x7ca045470c, 0xffffff8008082c0c], 288230359200369557
[0x7ca045470c, 0xffffff8008082c0c], 288230359200369557
[0x7ca045470c, 0xffffff8008082c0c], 288230359200369557
[0x7ca045470c, 0xffffff8008082c0c], 288230359200369557
[0x7ca043d27c, 0xffffff8008082c0c], 288230359200371048
[0x7ca045470c, 0xffffff8008082c0c], 288230359200369557
[0x7ca045470c, 0xffffff8008082c0c], 288230359200369557
[0x7ca045470c, 0xffffff8008082c0c], 288230359200369557
[0x7ca045470c, 0xffffff8008082c0c], 288230359200369557
[0x7ca045470c, 0xffffff8008082c0c], 288230359200369557
[0x7ca045470c, 0xffffff8008082c0c], 288230359200369557
[0x7ca045470c, 0xffffff8008082c0c], 288230359200369557
[0x7ca045470c, 0xffffff8008082c0c], 288230359200369557
[0x7ca045470c, 0xffffff8008082c0c], 288230359200369557
[0x7ca045470c, 0xffffff8008082c0c], 288230359200369557
[0x7ca045470c, 0xffffff8008082c0c], 288230359200369557
[0x7ca045470c, 0xffffff8008082c0c], 288230359200369557
[0x7ca045470c, 0xffffff8008082c0c], 288230359200369557
[0x7ca045470c, 0xffffff8008082c0c], 288230359200369557
[0x7ca045470c, 0xffffff8008082c0c], 288230359200369557
[0x7ca045470c, 0xffffff8008082c0c], 288230359200369557
[0x7ca045470c, 0xffffff8008082c0c], 288230359200369557
[0x7ca045470c, 0xffffff8008082c0c], 288230359200369557
[0x7ca045470c, 0xffffff8008082c0c], 288230359200369557
[0x7ca0454728, 0xffffff8008082c0c], 288230359200369557
[0x7ca045470c, 0xffffff8008082c0c], 288230359200369557
[0x7ca045470c, 0xffffff8008082c0c], 288230359200369557
[0x7ca045470c, 0xffffff8008082c0c], 288230359200369557
[0x7ca045470c, 0xffffff8008082c0c], 288230359200369557
[0x7ca045470c, 0xffffff8008082c0c], 288230359200369557
[0x7ca045470c, 0xffffff8008082c0c], 288230359200369557
[0x7ca045470c, 0xffffff8008082c0c], 288230359200369557
[0x7ca045470c, 0xffffff8008082c0c], 288230359200369557
[0x7ca045470c, 0xffffff8008082c0c], 288230359200369557
[0x7ca045470c, 0xffffff8008082c0c], 288230359200369557
[0x7ca045470c, 0xffffff8008082c0c], 288230359200369557
[0x7ca045470c, 0xffffff8008082c0c], 288230359200369557
[0x7ca045470c, 0xffffff8008082c0c], 288230359200369557
[0x7ca045470c, 0xffffff8008082c0c], 288230359200369557
[0x7ca045470c, 0xffffff8008082c0c], 288230359200369557
[0x7ca045470c, 0xffffff8008082c0c], 288230359200369557
[0x7ca045470c, 0xffffff8008082c0c], 288230359200369557
[0x7ca045470c, 0xffffff8008082c0c], 288230359200369557
[0x7ca045470c, 0xffffff8008082c0c], 288230359200369557
[0x7ca045470c, 0xffffff8008082c0c], 288230359200369557
[0x7ca045470c, 0xffffff8008082c0c], 288230359200369557
[0x7ca045470c, 0xffffff8008082c0c], 288230359200369557
[0x7ca044f4c4, 0xffffff8008082c0c], 288230359200369886
[0x7ca044f4d4, 0xffffff8008082c0c], 288230359200369886
[0x7ca044f4c4, 0xffffff8008082c0c], 288230359200369886
[0x7ca044f4d4, 0xffffff8008082c0c], 288230359200369886
[0x7ca044f4dc, 0xffffff8008082c0c], 288230359200369886
[0x7ca044f4dc, 0xffffff8008082c0c], 288230359200369886
[0x7ca045470c, 0xffffff8008082c0c], 288230359200369557
[0x7ca045470c, 0xffffff8008082c0c], 288230359200369557
[0x7ca044f4d4, 0xffffff8008082c0c], 288230359200369886
[0x7ca045470c, 0xffffff8008082c0c], 288230359200369557
[0x7ca045470c, 0xffffff8008082c0c], 288230359200369557
[0x7ca0444b64, 0xffffff8008082c0c], 288230359200370564
[0x7ca045470c, 0xffffff8008082c0c], 288230359200369557
[0x7ca045470c, 0xffffff8008082c0c], 288230359200369557
[0x7ca045470c, 0xffffff8008082c0c], 288230359200369557
[0x7ca045470c, 0xffffff8008082c0c], 288230359200369557
[0x7ca045470c, 0xffffff8008082c0c], 288230359200369557
[0x7ca045470c, 0xffffff8008082c0c], 288230359200369557
[0x7ca045470c, 0xffffff8008082c0c], 288230359200369557
[0x7ca045470c, 0xffffff8008082c0c], 288230359200369557
[0x7ca045470c, 0xffffff8008082c0c], 288230359200369557
[0x7ca045470c, 0xffffff8008082c0c], 288230359200369557
[0x7ca045470c, 0xffffff8008082c0c], 288230359200369557
[0x7ca045470c, 0xffffff8008082c0c], 288230359200369557
[0x7ca045470c, 0xffffff8008082c0c], 288230359200369557
[0x7ca045470c, 0xffffff8008082c0c], 288230359200369557
[0x7ca045470c, 0xffffff8008082c0c], 288230359200369557
[0x7ca045470c, 0xffffff8008082c0c], 288230359200369557
[0x7ca045470c, 0xffffff8008082c0c], 288230359200369557
[0x7ca045470c, 0xffffff8008082c0c], 288230359200369557
[0x7ca045470c, 0xffffff8008082c0c], 288230359200369557
[0x7ca045470c, 0xffffff8008082c0c], 288230359200369557
[0x7ca045470c, 0xffffff8008082c0c], 288230359200369557
[0x7ca045470c, 0xffffff8008082c0c], 288230359200369557
[0x7ca045470c, 0xffffff8008082c0c], 288230359200369557
[0x7ca045470c, 0xffffff8008082c0c], 288230359200369557
[0x7ca045470c, 0xffffff8008082c0c], 288230359200369557
[0x7ca045470c, 0xffffff8008082c0c], 288230359200369557
[0x7ca045470c, 0xffffff8008082c0c], 288230359200369557
[0x7ca045470c, 0xffffff8008082c0c], 288230359200369557
[0x7ca045470c, 0xffffff8008082c0c], 288230359200369557
[0x7ca045470c, 0xffffff8008082c0c], 288230359200369557
[0x7ca045470c, 0xffffff8008082c0c], 288230359200369557
[0x7ca045470c, 0xffffff8008082c0c], 288230359200369557
[0x7ca045470c, 0xffffff8008082c0c], 288230359200369557
[0x7ca045470c, 0xffffff8008082c0c], 288230359200369557
[0x7ca045470c, 0xffffff8008082c0c], 288230359200369557
[0x7ca045470c, 0xffffff8008082c0c], 288230359200369557
[0x7ca045470c, 0xffffff8008082c0c], 288230359200369557
[0x7ca045470c, 0xffffff8008082c0c], 288230359200369557
[0x7ca045470c, 0xffffff8008082c0c], 288230359200369557
[0x7ca045470c, 0xffffff8008082c0c], 288230359200369557
[0x7ca045470c, 0xffffff8008082c0c], 288230359200369557
[0x7ca045470c, 0xffffff8008082c0c], 288230359200369557
[0x7ca045470c, 0xffffff8008082c0c], 288230359200369557
[0x7ca045470c, 0xffffff8008082c0c], 288230359200369557
[0x7ca045470c, 0xffffff8008082c0c], 288230359200369557
[0x7ca045470c, 0xffffff8008082c0c], 288230359200369557
[0x7ca045470c, 0xffffff8008082c0c], 288230359200369557
[0x7ca045470c, 0xffffff8008082c0c], 288230359200369557
[0x7ca043d27c, 0xffffff8008082c0c], 288230359200371048
[0x7ca045470c, 0xffffff8008082c0c], 288230359200369557
[0x7ca045470c, 0xffffff8008082c0c], 288230359200369557
[0x7ca045470c, 0xffffff8008082c0c], 288230359200369557
[0x7ca045470c, 0xffffff8008082c0c], 288230359200369557
[0x7ca045470c, 0xffffff8008082c0c], 288230359200369557
[0x7ca045470c, 0xffffff8008082c0c], 288230359200369557
[0x7ca045470c, 0xffffff8008082c0c], 288230359200369557
[0x7ca045470c, 0xffffff8008082c0c], 288230359200369557
[0x7ca045470c, 0xffffff8008082c0c], 288230359200369557
[0x7ca045470c, 0xffffff8008082c0c], 288230359200369557
[0x7ca045470c, 0xffffff8008082c0c], 288230359200369557
[0x7ca045470c, 0xffffff8008082c0c], 288230359200369557
[0x7ca045470c, 0xffffff8008082c0c], 288230359200369557
[0x7ca045470c, 0xffffff8008082c0c], 288230359200369557
35000000 instrs 
[0x7ca045470c, 0xffffff8008082c0c], 288230359200369557
[0x7ca045470c, 0xffffff8008082c0c], 288230359200369557
[0x7ca045470c, 0xffffff8008082c0c], 288230359200369557
[0x7ca045470c, 0xffffff8008082c0c], 288230359200369557
[0x7ca045470c, 0xffffff8008082c0c], 288230359200369557
[0x7ca045470c, 0xffffff8008082c0c], 288230359200369557
[0x7ca045470c, 0xffffff8008082c0c], 288230359200369557
[0x7ca045470c, 0xffffff8008082c0c], 288230359200369557
[0x7ca045470c, 0xffffff8008082c0c], 288230359200369557
[0x7ca045470c, 0xffffff8008082c0c], 288230359200369557
[0x7ca045470c, 0xffffff8008082c0c], 288230359200369557
[0x7ca045470c, 0xffffff8008082c0c], 288230359200369557
[0x7ca045470c, 0xffffff8008082c0c], 288230359200369557
[0x7ca045470c, 0xffffff8008082c0c], 288230359200369557
[0x7ca045470c, 0xffffff8008082c0c], 288230359200369557
[0x7ca045470c, 0xffffff8008082c0c], 288230359200369557
[0x7ca045470c, 0xffffff8008082c0c], 288230359200369557
[0x7ca045470c, 0xffffff8008082c0c], 288230359200369557
[0x7ca045470c, 0xffffff8008082c0c], 288230359200369557
[0x7ca045470c, 0xffffff8008082c0c], 288230359200369557
[0x7ca045470c, 0xffffff8008082c0c], 288230359200369557
[0x7ca045470c, 0xffffff8008082c0c], 288230359200369557
[0x7ca045470c, 0xffffff8008082c0c], 288230359200369557
[0x7ca045470c, 0xffffff8008082c0c], 288230359200369557
[0x7ca045470c, 0xffffff8008082c0c], 288230359200369557
[0x7ca045470c, 0xffffff8008082c0c], 288230359200369557
[0x7ca045470c, 0xffffff8008082c0c], 288230359200369557
[0x7ca045470c, 0xffffff8008082c0c], 288230359200369557
[0x7ca045470c, 0xffffff8008082c0c], 288230359200369557
[0x7ca045470c, 0xffffff8008082c0c], 288230359200369557
[0x7ca045470c, 0xffffff8008082c0c], 288230359200369557
[0x7ca045470c, 0xffffff8008082c0c], 288230359200369557
[0x7ca045470c, 0xffffff8008082c0c], 288230359200369557
[0x7ca045470c, 0xffffff8008082c0c], 288230359200369557
[0x7ca045470c, 0xffffff8008082c0c], 288230359200369557
[0x7ca045470c, 0xffffff8008082c0c], 288230359200369557
[0x7ca045470c, 0xffffff8008082c0c], 288230359200369557
[0x7ca045470c, 0xffffff8008082c0c], 288230359200369557
[0x7ca045470c, 0xffffff8008082c0c], 288230359200369557
[0x7ca045470c, 0xffffff8008082c0c], 288230359200369557
[0x7ca045470c, 0xffffff8008082c0c], 288230359200369557
[0x7ca045470c, 0xffffff8008082c0c], 288230359200369557
[0x7ca045470c, 0xffffff8008082c0c], 288230359200369557
[0x7ca045470c, 0xffffff8008082c0c], 288230359200369557
[0x7ca045470c, 0xffffff8008082c0c], 288230359200369557
[0x7ca045470c, 0xffffff8008082c0c], 288230359200369557
[0x7ca045470c, 0xffffff8008082c0c], 288230359200369557
[0x7ca045470c, 0xffffff8008082c0c], 288230359200369557
[0x7ca043d27c, 0xffffff8008082c0c], 288230359200371048
[0x7ca045470c, 0xffffff8008082c0c], 288230359200369557
[0x7ca045470c, 0xffffff8008082c0c], 288230359200369557
[0x7ca045470c, 0xffffff8008082c0c], 288230359200369557
[0x7ca045470c, 0xffffff8008082c0c], 288230359200369557
[0x7ca045470c, 0xffffff8008082c0c], 288230359200369557
[0x7ca045470c, 0xffffff8008082c0c], 288230359200369557
[0x7ca045470c, 0xffffff8008082c0c], 288230359200369557
[0x7ca045470c, 0xffffff8008082c0c], 288230359200369557
[0x7ca045470c, 0xffffff8008082c0c], 288230359200369557
[0x7ca045470c, 0xffffff8008082c0c], 288230359200369557
[0x7ca045470c, 0xffffff8008082c0c], 288230359200369557
[0x7ca045470c, 0xffffff8008082c0c], 288230359200369557
[0x7ca045470c, 0xffffff8008082c0c], 288230359200369557
[0x7ca045470c, 0xffffff8008082c0c], 288230359200369557
[0x7ca045470c, 0xffffff8008082c0c], 288230359200369557
[0x7ca045470c, 0xffffff8008082c0c], 288230359200369557
[0x7ca045470c, 0xffffff8008082c0c], 288230359200369557
[0x7ca045470c, 0xffffff8008082c0c], 288230359200369557
[0x7ca045470c, 0xffffff8008082c0c], 288230359200369557
[0x7ca045470c, 0xffffff8008082c0c], 288230359200369557
[0x7ca045470c, 0xffffff8008082c0c], 288230359200369557
[0x7ca045470c, 0xffffff8008082c0c], 288230359200369557
[0x7ca045470c, 0xffffff8008082c0c], 288230359200369557
[0x7ca045470c, 0xffffff8008082c0c], 288230359200369557
[0x7ca045470c, 0xffffff8008082c0c], 288230359200369557
[0x7ca045470c, 0xffffff8008082c0c], 288230359200369557
[0x7ca045470c, 0xffffff8008082c0c], 288230359200369557
[0x7ca045470c, 0xffffff8008082c0c], 288230359200369557
[0x7ca045470c, 0xffffff8008082c0c], 288230359200369557
[0x7ca045470c, 0xffffff8008082c0c], 288230359200369557
[0x7ca045470c, 0xffffff8008082c0c], 288230359200369557
[0x7ca045470c, 0xffffff8008082c0c], 288230359200369557
[0x7ca045470c, 0xffffff8008082c0c], 288230359200369557
[0x7ca045470c, 0xffffff8008082c0c], 288230359200369557
[0x7ca045470c, 0xffffff8008082c0c], 288230359200369557
[0x7ca045470c, 0xffffff8008082c0c], 288230359200369557
[0x7ca045470c, 0xffffff8008082c0c], 288230359200369557
[0x7ca045470c, 0xffffff8008082c0c], 288230359200369557
[0x7ca045470c, 0xffffff8008082c0c], 288230359200369557
[0x7ca045470c, 0xffffff8008082c0c], 288230359200369557
[0x7ca045470c, 0xffffff8008082c0c], 288230359200369557
[0x7ca045470c, 0xffffff8008082c0c], 288230359200369557
[0x7ca045470c, 0xffffff8008082c0c], 288230359200369557
[0x7ca045470c, 0xffffff8008082c0c], 288230359200369557
[0x7ca045470c, 0xffffff8008082c0c], 288230359200369557
[0x7ca045470c, 0xffffff8008082c0c], 288230359200369557
[0x7ca045470c, 0xffffff8008082c0c], 288230359200369557
[0x7ca045470c, 0xffffff8008082c0c], 288230359200369557
[0x7ca045470c, 0xffffff8008082c0c], 288230359200369557
[0x7ca045470c, 0xffffff8008082c0c], 288230359200369557
[0x7ca045470c, 0xffffff8008082c0c], 288230359200369557
[0x7ca045470c, 0xffffff8008082c0c], 288230359200369557
[0x7ca045470c, 0xffffff8008082c0c], 288230359200369557
[0x7ca045470c, 0xffffff8008082c0c], 288230359200369557
[0x7ca045470c, 0xffffff8008082c0c], 288230359200369557
[0x7ca045470c, 0xffffff8008082c0c], 288230359200369557
[0x7ca045470c, 0xffffff8008082c0c], 288230359200369557
[0x7ca045470c, 0xffffff8008082c0c], 288230359200369557
[0x7ca045470c, 0xffffff8008082c0c], 288230359200369557
[0x7ca045470c, 0xffffff8008082c0c], 288230359200369557
[0x7ca045470c, 0xffffff8008082c0c], 288230359200369557
[0x7ca045470c, 0xffffff8008082c0c], 288230359200369557
[0x7ca045470c, 0xffffff8008082c0c], 288230359200369557
[0x7ca043d27c, 0xffffff8008082c0c], 288230359200371048
[0x7ca045470c, 0xffffff8008082c0c], 288230359200369557
[0x7ca045470c, 0xffffff8008082c0c], 288230359200369557
[0x7ca045470c, 0xffffff8008082c0c], 288230359200369557
[0x7ca045470c, 0xffffff8008082c0c], 288230359200369557
[0x7ca045470c, 0xffffff8008082c0c], 288230359200369557
[0x7ca045470c, 0xffffff8008082c0c], 288230359200369557
[0x7ca045470c, 0xffffff8008082c0c], 288230359200369557
[0x7ca045470c, 0xffffff8008082c0c], 288230359200369557
[0x7ca045470c, 0xffffff8008082c0c], 288230359200369557
[0x7ca045470c, 0xffffff8008082c0c], 288230359200369557
[0x7ca045470c, 0xffffff8008082c0c], 288230359200369557
[0x7ca045470c, 0xffffff8008082c0c], 288230359200369557
[0x7ca045470c, 0xffffff8008082c0c], 288230359200369557
[0x7ca045470c, 0xffffff8008082c0c], 288230359200369557
[0x7ca045470c, 0xffffff8008082c0c], 288230359200369557
[0x7ca045470c, 0xffffff8008082c0c], 288230359200369557
[0x7ca045470c, 0xffffff8008082c0c], 288230359200369557
[0x7ca045470c, 0xffffff8008082c0c], 288230359200369557
[0x7ca045470c, 0xffffff8008082c0c], 288230359200369557
[0x7ca045470c, 0xffffff8008082c0c], 288230359200369557
[0x7ca0454728, 0xffffff8008082c0c], 288230359200369557
[0x7ca045470c, 0xffffff8008082c0c], 288230359200369557
[0x7ca045470c, 0xffffff8008082c0c], 288230359200369557
[0x7ca045470c, 0xffffff8008082c0c], 288230359200369557
[0x7ca045470c, 0xffffff8008082c0c], 288230359200369557
[0x7ca045470c, 0xffffff8008082c0c], 288230359200369557
[0x7ca045470c, 0xffffff8008082c0c], 288230359200369557
[0x7ca045470c, 0xffffff8008082c0c], 288230359200369557
[0x7ca045470c, 0xffffff8008082c0c], 288230359200369557
[0x7ca045470c, 0xffffff8008082c0c], 288230359200369557
[0x7ca045470c, 0xffffff8008082c0c], 288230359200369557
[0x7ca045470c, 0xffffff8008082c0c], 288230359200369557
[0x7ca045470c, 0xffffff8008082c0c], 288230359200369557
[0x7ca045470c, 0xffffff8008082c0c], 288230359200369557
[0x7ca045470c, 0xffffff8008082c0c], 288230359200369557
[0x7ca045470c, 0xffffff8008082c0c], 288230359200369557
[0x7ca045470c, 0xffffff8008082c0c], 288230359200369557
[0x7ca045470c, 0xffffff8008082c0c], 288230359200369557
[0x7ca045470c, 0xffffff8008082c0c], 288230359200369557
[0x7ca045470c, 0xffffff8008082c0c], 288230359200369557
[0x7ca045470c, 0xffffff8008082c0c], 288230359200369557
[0x7ca045470c, 0xffffff8008082c0c], 288230359200369557
[0x7ca045470c, 0xffffff8008082c0c], 288230359200369557
[0x7ca045470c, 0xffffff8008082c0c], 288230359200369557
[0x7ca045470c, 0xffffff8008082c0c], 288230359200369557
[0x7ca045470c, 0xffffff8008082c0c], 288230359200369557
[0x7ca045470c, 0xffffff8008082c0c], 288230359200369557
[0x7ca045470c, 0xffffff8008082c0c], 288230359200369557
[0x7ca045470c, 0xffffff8008082c0c], 288230359200369557
[0x7ca045470c, 0xffffff8008082c0c], 288230359200369557
[0x7ca045470c, 0xffffff8008082c0c], 288230359200369557
[0x7ca045470c, 0xffffff8008082c0c], 288230359200369557
[0x7ca045470c, 0xffffff8008082c0c], 288230359200369557
[0x7ca045470c, 0xffffff8008082c0c], 288230359200369557
[0x7ca045470c, 0xffffff8008082c0c], 288230359200369557
[0x7ca045470c, 0xffffff8008082c0c], 288230359200369557
[0x7ca045470c, 0xffffff8008082c0c], 288230359200369557
[0x7ca045470c, 0xffffff8008082c0c], 288230359200369557
[0x7ca045470c, 0xffffff8008082c0c], 288230359200369557
[0x7ca045470c, 0xffffff8008082c0c], 288230359200369557
[0x7ca045470c, 0xffffff8008082c0c], 288230359200369557
[0x7ca045470c, 0xffffff8008082c0c], 288230359200369557
[0x7ca045470c, 0xffffff8008082c0c], 288230359200369557
[0x7ca043d27c, 0xffffff8008082c0c], 288230359200371048
[0x7ca045470c, 0xffffff8008082c0c], 288230359200369557
[0x7ca045470c, 0xffffff8008082c0c], 288230359200369557
[0x7ca045470c, 0xffffff8008082c0c], 288230359200369557
[0x7ca045470c, 0xffffff8008082c0c], 288230359200369557
[0x7ca045470c, 0xffffff8008082c0c], 288230359200369557
[0x7ca045470c, 0xffffff8008082c0c], 288230359200369557
[0x7ca045470c, 0xffffff8008082c0c], 288230359200369557
[0x7ca045470c, 0xffffff8008082c0c], 288230359200369557
[0x7ca045470c, 0xffffff8008082c0c], 288230359200369557
[0x7ca045470c, 0xffffff8008082c0c], 288230359200369557
[0x7ca045470c, 0xffffff8008082c0c], 288230359200369557
[0x7ca045470c, 0xffffff8008082c0c], 288230359200369557
[0x7ca045470c, 0xffffff8008082c0c], 288230359200369557
[0x7ca045470c, 0xffffff8008082c0c], 288230359200369557
[0x7ca045470c, 0xffffff8008082c0c], 288230359200369557
[0x7ca045470c, 0xffffff8008082c0c], 288230359200369557
[0x7ca0454728, 0xffffff8008082c0c], 288230359200369557
[0x7ca045470c, 0xffffff8008082c0c], 288230359200369557
[0x7ca045470c, 0xffffff8008082c0c], 288230359200369557
[0x7ca045470c, 0xffffff8008082c0c], 288230359200369557
[0x7ca045470c, 0xffffff8008082c0c], 288230359200369557
[0x7ca0444b64, 0xffffff8008082c0c], 288230359200370564
[0x7ca0444b64, 0xffffff8008082c0c], 288230359200370564
[0x7ca045470c, 0xffffff8008082c0c], 288230359200369557
[0x7ca043d23c, 0xffffff8008082c0c], 288230359200371049
[0x7ca045470c, 0xffffff8008082c0c], 288230359200369557
[0x7ca045470c, 0xffffff8008082c0c], 288230359200369557
[0x7ca045470c, 0xffffff8008082c0c], 288230359200369557
[0x7ca045470c, 0xffffff8008082c0c], 288230359200369557
[0x7ca045470c, 0xffffff8008082c0c], 288230359200369557
[0x7ca045470c, 0xffffff8008082c0c], 288230359200369557
[0x7ca045470c, 0xffffff8008082c0c], 288230359200369557
[0x7ca043d27c, 0xffffff8008082c0c], 288230359200371048
[0x7ca045470c, 0xffffff8008082c0c], 288230359200369557
[0x7ca045470c, 0xffffff8008082c0c], 288230359200369557
[0x7ca0454728, 0xffffff8008082c0c], 288230359200369557
[0x7ca045470c, 0xffffff8008082c0c], 288230359200369557
[0x7ca045470c, 0xffffff8008082c0c], 288230359200369557
[0x7ca045470c, 0xffffff8008082c0c], 288230359200369557
[0x7ca043d27c, 0xffffff8008082c0c], 288230359200371048
[0x7ca045470c, 0xffffff8008082c0c], 288230359200369557
[0x7ca045470c, 0xffffff8008082c0c], 288230359200369557
[0x7ca045470c, 0xffffff8008082c0c], 288230359200369557
[0x7ca043d23c, 0xffffff8008082c0c], 288230359200371049
[0x7ca045470c, 0xffffff8008082c0c], 288230359200369557
[0x7ca045470c, 0xffffff8008082c0c], 288230359200369557
[0x7ca045470c, 0xffffff8008082c0c], 288230359200369557
[0x7ca045470c, 0xffffff8008082c0c], 288230359200369557
[0x7ca043d23c, 0xffffff8008082c0c], 288230359200371049
[0x7ca043d24c, 0xffffff8008082c0c], 288230359200371048
[0x7ca043d23c, 0xffffff8008082c0c], 288230359200371049
[0x7ca0444b64, 0xffffff8008082c0c], 288230359200370564
[0x7ca043d23c, 0xffffff8008082c0c], 288230359200371049
[0x7ca043d27c, 0xffffff8008082c0c], 288230359200371048
[0x7ca045470c, 0xffffff8008082c0c], 288230359200369557
[0x7ca043d23c, 0xffffff8008082c0c], 288230359200371049
[0x7ca0444b64, 0xffffff8008082c0c], 288230359200370564
[0x7ca045470c, 0xffffff8008082c0c], 288230359200369557
[0x7ca045470c, 0xffffff8008082c0c], 288230359200369557
[0x7ca045470c, 0xffffff8008082c0c], 288230359200369557
[0x7ca045470c, 0xffffff8008082c0c], 288230359200369557
[0x7ca0444b64, 0xffffff8008082c0c], 288230359200370564
[0x7ca043d3bc, 0xffffff8008082c0c], 288230359200371043
[0x7ca043d410, 0xffffff8008082c0c], 288230359200371041
[0x7ca043d410, 0xffffff8008082c0c], 288230359200371041
[0x7ca043d410, 0xffffff8008082c0c], 288230359200371041
[0x707d07e0, 0xffffff8008082c0c], 288230367534394514
[0x707d07f0, 0xffffff8008082c0c], 288230367534394514
[0x707d0828, 0xffffff8008082c0c], 288230367534394513
[0x707d0838, 0xffffff8008082c0c], 288230367534394513
[0x707cd10c, 0xffffff8008082c0c], 288230367534394733
[0x6ff7d4e0, 0xffffff8008082c0c], 288230367534530910
[0x70777250, 0xffffff8008082c0c], 288230367534400232
[0x70855c80, 0xffffff8008082c0c], 288230367534385983
[0x70855c9c, 0xffffff8008082c0c], 288230367534385983
[0x7ca14db080, 0xffffff8008082c0c], 288230359200098799
[0x7c1dd75010, 0xffffff8008082c0c], 288230359234560881
[0x7083ecd8, 0xffffff8008082c0c], 288230367534387454
[0x70762450, 0xffffff8008082c0c], 288230367534401568
[0x7ca14db080, 0xffffff8008082c0c], 288230359200098799
[0x7075fd10, 0xffffff8008082c0c], 288230367534401725
[0x700d7380, 0xffffff8008082c0c], 288230367534508771
[0x700d73a4, 0xffffff8008082c0c], 288230367534508771
[0x7083fa20, 0xffffff8008082c0c], 288230367534387401
[0xffffff8008176430, 0xffffff8008082a8c], 288230376151696155
[0x7ca4647618, 0xffffff8008082c0c], 288230359199289049
[0x7ca14da800, 0xffffff8008082c0c], 288230359200098833
[0x7ca14db660, 0xffffff8008082c0c], 288230359200098776
[0x7ca14db660, 0xffffff8008082c0c], 288230359200098776
[0x7ca4647618, 0xffffff8008082c0c], 288230359199289049
[0x7ca14da7c0, 0xffffff8008082c0c], 288230359200098834
[0x7ca14db080, 0xffffff8008082c0c], 288230359200098799
[0x7ca14da6c0, 0xffffff8008082c0c], 288230359200098838
[0x7ca4647618, 0xffffff8008082c0c], 288230359199289049
[0x7ca14da6c0, 0xffffff8008082c0c], 288230359200098838
[0x7c1dd75010, 0xffffff8008082c0c], 288230359234560881
[0x70ad3f90, 0xffffff8008082c0c], 288230367534345139
[0x7027309c, 0xffffff8008082c0c], 288230367534482415
[0x702730a4, 0xffffff8008082c0c], 288230367534482415
[0x70ad3ff4, 0xffffff8008082c0c], 288230367534345138
[0x6ff4c460, 0xffffff8008082c0c], 288230367534534048
[0x6ff4c46c, 0xffffff8008082c0c], 288230367534534048
[0x6ff4c504, 0xffffff8008082c0c], 288230367534534045
[0x708203e0, 0xffffff8008082c0c], 288230367534389410
[0x7c1dd75010, 0xffffff8008082c0c], 288230359234560881
[0x702731c4, 0xffffff8008082c0c], 288230367534482410
[0x70ad404c, 0xffffff8008082c0c], 288230367534345136
[0x6ff4bb30, 0xffffff8008082c0c], 288230367534534085
[0x7c1dd75010, 0xffffff8008082c0c], 288230359234560881
[0x70ad3058, 0xffffff8008082c0c], 288230367534345200
[0x70ad3064, 0xffffff8008082c0c], 288230367534345200
[0x7c1dd74f20, 0xffffff8008082c0c], 288230359234560885
[0x7c1dd6d77c, 0xffffff8008082c0c], 288230359234561364
[0x7c1dd75010, 0xffffff8008082c0c], 288230359234560881
[0x7c1dd75010, 0xffffff8008082c0c], 288230359234560881
[0x7ca14db080, 0xffffff8008082c0c], 288230359200098799
[0x70ad4504, 0xffffff8008082c0c], 288230367534345117
[0x70ad4520, 0xffffff8008082c0c], 288230367534345117
[0x7c1e1cbd38, 0xffffff8008082c0c], 288230359234489789
[0x7c1dd9e5dc, 0xffffff8008082c0c], 288230359234558234
[0x7c1ddb6aec, 0xffffff8008082c0c], 288230359234556678
[0x7c1e01fcf0, 0xffffff8008082c0c], 288230359234517182
[0x7c1e01fcb8, 0xffffff8008082c0c], 288230359234517183
[0x7c1dd76010, 0xffffff8008082c0c], 288230359234560817
[0x7c1dd7602c, 0xffffff8008082c0c], 288230359234560817
[0x70c68e00, 0xffffff8008082c0c], 288230367534319225
[0x7ca14da800, 0xffffff8008082c0c], 288230359200098833
[0x7ca148d220, 0xffffff8008082c0c], 288230359200103785
[0x7ca14da800, 0xffffff8008082c0c], 288230359200098833
[0x7ca148d220, 0xffffff8008082c0c], 288230359200103785
[0x7ca14da800, 0xffffff8008082c0c], 288230359200098833
[0x7083fe44, 0xffffff8008082c0c], 288230367534387384
[0x7ca0866564, 0xffffff8008082c0c], 288230359200302876
[0x707ee7fc, 0xffffff8008082c0c], 288230367534392594
[0x707ee820, 0xffffff8008082c0c], 288230367534392593
[0x707ee82c, 0xffffff8008082c0c], 288230367534392593
[0x7c1dd6d77c, 0xffffff8008082c0c], 288230359234561364
[0x70c48fb0, 0xffffff8008082c0c], 288230367534321267
[0x7083fee4, 0xffffff8008082c0c], 288230367534387382
[0x7c1dd75fec, 0xffffff8008082c0c], 288230359234560818
[0x7c1dd75ffc, 0xffffff8008082c0c], 288230359234560818
[0x7c1dd9e68c, 0xffffff8008082c0c], 288230359234558231
[0x7c1e01fcb8, 0xffffff8008082c0c], 288230359234517183
[0x7c1e01fcd0, 0xffffff8008082c0c], 288230359234517182
[0x7c1e01fcb8, 0xffffff8008082c0c], 288230359234517183
[0x7c1e01fcf0, 0xffffff8008082c0c], 288230359234517182
[0x7c1dd7acd0, 0xffffff8008082c0c], 288230359234560510
[0x7c1dd7602c, 0xffffff8008082c0c], 288230359234560817
[0x7ca14da800, 0xffffff8008082c0c], 288230359200098833
[0x7ca148d220, 0xffffff8008082c0c], 288230359200103785
[0x7ca14da800, 0xffffff8008082c0c], 288230359200098833
[0x7ca148d220, 0xffffff8008082c0c], 288230359200103785
[0x7ca14da800, 0xffffff8008082c0c], 288230359200098833
[0x7083ff0c, 0xffffff8008082c0c], 288230367534387381
[0x70a939e0, 0xffffff8008082c0c], 288230367534349258
[0x70a93d10, 0xffffff8008082c0c], 288230367534349245
[0x70a93d20, 0xffffff8008082c0c], 288230367534349245
[0x70ba8a70, 0xffffff8008082c0c], 288230367534331528
[0x70ba8aa4, 0xffffff8008082c0c], 288230367534331527
[0x70ca1660, 0xffffff8008082c0c], 288230367534315608
[0x70ca0aac, 0xffffff8008082c0c], 288230367534315655
[0x70ca0b1c, 0xffffff8008082c0c], 288230367534315653
[0x70ca16d8, 0xffffff8008082c0c], 288230367534315606
[0x70a93d90, 0xffffff8008082c0c], 288230367534349243
[0x6ff56e9c, 0xffffff8008082c0c], 288230367534533367
[0x708404e4, 0xffffff8008082c0c], 288230367534387358
[0x7085e840, 0xffffff8008082c0c], 288230367534385424
[0x6ffef0d8, 0xffffff8008082c0c], 288230367534523630
[0x7ca14db080, 0xffffff8008082c0c], 288230359200098799
[0x70acae34, 0xffffff8008082c0c], 288230367534345721
[0x7085eb84, 0xffffff8008082c0c], 288230367534385411
[0x7089c320, 0xffffff8008082c0c], 288230367534381477
[0x7c1dd75028, 0xffffff8008082c0c], 288230359234560881
[0x7089c35c, 0xffffff8008082c0c], 288230367534381476
[0x700660b8, 0xffffff8008082c0c], 288230367534516015
[0x700660fc, 0xffffff8008082c0c], 288230367534516014
[0x7ca4647618, 0xffffff8008082c0c], 288230359199289049
[0x7089c3f0, 0xffffff8008082c0c], 288230367534381474
[0x70865dc0, 0xffffff8008082c0c], 288230367534384954
[0x7000dd8c, 0xffffff8008082c0c], 288230367534521659
[0x7073af40, 0xffffff8008082c0c], 288230367534404084
[0x7c1dd8a074, 0xffffff8008082c0c], 288230359234559536
[0x7c1e01fcb8, 0xffffff8008082c0c], 288230359234517183
[0x7c1dd76010, 0xffffff8008082c0c], 288230359234560817
[0x7c1dd75010, 0xffffff8008082c0c], 288230359234560881
[0x70762240, 0xffffff8008082c0c], 288230367534401576
[0x701aff40, 0xffffff8008082c0c], 288230367534494900
[0x7c1dd75010, 0xffffff8008082c0c], 288230359234560881
[0x70760378, 0xffffff8008082c0c], 288230367534401700
[0x6ff62f1c, 0xffffff8008082c0c], 288230367534532597
[0x6ff62f44, 0xffffff8008082c0c], 288230367534532596
[0x70177f10, 0xffffff8008082c0c], 288230367534498485
[0x70178254, 0xffffff8008082c0c], 288230367534498472
[0x70178434, 0xffffff8008082c0c], 288230367534498465
[0x70288484, 0xffffff8008082c0c], 288230367534481055
[0x702871f0, 0xffffff8008082c0c], 288230367534481130
[0x7ca2b0af80, 0xffffff8008082c0c], 288230359199735283
[0x7ca2b134fc, 0xffffff8008082c0c], 288230359199734750
[0x7ca2b136a0, 0xffffff8008082c0c], 288230359199734743
[0x7ca2b136c0, 0xffffff8008082c0c], 288230359199734742
[0x70287260, 0xffffff8008082c0c], 288230367534481128
[0x70287260, 0xffffff8008082c0c], 288230367534481128
[0x702872f4, 0xffffff8008082c0c], 288230367534481126
[0x6ff60248, 0xffffff8008082c0c], 288230367534532776
[0x702873a4, 0xffffff8008082c0c], 288230367534481123
[0x7c1dd75010, 0xffffff8008082c0c], 288230359234560881
[0x6ff5dbd4, 0xffffff8008082c0c], 288230367534532930
[0x6ff5dbf0, 0xffffff8008082c0c], 288230367534532930
[0x7ca2b20c68, 0xffffff8008082c0c], 288230359199733888
[0x70760398, 0xffffff8008082c0c], 288230367534401699
[0x707603ac, 0xffffff8008082c0c], 288230367534401699
[0x7c1e01fcb8, 0xffffff8008082c0c], 288230359234517183
[0x7c1e01fcd0, 0xffffff8008082c0c], 288230359234517182
[0x7c1dd7ad4c, 0xffffff8008082c0c], 288230359234560508
[0x7c1dd76010, 0xffffff8008082c0c], 288230359234560817
[0x7c1dd7602c, 0xffffff8008082c0c], 288230359234560817
[0x7c1dd9e5dc, 0xffffff8008082c0c], 288230359234558234
[0x7c1ddd2a4c, 0xffffff8008082c0c], 288230359234554888
[0x7c1dd9e5dc, 0xffffff8008082c0c], 288230359234558234
[0x7c1dd75010, 0xffffff8008082c0c], 288230359234560881
[0x70ad1c58, 0xffffff8008082c0c], 288230367534345280
[0x707607c4, 0xffffff8008082c0c], 288230367534401682
[0x707607f4, 0xffffff8008082c0c], 288230367534401682
[0x70760818, 0xffffff8008082c0c], 288230367534401681
[0x7c1dd6d77c, 0xffffff8008082c0c], 288230359234561364
[0x70756618, 0xffffff8008082c0c], 288230367534402329
[0x702dd550, 0xffffff8008082c0c], 288230367534475612
[0x7c1dd75fec, 0xffffff8008082c0c], 288230359234560818
[0x7c1dd75ffc, 0xffffff8008082c0c], 288230359234560818
[0x6fff0c70, 0xffffff8008082c0c], 288230367534523520
[0x6fff0cf4, 0xffffff8008082c0c], 288230367534523518
[0x70002cd8, 0xffffff8008082c0c], 288230367534522366
[0x70002d24, 0xffffff8008082c0c], 288230367534522365
[0x7ca14dae20, 0xffffff8008082c0c], 288230359200098809
[0x7ca14dae20, 0xffffff8008082c0c], 288230359200098809
[0x7ca14dae20, 0xffffff8008082c0c], 288230359200098809
[0x7ca14dae20, 0xffffff8008082c0c], 288230359200098809
[0x7ca14dae20, 0xffffff8008082c0c], 288230359200098809
[0x7ca14da520, 0xffffff8008082c0c], 288230359200098845
[0x7ca148c1c0, 0xffffff8008082c0c], 288230359200103850
[0x7ca148c140, 0xffffff8008082c0c], 288230359200103852
[0x7ca14dae20, 0xffffff8008082c0c], 288230359200098809
[0x7ca14dae20, 0xffffff8008082c0c], 288230359200098809
[0x7ca14dae20, 0xffffff8008082c0c], 288230359200098809
[0x7ca14dae20, 0xffffff8008082c0c], 288230359200098809
[0x7c9ff1c098, 0xffffff8008082c0c], 288230359200455087
[0x7c9ff1c260, 0xffffff8008082c0c], 288230359200455080
[0x7ca4693c90, 0xffffff8008082c0c], 288230359199284159
[0x7ca4680b2c, 0xffffff8008082c0c], 288230359199285381
[0x7ca4680b2c, 0xffffff8008082c0c], 288230359199285381
[0x7ca4680b2c, 0xffffff8008082c0c], 288230359199285381
[0x7ca4680b2c, 0xffffff8008082c0c], 288230359199285381
[0x7ca4680b2c, 0xffffff8008082c0c], 288230359199285381
[0x7ca4680b2c, 0xffffff8008082c0c], 288230359199285381
[0x7ca4680b2c, 0xffffff8008082c0c], 288230359199285381
[0x7ca4680b2c, 0xffffff8008082c0c], 288230359199285381
[0x7ca4680b2c, 0xffffff8008082c0c], 288230359199285381
[0x7ca4680b2c, 0xffffff8008082c0c], 288230359199285381
[0x7ca4680b2c, 0xffffff8008082c0c], 288230359199285381
[0x7ca4680b2c, 0xffffff8008082c0c], 288230359199285381
[0x7ca4680b2c, 0xffffff8008082c0c], 288230359199285381
[0x7ca4680b2c, 0xffffff8008082c0c], 288230359199285381
[0x7ca4680b2c, 0xffffff8008082c0c], 288230359199285381
[0x7ca4680b2c, 0xffffff8008082c0c], 288230359199285381
[0x7ca4680b2c, 0xffffff8008082c0c], 288230359199285381
[0x7ca4680b2c, 0xffffff8008082c0c], 288230359199285381
[0x7ca4680b2c, 0xffffff8008082c0c], 288230359199285381
[0x7ca4680b2c, 0xffffff8008082c0c], 288230359199285381
[0x7ca4680b2c, 0xffffff8008082c0c], 288230359199285381
[0x7ca4680b2c, 0xffffff8008082c0c], 288230359199285381
[0x7ca4680b2c, 0xffffff8008082c0c], 288230359199285381
[0x7ca4680b2c, 0xffffff8008082c0c], 288230359199285381
[0x7ca4680b2c, 0xffffff8008082c0c], 288230359199285381
[0x7ca4680b2c, 0xffffff8008082c0c], 288230359199285381
[0x7ca4680b2c, 0xffffff8008082c0c], 288230359199285381
[0x7ca4680b2c, 0xffffff8008082c0c], 288230359199285381
[0x7ca4680b2c, 0xffffff8008082c0c], 288230359199285381
[0x7ca4680b2c, 0xffffff8008082c0c], 288230359199285381
[0x7ca4680b2c, 0xffffff8008082c0c], 288230359199285381
[0x7ca4680b2c, 0xffffff8008082c0c], 288230359199285381
[0x7ca14bab00, 0xffffff8008082c0c], 288230359200100869
[0x7ca14dae20, 0xffffff8008082c0c], 288230359200098809
[0x7ca14dae20, 0xffffff8008082c0c], 288230359200098809
[0x7ca14dae20, 0xffffff8008082c0c], 288230359200098809
[0x7ca14dae20, 0xffffff8008082c0c], 288230359200098809
[0x7ca14dae20, 0xffffff8008082c0c], 288230359200098809
[0x7ca14dae20, 0xffffff8008082c0c], 288230359200098809
[0x7ca46800c0, 0xffffff8008082c0c], 288230359199285422
[0x7ca473dd00, 0xffffff8008082c0c], 288230359199273277
[0x7ca473dd00, 0xffffff8008082c0c], 288230359199273277
[0x7ca4723b00, 0xffffff8008082c0c], 288230359199274949
[0x7ca46f14ec, 0xffffff8008082c0c], 288230359199278174
[0x7ca4727104, 0xffffff8008082c0c], 288230359199274733
[0x7ca4727138, 0xffffff8008082c0c], 288230359199274733
[0x7ca472719c, 0xffffff8008082c0c], 288230359199274731
[0x7ca47271b0, 0xffffff8008082c0c], 288230359199274731
[0x7ca47279d8, 0xffffff8008082c0c], 288230359199274698
[0x7ca4727a1c, 0xffffff8008082c0c], 288230359199274697
[0x7ca472c3c0, 0xffffff8008082c0c], 288230359199274402
[0x7ca4727104, 0xffffff8008082c0c], 288230359199274733
[0x7ca4727138, 0xffffff8008082c0c], 288230359199274733
[0x7ca472625c, 0xffffff8008082c0c], 288230359199274792
[0x7ca46841d8, 0xffffff8008082c0c], 288230359199285162
[0x7ca473dca0, 0xffffff8008082c0c], 288230359199273279
[0x7ca473dca0, 0xffffff8008082c0c], 288230359199273279
[0x7ca468debc, 0xffffff8008082c0c], 288230359199284535
[0x7ca473dca0, 0xffffff8008082c0c], 288230359199273279
[0x7ca468debc, 0xffffff8008082c0c], 288230359199284535
[0x7ca473dca0, 0xffffff8008082c0c], 288230359199273279
[0x7ca468debc, 0xffffff8008082c0c], 288230359199284535
[0x7ca473dc80, 0xffffff8008082c0c], 288230359199273279
[0x7ca473dd00, 0xffffff8008082c0c], 288230359199273277
[0x7ca468dd64, 0xffffff8008082c0c], 288230359199284540
[0x7ca4727104, 0xffffff8008082c0c], 288230359199274733
[0x7ca4727138, 0xffffff8008082c0c], 288230359199274733
[0x7ca4689c54, 0xffffff8008082c0c], 288230359199284800
[0x7ca473d940, 0xffffff8008082c0c], 288230359199273292
[0x7ca473dc80, 0xffffff8008082c0c], 288230359199273279
[0x7ca473dd00, 0xffffff8008082c0c], 288230359199273277
[0x7ca47274ac, 0xffffff8008082c0c], 288230359199274719
[0x7ca47264d0, 0xffffff8008082c0c], 288230359199274782
[0x7ca473dc80, 0xffffff8008082c0c], 288230359199273279
[0x7ca473dd00, 0xffffff8008082c0c], 288230359199273277
[0x7ca47274ac, 0xffffff8008082c0c], 288230359199274719
[0x7ca47264d0, 0xffffff8008082c0c], 288230359199274782
[0x7ca473dd80, 0xffffff8008082c0c], 288230359199273275
[0x7ca473dcc0, 0xffffff8008082c0c], 288230359199273278
[0x7ca473dcc0, 0xffffff8008082c0c], 288230359199273278
[0x7ca473db00, 0xffffff8008082c0c], 288230359199273285
[0x7ca473d8a0, 0xffffff8008082c0c], 288230359199273295
[0x7ca469a6a4, 0xffffff8008082c0c], 288230359199283735
[0x7ca47269f0, 0xffffff8008082c0c], 288230359199274762
[0x7ca47269f0, 0xffffff8008082c0c], 288230359199274762
[0x7ca468a3c0, 0xffffff8008082c0c], 288230359199284770
[0x7ca4727104, 0xffffff8008082c0c], 288230359199274733
[0x7ca4727138, 0xffffff8008082c0c], 288230359199274733
[0x7ca473d940, 0xffffff8008082c0c], 288230359199273292
[0x7ca473dc80, 0xffffff8008082c0c], 288230359199273279
[0x7ca473dd00, 0xffffff8008082c0c], 288230359199273277
[0x7ca47274ac, 0xffffff8008082c0c], 288230359199274719
[0x7ca47264d0, 0xffffff8008082c0c], 288230359199274782
[0x7ca473dc80, 0xffffff8008082c0c], 288230359199273279
[0x7ca473dd00, 0xffffff8008082c0c], 288230359199273277
[0x7ca47274ac, 0xffffff8008082c0c], 288230359199274719
[0x7ca47264d0, 0xffffff8008082c0c], 288230359199274782
[0x7ca473dd80, 0xffffff8008082c0c], 288230359199273275
[0x7ca473dcc0, 0xffffff8008082c0c], 288230359199273278
[0x7ca473dcc0, 0xffffff8008082c0c], 288230359199273278
[0x7ca473d7a0, 0xffffff8008082c0c], 288230359199273299
[0x7ca473db00, 0xffffff8008082c0c], 288230359199273285
[0x7ca473d8a0, 0xffffff8008082c0c], 288230359199273295
[0x7ca468dda0, 0xffffff8008082c0c], 288230359199284539
[0x7ca4735654, 0xffffff8008082c0c], 288230359199273816
[0x7ca473dbe0, 0xffffff8008082c0c], 288230359199273282
[0x7ca4699694, 0xffffff8008082c0c], 288230359199283799
[0x7ca4727104, 0xffffff8008082c0c], 288230359199274733
[0x7ca4727118, 0xffffff8008082c0c], 288230359199274733
[0x7ca46999fc, 0xffffff8008082c0c], 288230359199283786
[0x7ca468dd94, 0xffffff8008082c0c], 288230359199284539
[0x7ca4726414, 0xffffff8008082c0c], 288230359199274785
[0x7ca4727104, 0xffffff8008082c0c], 288230359199274733
[0x7ca4727138, 0xffffff8008082c0c], 288230359199274733
[0x7ca473dd20, 0xffffff8008082c0c], 288230359199273277
[0x7ca473dc80, 0xffffff8008082c0c], 288230359199273279
[0x7ca473dc80, 0xffffff8008082c0c], 288230359199273279
[0x7ca469695c, 0xffffff8008082c0c], 288230359199283980
[0x7ca4696998, 0xffffff8008082c0c], 288230359199283979
[0x7ca473dc80, 0xffffff8008082c0c], 288230359199273279
[0x7ca473dc80, 0xffffff8008082c0c], 288230359199273279
[0x7ca468b11c, 0xffffff8008082c0c], 288230359199284717
[0x7ca473dc80, 0xffffff8008082c0c], 288230359199273279
[0x7ca473dcc0, 0xffffff8008082c0c], 288230359199273278
[0x7ca473dcc0, 0xffffff8008082c0c], 288230359199273278
[0x7ca473dc80, 0xffffff8008082c0c], 288230359199273279
[0x7ca473dc80, 0xffffff8008082c0c], 288230359199273279
[0x7ca473dd00, 0xffffff8008082c0c], 288230359199273277
[0x7ca473dc80, 0xffffff8008082c0c], 288230359199273279
[0x7ca473dc80, 0xffffff8008082c0c], 288230359199273279
[0x7ca4726444, 0xffffff8008082c0c], 288230359199274784
[0x7ca4697cb4, 0xffffff8008082c0c], 288230359199283903
[0x7ca4682ae8, 0xffffff8008082c0c], 288230359199285254
[0x7ca468dd94, 0xffffff8008082c0c], 288230359199284539
[0x7ca4726414, 0xffffff8008082c0c], 288230359199274785
[0x7ca4695414, 0xffffff8008082c0c], 288230359199284065
[0x7ca4695414, 0xffffff8008082c0c], 288230359199284065
[0x7ca4695414, 0xffffff8008082c0c], 288230359199284065
[0x7ca4695414, 0xffffff8008082c0c], 288230359199284065
[0x7ca4695414, 0xffffff8008082c0c], 288230359199284065
[0x7ca4695414, 0xffffff8008082c0c], 288230359199284065
[0x7ca4695414, 0xffffff8008082c0c], 288230359199284065
[0x7ca4695414, 0xffffff8008082c0c], 288230359199284065
[0x7ca4695414, 0xffffff8008082c0c], 288230359199284065
[0x7ca4695414, 0xffffff8008082c0c], 288230359199284065
[0x7ca4695414, 0xffffff8008082c0c], 288230359199284065
[0x7ca4695414, 0xffffff8008082c0c], 288230359199284065
[0x7ca4695414, 0xffffff8008082c0c], 288230359199284065
[0x7ca4695414, 0xffffff8008082c0c], 288230359199284065
[0x7ca4695414, 0xffffff8008082c0c], 288230359199284065
[0x7ca4695414, 0xffffff8008082c0c], 288230359199284065
[0x7ca468e380, 0xffffff8008082c0c], 288230359199284515
[0x7ca473dc80, 0xffffff8008082c0c], 288230359199273279
[0x7ca4726320, 0xffffff8008082c0c], 288230359199274789
[0x7ca4726328, 0xffffff8008082c0c], 288230359199274789
[0x7ca473dca0, 0xffffff8008082c0c], 288230359199273279
[0x7ca473d800, 0xffffff8008082c0c], 288230359199273297
[0x7ca473dd00, 0xffffff8008082c0c], 288230359199273277
[0x7ca473d7a0, 0xffffff8008082c0c], 288230359199273299
[0x7ca473dcc0, 0xffffff8008082c0c], 288230359199273278
[0x7ca473dcc0, 0xffffff8008082c0c], 288230359199273278
[0x7ca473dcc0, 0xffffff8008082c0c], 288230359199273278
[0x7ca473dcc0, 0xffffff8008082c0c], 288230359199273278
[0x7ca473dca0, 0xffffff8008082c0c], 288230359199273279
[0x7ca473dca0, 0xffffff8008082c0c], 288230359199273279
[0x7ca473dca0, 0xffffff8008082c0c], 288230359199273279
[0x7ca473dca0, 0xffffff8008082c0c], 288230359199273279
[0x7ca473dcc0, 0xffffff8008082c0c], 288230359199273278
[0x7ca473dd00, 0xffffff8008082c0c], 288230359199273277
[0x7ca473dd00, 0xffffff8008082c0c], 288230359199273277
[0x7ca473dd00, 0xffffff8008082c0c], 288230359199273277
[0x7ca473dd00, 0xffffff8008082c0c], 288230359199273277
[0x7ca473dd00, 0xffffff8008082c0c], 288230359199273277
[0x7ca473dd00, 0xffffff8008082c0c], 288230359199273277
[0x7c1e07a87c, 0xffffff8008082c0c], 288230359234511376
[0x7ca14dae20, 0xffffff8008082c0c], 288230359200098809
[0x7ca14da820, 0xffffff8008082c0c], 288230359200098833
[0x7ca14dae00, 0xffffff8008082c0c], 288230359200098809
[0x7ca14db340, 0xffffff8008082c0c], 288230359200098788
[0x7c1e14f964, 0xffffff8008082c0c], 288230359234497740
[0x7ca14da500, 0xffffff8008082c0c], 288230359200098845
[0x7ca300e04c, 0xffffff8008082c0c], 288230359199653168
[0x7ca14da820, 0xffffff8008082c0c], 288230359200098833
[0x7ca14db5a0, 0xffffff8008082c0c], 288230359200098779
[0x7ca14db240, 0xffffff8008082c0c], 288230359200098792
[0x7ca31ad1b8, 0xffffff8008082c0c], 288230359199626603
[0x7ca14db240, 0xffffff8008082c0c], 288230359200098792
[0x7ca148c3c4, 0xffffff8008082c0c], 288230359200103842
[0x7ca148c440, 0xffffff8008082c0c], 288230359200103840
[0x7ca148c440, 0xffffff8008082c0c], 288230359200103840
[0x7ca148c440, 0xffffff8008082c0c], 288230359200103840
[0x7ca148c440, 0xffffff8008082c0c], 288230359200103840
[0x7ca148c440, 0xffffff8008082c0c], 288230359200103840
[0x7ca148c440, 0xffffff8008082c0c], 288230359200103840
[0x7ca148c440, 0xffffff8008082c0c], 288230359200103840
[0x7ca148c440, 0xffffff8008082c0c], 288230359200103840
[0x7ca148c440, 0xffffff8008082c0c], 288230359200103840
[0x7ca148c440, 0xffffff8008082c0c], 288230359200103840
[0x7ca148c440, 0xffffff8008082c0c], 288230359200103840
[0x7ca148c440, 0xffffff8008082c0c], 288230359200103840
[0x7ca148c440, 0xffffff8008082c0c], 288230359200103840
[0x7ca148c440, 0xffffff8008082c0c], 288230359200103840
[0x7ca148c440, 0xffffff8008082c0c], 288230359200103840
[0x7ca148c440, 0xffffff8008082c0c], 288230359200103840
[0x7ca14db4a0, 0xffffff8008082c0c], 288230359200098783
[0x7ca14db340, 0xffffff8008082c0c], 288230359200098788
[0x7ca148c3c4, 0xffffff8008082c0c], 288230359200103842
[0x7ca148c440, 0xffffff8008082c0c], 288230359200103840
[0x7ca31ad558, 0xffffff8008082c0c], 288230359199626588
[0x7ca14db4a0, 0xffffff8008082c0c], 288230359200098783
[0x7ca14dad80, 0xffffff8008082c0c], 288230359200098811
[0x7ca14dad80, 0xffffff8008082c0c], 288230359200098811
[0x7ca14db4a0, 0xffffff8008082c0c], 288230359200098783
[0x7ca14db4a0, 0xffffff8008082c0c], 288230359200098783
[0x7ca14db340, 0xffffff8008082c0c], 288230359200098788
[0x7ca302a33c, 0xffffff8008082c0c], 288230359199651365
[0x7ca30129e8, 0xffffff8008082c0c], 288230359199652874
[0x7ca3012de8, 0xffffff8008082c0c], 288230359199652858
[0x7ca14db380, 0xffffff8008082c0c], 288230359200098787
[0x7ca14da500, 0xffffff8008082c0c], 288230359200098845
[0x7ca14db400, 0xffffff8008082c0c], 288230359200098785
[0x7ca14dae20, 0xffffff8008082c0c], 288230359200098809
[0x7ca14dae20, 0xffffff8008082c0c], 288230359200098809
[0x7ca14dae20, 0xffffff8008082c0c], 288230359200098809
[0x7ca14dae20, 0xffffff8008082c0c], 288230359200098809
[0x7ca14da820, 0xffffff8008082c0c], 288230359200098833
[0x7ca14db5a0, 0xffffff8008082c0c], 288230359200098779
[0x7ca14db240, 0xffffff8008082c0c], 288230359200098792
[0x7ca14db240, 0xffffff8008082c0c], 288230359200098792
[0x7ca14db4a0, 0xffffff8008082c0c], 288230359200098783
[0x7ca14db340, 0xffffff8008082c0c], 288230359200098788
[0x7ca31ad558, 0xffffff8008082c0c], 288230359199626588
[0x7ca14db4a0, 0xffffff8008082c0c], 288230359200098783
[0x7ca14dad80, 0xffffff8008082c0c], 288230359200098811
[0x7ca14dad80, 0xffffff8008082c0c], 288230359200098811
[0x7ca14db4a0, 0xffffff8008082c0c], 288230359200098783
[0x7ca14db4a0, 0xffffff8008082c0c], 288230359200098783
[0x7ca14da500, 0xffffff8008082c0c], 288230359200098845
[0x7ca14db400, 0xffffff8008082c0c], 288230359200098785
[0x7c1dea4998, 0xffffff8008082c0c], 288230359234541451
[0x7ca14dae20, 0xffffff8008082c0c], 288230359200098809
[0x7ca14dae20, 0xffffff8008082c0c], 288230359200098809
[0x7ca14dae20, 0xffffff8008082c0c], 288230359200098809
[0x7ca14dae20, 0xffffff8008082c0c], 288230359200098809
[0x7ca14da820, 0xffffff8008082c0c], 288230359200098833
[0x7ca14db5a0, 0xffffff8008082c0c], 288230359200098779
[0x7ca14da500, 0xffffff8008082c0c], 288230359200098845
[0x7ca4647618, 0xffffff8008082c0c], 288230359199289049
[0x7ca14db080, 0xffffff8008082c0c], 288230359200098799
[0x7ca14dbe20, 0xffffff8008082c0c], 288230359200098745
[0x7ca4647618, 0xffffff8008082c0c], 288230359199289049
[0x7ca14da820, 0xffffff8008082c0c], 288230359200098833
[0x7ca4647618, 0xffffff8008082c0c], 288230359199289049
[0x7ca14dae20, 0xffffff8008082c0c], 288230359200098809
[0x7ca14dae20, 0xffffff8008082c0c], 288230359200098809
[0x7ca14dae20, 0xffffff8008082c0c], 288230359200098809
[0x7ca14dae20, 0xffffff8008082c0c], 288230359200098809
[0x7ca14dae20, 0xffffff8008082c0c], 288230359200098809
[0x7ca14dae20, 0xffffff8008082c0c], 288230359200098809
[0x7c1e030830, 0xffffff8008082c0c], 288230359234516113
[0x7c1dd75fec, 0xffffff8008082c0c], 288230359234560818
[0x7c1dd75ffc, 0xffffff8008082c0c], 288230359234560818
[0x7c1dd7602c, 0xffffff8008082c0c], 288230359234560817
[0x7075004c, 0xffffff8008082c0c], 288230367534402736
[0x7c1dd7602c, 0xffffff8008082c0c], 288230359234560817
[0x7c1791a410, 0xffffff8008082c0c], 288230359236205089
[0x7ca14dae20, 0xffffff8008082c0c], 288230359200098809
[0x7c179125f0, 0xffffff8008082c0c], 288230359236205594
[0x7c1dfbaec8, 0xffffff8008082c0c], 288230359234523638
[0x7c1e0e061c, 0xffffff8008082c0c], 288230359234504857
[0x7c1dfbaec8, 0xffffff8008082c0c], 288230359234523638
[0x7c1e0e061c, 0xffffff8008082c0c], 288230359234504857
[0x702761d4, 0xffffff8008082c0c], 288230367534482218
[0x7ca14dae20, 0xffffff8008082c0c], 288230359200098809
[0x7ca14dae20, 0xffffff8008082c0c], 288230359200098809
[0x7ca14dae20, 0xffffff8008082c0c], 288230359200098809
[0x7ca14dae20, 0xffffff8008082c0c], 288230359200098809
[0x7c1dd75010, 0xffffff8008082c0c], 288230359234560881
[0x7ca14dae20, 0xffffff8008082c0c], 288230359200098809
[0x7ca14dae20, 0xffffff8008082c0c], 288230359200098809
[0x7ca14dae20, 0xffffff8008082c0c], 288230359200098809
[0x7ca14dae20, 0xffffff8008082c0c], 288230359200098809
[0x7ca14dae20, 0xffffff8008082c0c], 288230359200098809
[0x70275fcc, 0xffffff8008082c0c], 288230367534482226
[0x7c1e01dfa0, 0xffffff8008082c0c], 288230359234517299
[0x7c1dd9e5dc, 0xffffff8008082c0c], 288230359234558234
[0x7c1dd9e5dc, 0xffffff8008082c0c], 288230359234558234
[0x7c1dd9e68c, 0xffffff8008082c0c], 288230359234558231
[0x7ca08ef464, 0xffffff8008082c0c], 288230359200294112
[0x7c9ffebc4c, 0xffffff8008082c0c], 288230359200441792
[0x7c9fff8570, 0xffffff8008082c0c], 288230359200440988
[0x7ca14efb10, 0xffffff8008082c0c], 288230359200097477
[0x7ca14efb34, 0xffffff8008082c0c], 288230359200097477
[0x7c9ffeee40, 0xffffff8008082c0c], 288230359200441592
[0x7c9ffeee20, 0xffffff8008082c0c], 288230359200441593
[0x7c9f8bbe44, 0xffffff8008082c0c], 288230359200559544
[0x7c9f8bbe44, 0xffffff8008082c0c], 288230359200559544
[0x7ca473dca0, 0xffffff8008082c0c], 288230359199273279
[0x7ca473dca0, 0xffffff8008082c0c], 288230359199273279
[0x7ca473dca0, 0xffffff8008082c0c], 288230359199273279
[0x7ca473dca0, 0xffffff8008082c0c], 288230359199273279
[0x7ca46a0e78, 0xffffff8008082c0c], 288230359199283320
[0x7ca473db20, 0xffffff8008082c0c], 288230359199273285
[0x7ca473db20, 0xffffff8008082c0c], 288230359199273285
[0x7ca473db20, 0xffffff8008082c0c], 288230359199273285
[0x7ca473db20, 0xffffff8008082c0c], 288230359199273285
[0x7ca473db20, 0xffffff8008082c0c], 288230359199273285
[0x7ca473db20, 0xffffff8008082c0c], 288230359199273285
[0x7ca473db20, 0xffffff8008082c0c], 288230359199273285
[0x7ca473db20, 0xffffff8008082c0c], 288230359199273285
[0x7ca473db20, 0xffffff8008082c0c], 288230359199273285
[0x7ca473db20, 0xffffff8008082c0c], 288230359199273285
[0x7ca473db20, 0xffffff8008082c0c], 288230359199273285
[0x7ca473db20, 0xffffff8008082c0c], 288230359199273285
[0x7ca473db20, 0xffffff8008082c0c], 288230359199273285
[0x7ca473db20, 0xffffff8008082c0c], 288230359199273285
[0x7ca473db20, 0xffffff8008082c0c], 288230359199273285
[0x7ca473db20, 0xffffff8008082c0c], 288230359199273285
[0x7ca468dda0, 0xffffff8008082c0c], 288230359199284539
[0x7ca4726414, 0xffffff8008082c0c], 288230359199274785
[0x7ca468dd94, 0xffffff8008082c0c], 288230359199284539
[0x7ca468dda0, 0xffffff8008082c0c], 288230359199284539
[0x7ca469946c, 0xffffff8008082c0c], 288230359199283808
[0x7ca4699480, 0xffffff8008082c0c], 288230359199283807
[0x7ca4727104, 0xffffff8008082c0c], 288230359199274733
[0x7ca4727138, 0xffffff8008082c0c], 288230359199274733
[0x7ca47072a4, 0xffffff8008082c0c], 288230359199276775
[0x7ca47072b8, 0xffffff8008082c0c], 288230359199276775
[0x7ca472719c, 0xffffff8008082c0c], 288230359199274731
[0x7ca472719c, 0xffffff8008082c0c], 288230359199274731
[0x7ca472719c, 0xffffff8008082c0c], 288230359199274731
[0x7ca472719c, 0xffffff8008082c0c], 288230359199274731
[0x7ca473dca0, 0xffffff8008082c0c], 288230359199273279
[0x7ca473dca0, 0xffffff8008082c0c], 288230359199273279
[0x7ca473dca0, 0xffffff8008082c0c], 288230359199273279
[0x7ca473dca0, 0xffffff8008082c0c], 288230359199273279
[0x7c1dfb0d78, 0xffffff8008082c0c], 288230359234524284
[0x7c1dfb3fb8, 0xffffff8008082c0c], 288230359234524083
[0x7c9ffee774, 0xffffff8008082c0c], 288230359200441620
[0x7ca473dca0, 0xffffff8008082c0c], 288230359199273279
[0x7ca473dca0, 0xffffff8008082c0c], 288230359199273279
[0x7ca473dca0, 0xffffff8008082c0c], 288230359199273279
[0x7ca473dca0, 0xffffff8008082c0c], 288230359199273279
[0x7ca473db20, 0xffffff8008082c0c], 288230359199273285
[0x7ca473db20, 0xffffff8008082c0c], 288230359199273285
[0x7ca473db20, 0xffffff8008082c0c], 288230359199273285
[0x7ca473db20, 0xffffff8008082c0c], 288230359199273285
[0x7ca473db20, 0xffffff8008082c0c], 288230359199273285
[0x7ca473db20, 0xffffff8008082c0c], 288230359199273285
[0x7ca473db20, 0xffffff8008082c0c], 288230359199273285
[0x7ca473db20, 0xffffff8008082c0c], 288230359199273285
[0x7ca473db20, 0xffffff8008082c0c], 288230359199273285
[0x7ca473db20, 0xffffff8008082c0c], 288230359199273285
[0x7ca473db20, 0xffffff8008082c0c], 288230359199273285
[0x7ca473db20, 0xffffff8008082c0c], 288230359199273285
[0x7ca473db20, 0xffffff8008082c0c], 288230359199273285
[0x7ca473db20, 0xffffff8008082c0c], 288230359199273285
[0x7ca473db20, 0xffffff8008082c0c], 288230359199273285
[0x7ca473db20, 0xffffff8008082c0c], 288230359199273285
[0x7ca473db20, 0xffffff8008082c0c], 288230359199273285
[0x7ca473db20, 0xffffff8008082c0c], 288230359199273285
[0x7ca473db20, 0xffffff8008082c0c], 288230359199273285
[0x7ca473db20, 0xffffff8008082c0c], 288230359199273285
[0x7ca473db20, 0xffffff8008082c0c], 288230359199273285
[0x7ca473db20, 0xffffff8008082c0c], 288230359199273285
[0x7ca473db20, 0xffffff8008082c0c], 288230359199273285
[0x7ca473db20, 0xffffff8008082c0c], 288230359199273285
[0x7ca473dd80, 0xffffff8008082c0c], 288230359199273275
[0x7ca473db20, 0xffffff8008082c0c], 288230359199273285
[0x7ca473db20, 0xffffff8008082c0c], 288230359199273285
[0x7ca473db20, 0xffffff8008082c0c], 288230359199273285
[0x7ca473db20, 0xffffff8008082c0c], 288230359199273285
[0x7ca473db20, 0xffffff8008082c0c], 288230359199273285
[0x7ca473db20, 0xffffff8008082c0c], 288230359199273285
[0x7ca473db20, 0xffffff8008082c0c], 288230359199273285
[0x7ca473db20, 0xffffff8008082c0c], 288230359199273285
[0x7ca473db20, 0xffffff8008082c0c], 288230359199273285
[0x7ca473db20, 0xffffff8008082c0c], 288230359199273285
[0x7ca473db20, 0xffffff8008082c0c], 288230359199273285
[0x7ca473db20, 0xffffff8008082c0c], 288230359199273285
[0x7ca473db20, 0xffffff8008082c0c], 288230359199273285
[0x7ca473db20, 0xffffff8008082c0c], 288230359199273285
[0x7ca473db20, 0xffffff8008082c0c], 288230359199273285
[0x7ca473db20, 0xffffff8008082c0c], 288230359199273285
[0x7ca473db20, 0xffffff8008082c0c], 288230359199273285
[0x7ca473db20, 0xffffff8008082c0c], 288230359199273285
[0x7ca473db20, 0xffffff8008082c0c], 288230359199273285
[0x7ca468dda0, 0xffffff8008082c0c], 288230359199284539
[0x7ca4726414, 0xffffff8008082c0c], 288230359199274785
[0x7ca4726414, 0xffffff8008082c0c], 288230359199274785
[0x7ca468dda0, 0xffffff8008082c0c], 288230359199284539
[0x7ca469946c, 0xffffff8008082c0c], 288230359199283808
[0x7ca469946c, 0xffffff8008082c0c], 288230359199283808
[0x7ca469946c, 0xffffff8008082c0c], 288230359199283808
[0x7ca469946c, 0xffffff8008082c0c], 288230359199283808
[0x7ca469946c, 0xffffff8008082c0c], 288230359199283808
[0x7ca469946c, 0xffffff8008082c0c], 288230359199283808
[0x7ca469946c, 0xffffff8008082c0c], 288230359199283808
[0x7ca469946c, 0xffffff8008082c0c], 288230359199283808
[0x7ca469946c, 0xffffff8008082c0c], 288230359199283808
[0x7ca469946c, 0xffffff8008082c0c], 288230359199283808
[0x7ca469946c, 0xffffff8008082c0c], 288230359199283808
[0x7ca469946c, 0xffffff8008082c0c], 288230359199283808
[0x7ca469946c, 0xffffff8008082c0c], 288230359199283808
[0x7ca469946c, 0xffffff8008082c0c], 288230359199283808
[0x7ca469946c, 0xffffff8008082c0c], 288230359199283808
[0x7ca469946c, 0xffffff8008082c0c], 288230359199283808
[0x7ca469946c, 0xffffff8008082c0c], 288230359199283808
[0x7ca469946c, 0xffffff8008082c0c], 288230359199283808
[0x7ca469946c, 0xffffff8008082c0c], 288230359199283808
[0x7ca469946c, 0xffffff8008082c0c], 288230359199283808
[0x7ca469946c, 0xffffff8008082c0c], 288230359199283808
[0x7ca468dda0, 0xffffff8008082c0c], 288230359199284539
[0x7ca469946c, 0xffffff8008082c0c], 288230359199283808
[0x7ca469946c, 0xffffff8008082c0c], 288230359199283808
[0x7ca469946c, 0xffffff8008082c0c], 288230359199283808
[0x7ca469946c, 0xffffff8008082c0c], 288230359199283808
[0x7ca469946c, 0xffffff8008082c0c], 288230359199283808
[0x7ca469946c, 0xffffff8008082c0c], 288230359199283808
[0x7ca469946c, 0xffffff8008082c0c], 288230359199283808
[0x7ca469946c, 0xffffff8008082c0c], 288230359199283808
[0x7ca469946c, 0xffffff8008082c0c], 288230359199283808
[0x7ca469946c, 0xffffff8008082c0c], 288230359199283808
[0x7ca469946c, 0xffffff8008082c0c], 288230359199283808
[0x7ca469946c, 0xffffff8008082c0c], 288230359199283808
[0x7ca473dca0, 0xffffff8008082c0c], 288230359199273279
[0x7ca473dca0, 0xffffff8008082c0c], 288230359199273279
[0x7ca473dca0, 0xffffff8008082c0c], 288230359199273279
[0x7ca473dca0, 0xffffff8008082c0c], 288230359199273279
[0x7ca473dca0, 0xffffff8008082c0c], 288230359199273279
[0x7ca473dca0, 0xffffff8008082c0c], 288230359199273279
[0x7ca473dca0, 0xffffff8008082c0c], 288230359199273279
[0x7ca473dca0, 0xffffff8008082c0c], 288230359199273279
[0x7ca472719c, 0xffffff8008082c0c], 288230359199274731
[0x7ca473dc80, 0xffffff8008082c0c], 288230359199273279
[0x7ca473dd00, 0xffffff8008082c0c], 288230359199273277
[0x7ca4727270, 0xffffff8008082c0c], 288230359199274728
[0x7ca468be68, 0xffffff8008082c0c], 288230359199284664
[0x7ca473dca0, 0xffffff8008082c0c], 288230359199273279
[0x7ca473dca0, 0xffffff8008082c0c], 288230359199273279
[0x7ca473dca0, 0xffffff8008082c0c], 288230359199273279
[0x7ca473dca0, 0xffffff8008082c0c], 288230359199273279
[0x7ca473dca0, 0xffffff8008082c0c], 288230359199273279
[0x7ca473dca0, 0xffffff8008082c0c], 288230359199273279
[0x7ca473dca0, 0xffffff8008082c0c], 288230359199273279
[0x7ca473dca0, 0xffffff8008082c0c], 288230359199273279
[0x7ca46861a0, 0xffffff8008082c0c], 288230359199285035
[0x7ca473dca0, 0xffffff8008082c0c], 288230359199273279
[0x7ca473dca0, 0xffffff8008082c0c], 288230359199273279
[0x7ca473dca0, 0xffffff8008082c0c], 288230359199273279
[0x7ca473dca0, 0xffffff8008082c0c], 288230359199273279
[0x7c1ded4e70, 0xffffff8008082c0c], 288230359234538360
[0x70756694, 0xffffff8008082c0c], 288230367534402327
[0x707566a8, 0xffffff8008082c0c], 288230367534402327
[0x707566bc, 0xffffff8008082c0c], 288230367534402327
[0x70ab3380, 0xffffff8008082c0c], 288230367534347235
[0x7ca302a92c, 0xffffff8008082c0c], 288230359199651341
[0x7ca302a92c, 0xffffff8008082c0c], 288230359199651341
[0x7ca302a92c, 0xffffff8008082c0c], 288230359199651341
[0x7ca302a92c, 0xffffff8008082c0c], 288230359199651341
[0x7ca302a92c, 0xffffff8008082c0c], 288230359199651341
[0x7c1e07df7c, 0xffffff8008082c0c], 288230359234511156
[0x7ca302a9c4, 0xffffff8008082c0c], 288230359199651338
[0x7c1dd9e6f8, 0xffffff8008082c0c], 288230359234558230
[0x7c1dd7e270, 0xffffff8008082c0c], 288230359234560296
[0x7c1dd9e858, 0xffffff8008082c0c], 288230359234558224
[0x7c1dd9e864, 0xffffff8008082c0c], 288230359234558224
[0x7c1dd9e868, 0xffffff8008082c0c], 288230359234558224
[0x7ca4647618, 0xffffff8008082c0c], 288230359199289049
[0x7ca4647618, 0xffffff8008082c0c], 288230359199289049
[0x7c1e027aac, 0xffffff8008082c0c], 288230359234516679
[0x7c1e027acc, 0xffffff8008082c0c], 288230359234516678
[0x7c1e027ad0, 0xffffff8008082c0c], 288230359234516678
[0x7c1e027ae8, 0xffffff8008082c0c], 288230359234516678
[0x7c1e027aec, 0xffffff8008082c0c], 288230359234516678
[0x7c1e027b0c, 0xffffff8008082c0c], 288230359234516677
[0x7ca14dae20, 0xffffff8008082c0c], 288230359200098809
[0x7ca14dae20, 0xffffff8008082c0c], 288230359200098809
[0x7ca14dae20, 0xffffff8008082c0c], 288230359200098809
[0x7ca14dae20, 0xffffff8008082c0c], 288230359200098809
[0x7ca14dae20, 0xffffff8008082c0c], 288230359200098809
[0x7ca14dae20, 0xffffff8008082c0c], 288230359200098809
[0x7ca4647618, 0xffffff8008082c0c], 288230359199289049
[0x7c1dda1874, 0xffffff8008082c0c], 288230359234558032
[0x7c1dda1d30, 0xffffff8008082c0c], 288230359234558013
[0x7c1dda1d80, 0xffffff8008082c0c], 288230359234558011
[0x7c1dda1d80, 0xffffff8008082c0c], 288230359234558011
[0x7c1dda1d80, 0xffffff8008082c0c], 288230359234558011
[0x7c1ddac810, 0xffffff8008082c0c], 288230359234557329
[0x7c1dd7ae00, 0xffffff8008082c0c], 288230359234560505
[0x7c1ddb0b30, 0xffffff8008082c0c], 288230359234557061
[0x7c1ddb361c, 0xffffff8008082c0c], 288230359234556889
[0x7c1de3940c, 0xffffff8008082c0c], 288230359234548321
[0x7c1dda54d0, 0xffffff8008082c0c], 288230359234557790
[0x7ca4647618, 0xffffff8008082c0c], 288230359199289049
[0x7c1dda7758, 0xffffff8008082c0c], 288230359234557652
[0x7c1dda775c, 0xffffff8008082c0c], 288230359234557652
[0x7ca301576c, 0xffffff8008082c0c], 288230359199652692
[0x7c1de084c4, 0xffffff8008082c0c], 288230359234551454
[0x7c1ddb678c, 0xffffff8008082c0c], 288230359234556691
[0x7ca4647618, 0xffffff8008082c0c], 288230359199289049
[0x7c1e0222a0, 0xffffff8008082c0c], 288230359234517031
[0x7c1df11874, 0xffffff8008082c0c], 288230359234534480
[0x7c1dd75fec, 0xffffff8008082c0c], 288230359234560818
[0x7c1dd75ffc, 0xffffff8008082c0c], 288230359234560818
[0x7c1e0202fc, 0xffffff8008082c0c], 288230359234517158
[0x7c1e01fcb8, 0xffffff8008082c0c], 288230359234517183
[0x7c1dd7ace4, 0xffffff8008082c0c], 288230359234560510
[0x7c1dd75fec, 0xffffff8008082c0c], 288230359234560818
[0x7c1dd75ffc, 0xffffff8008082c0c], 288230359234560818
[0x7c1e0202fc, 0xffffff8008082c0c], 288230359234517158
[0x7c1dd75010, 0xffffff8008082c0c], 288230359234560881
[0x7018eff8, 0xffffff8008082c0c], 288230367534497010
[0x7018f014, 0xffffff8008082c0c], 288230367534497009
[0x7ca14dae20, 0xffffff8008082c0c], 288230359200098809
[0x7ca14dae20, 0xffffff8008082c0c], 288230359200098809
[0x7c1e02c818, 0xffffff8008082c0c], 288230359234516369
[0x7ca14dae20, 0xffffff8008082c0c], 288230359200098809
[0x7ca14dae20, 0xffffff8008082c0c], 288230359200098809
[0x70190100, 0xffffff8008082c0c], 288230367534496941
[0x7ca148ed00, 0xffffff8008082c0c], 288230359200103677
[0x7076285c, 0xffffff8008082c0c], 288230367534401552
[0x7ca14db080, 0xffffff8008082c0c], 288230359200098799
[0x7ca14db080, 0xffffff8008082c0c], 288230359200098799
[0x7ca14dae20, 0xffffff8008082c0c], 288230359200098809
[0x7c1e08511c, 0xffffff8008082c0c], 288230359234510701
[0x7ca14db340, 0xffffff8008082c0c], 288230359200098788
[0x7ca14db380, 0xffffff8008082c0c], 288230359200098787
[0x7ca14da900, 0xffffff8008082c0c], 288230359200098829
[0x7ca14da900, 0xffffff8008082c0c], 288230359200098829
[0x7ca14eec84, 0xffffff8008082c0c], 288230359200097535
[0x7ca14eec90, 0xffffff8008082c0c], 288230359200097535
[0x7ca148ce60, 0xffffff8008082c0c], 288230359200103800
[0x7ca14db980, 0xffffff8008082c0c], 288230359200098763
[0x70762bb8, 0xffffff8008082c0c], 288230367534401539
[0x70762bc8, 0xffffff8008082c0c], 288230367534401538
[0x7c1dd6d77c, 0xffffff8008082c0c], 288230359234561364
[0x7c1dd75010, 0xffffff8008082c0c], 288230359234560881
[0x7c1dd75010, 0xffffff8008082c0c], 288230359234560881
[0x7c1dd75010, 0xffffff8008082c0c], 288230359234560881
[0x7c1e1afad8, 0xffffff8008082c0c], 288230359234491590
[0x7c9f84f2e0, 0xffffff8008082c0c], 288230359200566502
[0x7c9f84f5b0, 0xffffff8008082c0c], 288230359200566491
[0x7ca14da820, 0xffffff8008082c0c], 288230359200098833
[0x7ca14db240, 0xffffff8008082c0c], 288230359200098792
[0x7ca14db4a0, 0xffffff8008082c0c], 288230359200098783
[0x7ca14db340, 0xffffff8008082c0c], 288230359200098788
[0x7c9f848630, 0xffffff8008082c0c], 288230359200566937
40000000 instrs 
[0x7ca14db4a0, 0xffffff8008082c0c], 288230359200098783
[0x7ca14dae20, 0xffffff8008082c0c], 288230359200098809
[0x7ca14db4a0, 0xffffff8008082c0c], 288230359200098783
[0x7ca14db4a0, 0xffffff8008082c0c], 288230359200098783
[0x7ca14db4a0, 0xffffff8008082c0c], 288230359200098783
[0x7ca14db4a0, 0xffffff8008082c0c], 288230359200098783
[0x7ca14db340, 0xffffff8008082c0c], 288230359200098788
[0x7ca14efb34, 0xffffff8008082c0c], 288230359200097477
[0x7ca043438c, 0xffffff8008082c0c], 288230359200371619
[0x7ca044618c, 0xffffff8008082c0c], 288230359200370475
[0x7ca0446008, 0xffffff8008082c0c], 288230359200370481
[0x7ca0451d0c, 0xffffff8008082c0c], 288230359200369725
[0x7ca0469370, 0xffffff8008082c0c], 288230359200368228
[0x7ca0446008, 0xffffff8008082c0c], 288230359200370481
[0x7ca0446008, 0xffffff8008082c0c], 288230359200370481
[0x7ca0446008, 0xffffff8008082c0c], 288230359200370481
[0x70777e24, 0xffffff8008082c0c], 288230367534400185
[0x707bf034, 0xffffff8008082c0c], 288230367534395633
[0x7c1dd75010, 0xffffff8008082c0c], 288230359234560881
[0x7c1dfdbc8c, 0xffffff8008082c0c], 288230359234521535
[0x7c1dfdbc98, 0xffffff8008082c0c], 288230359234521535
[0x7ca0442f80, 0xffffff8008082c0c], 288230359200370675
[0x7ca04448e0, 0xffffff8008082c0c], 288230359200370574
[0x7ca14da800, 0xffffff8008082c0c], 288230359200098833
[0x7ca148d220, 0xffffff8008082c0c], 288230359200103785
[0x7ca14db080, 0xffffff8008082c0c], 288230359200098799
[0x7ca4647618, 0xffffff8008082c0c], 288230359199289049
[0x7ca4647618, 0xffffff8008082c0c], 288230359199289049
[0x7ca4647618, 0xffffff8008082c0c], 288230359199289049
[0x7ca4647618, 0xffffff8008082c0c], 288230359199289049
[0x7ca14da800, 0xffffff8008082c0c], 288230359200098833
[0x7c2979f660, 0xffffff8008082c0c], 288230359231510744
[0x7c2979e840, 0xffffff8008082c0c], 288230359231510800
[0x7ca148d220, 0xffffff8008082c0c], 288230359200103785
[0x7ca14da800, 0xffffff8008082c0c], 288230359200098833
[0x7ca14db340, 0xffffff8008082c0c], 288230359200098788
[0x7ca14db380, 0xffffff8008082c0c], 288230359200098787
[0x7ca14dbb00, 0xffffff8008082c0c], 288230359200098757
[0x7ca14db480, 0xffffff8008082c0c], 288230359200098783
[0x7ca14db340, 0xffffff8008082c0c], 288230359200098788
[0x7ca14db380, 0xffffff8008082c0c], 288230359200098787
[0x7ca14db380, 0xffffff8008082c0c], 288230359200098787
[0x7ca14db280, 0xffffff8008082c0c], 288230359200098791
[0x7ca148c440, 0xffffff8008082c0c], 288230359200103840
[0x7ca148c440, 0xffffff8008082c0c], 288230359200103840
[0x7ca14db480, 0xffffff8008082c0c], 288230359200098783
[0x7ca14da7c0, 0xffffff8008082c0c], 288230359200098834
[0x7ca14db980, 0xffffff8008082c0c], 288230359200098763
[0x7c1ded4e70, 0xffffff8008082c0c], 288230359234538360
[0x7c1ded4e74, 0xffffff8008082c0c], 288230359234538360
[0x70013070, 0xffffff8008082c0c], 288230367534521328
[0x7ca14db980, 0xffffff8008082c0c], 288230359200098763
[0x7ca14db340, 0xffffff8008082c0c], 288230359200098788
[0x7ca14db380, 0xffffff8008082c0c], 288230359200098787
[0x7ca14dbb00, 0xffffff8008082c0c], 288230359200098757
[0x7ca14db480, 0xffffff8008082c0c], 288230359200098783
[0x7ca14db340, 0xffffff8008082c0c], 288230359200098788
[0x7ca14db380, 0xffffff8008082c0c], 288230359200098787
[0x7ca148c440, 0xffffff8008082c0c], 288230359200103840
[0x7ca14db980, 0xffffff8008082c0c], 288230359200098763
[0x7ca14cbf1c, 0xffffff8008082c0c], 288230359200099765
[0x7ca14da820, 0xffffff8008082c0c], 288230359200098833
[0x7ca14dbe00, 0xffffff8008082c0c], 288230359200098745
[0x7ca14da500, 0xffffff8008082c0c], 288230359200098845
[0x7ca14db480, 0xffffff8008082c0c], 288230359200098783
[0x7ca14db480, 0xffffff8008082c0c], 288230359200098783
[0x7ca14db380, 0xffffff8008082c0c], 288230359200098787
[0x7ca14db280, 0xffffff8008082c0c], 288230359200098791
[0x7ca14db340, 0xffffff8008082c0c], 288230359200098788
[0x7ca14db480, 0xffffff8008082c0c], 288230359200098783
[0x7c1dfb184c, 0xffffff8008082c0c], 288230359234524240
[0x7ca14db380, 0xffffff8008082c0c], 288230359200098787
[0x7c1ddc22f0, 0xffffff8008082c0c], 288230359234555942
[0x7c1ded4e70, 0xffffff8008082c0c], 288230359234538360
[0x7c1ded4e74, 0xffffff8008082c0c], 288230359234538360
[0x7ca14da7c0, 0xffffff8008082c0c], 288230359200098834
[0x70011ac0, 0xffffff8008082c0c], 288230367534521414
[0x7ca14db480, 0xffffff8008082c0c], 288230359200098783
[0x7ca2d044fc, 0xffffff8008082c0c], 288230359199702942
[0x7ca14db080, 0xffffff8008082c0c], 288230359200098799
[0x7ca2cea654, 0xffffff8008082c0c], 288230359199704600
[0x7ca14da800, 0xffffff8008082c0c], 288230359200098833
[0x7ca148d220, 0xffffff8008082c0c], 288230359200103785
[0x7ca14da800, 0xffffff8008082c0c], 288230359200098833
[0x7ca148d220, 0xffffff8008082c0c], 288230359200103785
[0x7ca148d220, 0xffffff8008082c0c], 288230359200103785
[0x7c1e02ffb8, 0xffffff8008082c0c], 288230359234516147
[0x707ca458, 0xffffff8008082c0c], 288230367534394912
[0x6ff4c19c, 0xffffff8008082c0c], 288230367534534059
[0x6ffbade4, 0xffffff8008082c0c], 288230367534526970
[0x707ca4cc, 0xffffff8008082c0c], 288230367534394910
[0x7ca0444b64, 0xffffff8008082c0c], 288230359200370564
[0x7ca0444b64, 0xffffff8008082c0c], 288230359200370564
[0x7ca0444b64, 0xffffff8008082c0c], 288230359200370564
[0x7ca0444b64, 0xffffff8008082c0c], 288230359200370564
[0x7ca0444b64, 0xffffff8008082c0c], 288230359200370564
[0x70878240, 0xffffff8008082c0c], 288230367534383784
[0x707762fc, 0xffffff8008082c0c], 288230367534400294
[0x7c1dd75010, 0xffffff8008082c0c], 288230359234560881
[0x707c4e20, 0xffffff8008082c0c], 288230367534395257
[0x70c9f450, 0xffffff8008082c0c], 288230367534315744
[0x7ca14db080, 0xffffff8008082c0c], 288230359200098799
[0x7ca14da520, 0xffffff8008082c0c], 288230359200098845
[0x7ca14db080, 0xffffff8008082c0c], 288230359200098799
[0x7ca14da520, 0xffffff8008082c0c], 288230359200098845
[0x7ca4647618, 0xffffff8008082c0c], 288230359199289049
[0x7ca14da520, 0xffffff8008082c0c], 288230359200098845
[0x7ca14db080, 0xffffff8008082c0c], 288230359200098799
[0x7ca14da520, 0xffffff8008082c0c], 288230359200098845
[0x7ca14db080, 0xffffff8008082c0c], 288230359200098799
[0x7c1dd75010, 0xffffff8008082c0c], 288230359234560881
[0x7084a5b4, 0xffffff8008082c0c], 288230367534386715
[0x7084a5cc, 0xffffff8008082c0c], 288230367534386714
[0x7c1dd75fec, 0xffffff8008082c0c], 288230359234560818
[0x7c1dd75ffc, 0xffffff8008082c0c], 288230359234560818
[0x7c1e1cbd38, 0xffffff8008082c0c], 288230359234489789
[0x7c1ddd2a4c, 0xffffff8008082c0c], 288230359234554888
[0x7c1dd9e5dc, 0xffffff8008082c0c], 288230359234558234
[0x7c1e01fcb8, 0xffffff8008082c0c], 288230359234517183
[0x7c1e01fcb8, 0xffffff8008082c0c], 288230359234517183
[0x7c1dd76010, 0xffffff8008082c0c], 288230359234560817
[0x7c1dd7602c, 0xffffff8008082c0c], 288230359234560817
[0x7ca14da800, 0xffffff8008082c0c], 288230359200098833
[0x7ca148d220, 0xffffff8008082c0c], 288230359200103785
[0x7ca14da800, 0xffffff8008082c0c], 288230359200098833
[0x7ca148d220, 0xffffff8008082c0c], 288230359200103785
[0x7ca14da800, 0xffffff8008082c0c], 288230359200098833
[0x7c1e05e088, 0xffffff8008082c0c], 288230359234513199
[0x7ca1e574d4, 0xffffff8008082c0c], 288230359199943390
[0x7ca1e574d4, 0xffffff8008082c0c], 288230359199943390
[0x7ca1e6dd00, 0xffffff8008082c0c], 288230359199941949
[0x7ca14efb10, 0xffffff8008082c0c], 288230359200097477
[0x7ca14efb34, 0xffffff8008082c0c], 288230359200097477
[0x7ca267e6fc, 0xffffff8008082c0c], 288230359199809814
[0x7ca0865914, 0xffffff8008082c0c], 288230359200302925
[0x7ca0865914, 0xffffff8008082c0c], 288230359200302925
[0x7ca24d013c, 0xffffff8008082c0c], 288230359199837357
[0x7ca2953ce0, 0xffffff8008082c0c], 288230359199763390
[0x7ca2953ce0, 0xffffff8008082c0c], 288230359199763390
[0x7ca14efb34, 0xffffff8008082c0c], 288230359200097477
[0x7c1dd75010, 0xffffff8008082c0c], 288230359234560881
[0x7c9f0e3744, 0xffffff8008082c0c], 288230359200688084
[0x7c9f0e3744, 0xffffff8008082c0c], 288230359200688084
[0x7c9f0e7100, 0xffffff8008082c0c], 288230359200687853
[0x7ca148c680, 0xffffff8008082c0c], 288230359200103831
[0x7ca1d46b28, 0xffffff8008082c0c], 288230359199960837
[0x70ab2480, 0xffffff8008082c0c], 288230367534347295
[0x700f0800, 0xffffff8008082c0c], 288230367534507153
[0x70633970, 0xffffff8008082c0c], 288230367534420940
[0x70ab368c, 0xffffff8008082c0c], 288230367534347223
[0x7c1dd76010, 0xffffff8008082c0c], 288230359234560817
[0x7c1dd7602c, 0xffffff8008082c0c], 288230359234560817
[0x709e1940, 0xffffff8008082c0c], 288230367534360652
[0x7ca14da800, 0xffffff8008082c0c], 288230359200098833
[0x7ca148d220, 0xffffff8008082c0c], 288230359200103785
[0x7ca14da800, 0xffffff8008082c0c], 288230359200098833
[0x7ca148d220, 0xffffff8008082c0c], 288230359200103785
[0x7ca14da800, 0xffffff8008082c0c], 288230359200098833
[0x7ca14da800, 0xffffff8008082c0c], 288230359200098833
[0x7ca148d220, 0xffffff8008082c0c], 288230359200103785
[0x7ca14da800, 0xffffff8008082c0c], 288230359200098833
[0x7ca148d220, 0xffffff8008082c0c], 288230359200103785
[0x7ca14da800, 0xffffff8008082c0c], 288230359200098833
[0x7c9f0e3b18, 0xffffff8008082c0c], 288230359200688069
[0x70840624, 0xffffff8008082c0c], 288230367534387353
[0x7c1dd75010, 0xffffff8008082c0c], 288230359234560881
[0x70af008c, 0xffffff8008082c0c], 288230367534343343
[0x7c1dd75010, 0xffffff8008082c0c], 288230359234560881
[0x70140900, 0xffffff8008082c0c], 288230367534502029
[0x70142a10, 0xffffff8008082c0c], 288230367534501897
[0x6ffb7b34, 0xffffff8008082c0c], 288230367534527173
[0x6ffb7b78, 0xffffff8008082c0c], 288230367534527172
[0x70088230, 0xffffff8008082c0c], 288230367534513833
[0x700882a0, 0xffffff8008082c0c], 288230367534513831
[0x700882a0, 0xffffff8008082c0c], 288230367534513831
[0x700882b0, 0xffffff8008082c0c], 288230367534513831
[0x700882c4, 0xffffff8008082c0c], 288230367534513830
[0x70142a28, 0xffffff8008082c0c], 288230367534501897
[0x70143684, 0xffffff8008082c0c], 288230367534501847
[0x701436e4, 0xffffff8008082c0c], 288230367534501846
[0x700f19f0, 0xffffff8008082c0c], 288230367534507082
[0x7c1dd75010, 0xffffff8008082c0c], 288230359234560881
[0x70af1460, 0xffffff8008082c0c], 288230367534343264
[0x7c1dd6d768, 0xffffff8008082c0c], 288230359234561364
[0x7c1dd6d77c, 0xffffff8008082c0c], 288230359234561364
[0x6ffc9590, 0xffffff8008082c0c], 288230367534526043
[0x6ffc96d4, 0xffffff8008082c0c], 288230367534526038
[0x6ffc8138, 0xffffff8008082c0c], 288230367534526125
[0x6ffc7888, 0xffffff8008082c0c], 288230367534526159
[0x6ffc7894, 0xffffff8008082c0c], 288230367534526159
[0x7c1dd6d77c, 0xffffff8008082c0c], 288230359234561364
[0x6ffc78b0, 0xffffff8008082c0c], 288230367534526159
[0x6ffc78b0, 0xffffff8008082c0c], 288230367534526159
[0x6ffc78b8, 0xffffff8008082c0c], 288230367534526159
[0x6ffc78b0, 0xffffff8008082c0c], 288230367534526159
[0x6ffc78b8, 0xffffff8008082c0c], 288230367534526159
[0x70142d50, 0xffffff8008082c0c], 288230367534501884
[0x6ffc78b0, 0xffffff8008082c0c], 288230367534526159
[0x6ffc78b0, 0xffffff8008082c0c], 288230367534526159
[0x6ffc78b0, 0xffffff8008082c0c], 288230367534526159
[0x70192834, 0xffffff8008082c0c], 288230367534496785
[0x7c1dd75010, 0xffffff8008082c0c], 288230359234560881
[0x6ffc7b20, 0xffffff8008082c0c], 288230367534526149
[0x7c1dd9e68c, 0xffffff8008082c0c], 288230359234558231
[0x6ff6a114, 0xffffff8008082c0c], 288230367534532141
[0x6ffbade4, 0xffffff8008082c0c], 288230367534526970
[0x7c1dd75010, 0xffffff8008082c0c], 288230359234560881
[0x7c1dd75010, 0xffffff8008082c0c], 288230359234560881
[0x70840b68, 0xffffff8008082c0c], 288230367534387332
[0x7075ac74, 0xffffff8008082c0c], 288230367534402048
[0x7c1de6b424, 0xffffff8008082c0c], 288230359234545121
[0x7c1de3e3cc, 0xffffff8008082c0c], 288230359234548002
[0x7c1de3e404, 0xffffff8008082c0c], 288230359234548001
[0x7c1de3e3cc, 0xffffff8008082c0c], 288230359234548002
[0x70840c5c, 0xffffff8008082c0c], 288230367534387328
[0x7ca14db080, 0xffffff8008082c0c], 288230359200098799
[0x7ca4647618, 0xffffff8008082c0c], 288230359199289049
[0x7ca14da800, 0xffffff8008082c0c], 288230359200098833
[0x7ca148d220, 0xffffff8008082c0c], 288230359200103785
[0x7ca4647618, 0xffffff8008082c0c], 288230359199289049
[0x7ca4647618, 0xffffff8008082c0c], 288230359199289049
[0x7ca4647618, 0xffffff8008082c0c], 288230359199289049
[0x7ca4647618, 0xffffff8008082c0c], 288230359199289049
[0x7ca4647618, 0xffffff8008082c0c], 288230359199289049
[0x7ca4647618, 0xffffff8008082c0c], 288230359199289049
[0x7ca4647618, 0xffffff8008082c0c], 288230359199289049
[0x7ca4647618, 0xffffff8008082c0c], 288230359199289049
[0x7ca4647618, 0xffffff8008082c0c], 288230359199289049
[0x7ca4647618, 0xffffff8008082c0c], 288230359199289049
[0x7ca4647618, 0xffffff8008082c0c], 288230359199289049
[0x7ca14da800, 0xffffff8008082c0c], 288230359200098833
[0x7ca148d220, 0xffffff8008082c0c], 288230359200103785
[0x7ca14da800, 0xffffff8008082c0c], 288230359200098833
[0x7ca14db340, 0xffffff8008082c0c], 288230359200098788
[0x7ca14db380, 0xffffff8008082c0c], 288230359200098787
[0x7ca14dbb00, 0xffffff8008082c0c], 288230359200098757
[0x7ca14db480, 0xffffff8008082c0c], 288230359200098783
[0x7ca14db340, 0xffffff8008082c0c], 288230359200098788
[0x7ca14db380, 0xffffff8008082c0c], 288230359200098787
[0x7ca1473a7c, 0xffffff8008082c0c], 288230359200105416
[0x7ca1477cd8, 0xffffff8008082c0c], 288230359200105150
[0x7c1e12d9b8, 0xffffff8008082c0c], 288230359234499915
[0x7c1e12d9d8, 0xffffff8008082c0c], 288230359234499914
[0x7ca14db380, 0xffffff8008082c0c], 288230359200098787
[0x7ca14db280, 0xffffff8008082c0c], 288230359200098791
[0x7ca14db340, 0xffffff8008082c0c], 288230359200098788
[0x7ca14db480, 0xffffff8008082c0c], 288230359200098783
[0x7ca14db380, 0xffffff8008082c0c], 288230359200098787
[0x7c1ddc22f0, 0xffffff8008082c0c], 288230359234555942
[0x7c1ded4e70, 0xffffff8008082c0c], 288230359234538360
[0x7c1ded4e74, 0xffffff8008082c0c], 288230359234538360
[0x7ca14da7c0, 0xffffff8008082c0c], 288230359200098834
[0x70011ac0, 0xffffff8008082c0c], 288230367534521414
[0x7ca14db480, 0xffffff8008082c0c], 288230359200098783
[0x7ca4647618, 0xffffff8008082c0c], 288230359199289049
[0x7ca4647618, 0xffffff8008082c0c], 288230359199289049
[0x7ca148d220, 0xffffff8008082c0c], 288230359200103785
[0x7ca148d220, 0xffffff8008082c0c], 288230359200103785
[0x709df0a4, 0xffffff8008082c0c], 288230367534360815
[0x709df0a4, 0xffffff8008082c0c], 288230367534360815
[0x709df0b4, 0xffffff8008082c0c], 288230367534360815
[0x709df0b8, 0xffffff8008082c0c], 288230367534360815
[0x709df0bc, 0xffffff8008082c0c], 288230367534360815
[0x708c0bb0, 0xffffff8008082c0c], 288230367534379139
[0x708c0be4, 0xffffff8008082c0c], 288230367534379138
[0x7c1e10ff90, 0xffffff8008082c0c], 288230359234501811
[0x7c1dd9e5dc, 0xffffff8008082c0c], 288230359234558234
[0x7c1ddd2a4c, 0xffffff8008082c0c], 288230359234554888
[0x7c1ddd2a4c, 0xffffff8008082c0c], 288230359234554888
[0x7c1ddc82ec, 0xffffff8008082c0c], 288230359234555558
[0x7c1ddd34b0, 0xffffff8008082c0c], 288230359234554847
[0x7c1ddd34b0, 0xffffff8008082c0c], 288230359234554847
[0x7c1e1b3bcc, 0xffffff8008082c0c], 288230359234491330
[0x708c0f4c, 0xffffff8008082c0c], 288230367534379124
[0x7c1dd9e5dc, 0xffffff8008082c0c], 288230359234558234
[0x7c1dd9e66c, 0xffffff8008082c0c], 288230359234558232
[0x7c1dd9e670, 0xffffff8008082c0c], 288230359234558232
[0x7c1dd9e68c, 0xffffff8008082c0c], 288230359234558231
[0x7c1dd9e5dc, 0xffffff8008082c0c], 288230359234558234
[0x7c1dd9e5dc, 0xffffff8008082c0c], 288230359234558234
[0x7c1dd9e5dc, 0xffffff8008082c0c], 288230359234558234
[0x7c1dd9e5dc, 0xffffff8008082c0c], 288230359234558234
[0x7c1dd9e5dc, 0xffffff8008082c0c], 288230359234558234
[0x7c1dd9e66c, 0xffffff8008082c0c], 288230359234558232
[0x7c1dd9e670, 0xffffff8008082c0c], 288230359234558232
[0x7c1dd9e68c, 0xffffff8008082c0c], 288230359234558231
[0x7c1dd9e5dc, 0xffffff8008082c0c], 288230359234558234
[0x7c1ddd2a4c, 0xffffff8008082c0c], 288230359234554888
[0x7c1dd9e5dc, 0xffffff8008082c0c], 288230359234558234
[0x7c1dd9e68c, 0xffffff8008082c0c], 288230359234558231
[0x7c1dd9e5dc, 0xffffff8008082c0c], 288230359234558234
[0x7c1ddd2a4c, 0xffffff8008082c0c], 288230359234554888
[0x708c1134, 0xffffff8008082c0c], 288230367534379117
[0x7c1dd9e5dc, 0xffffff8008082c0c], 288230359234558234
[0x7c1dd9e68c, 0xffffff8008082c0c], 288230359234558231
[0x708c1198, 0xffffff8008082c0c], 288230367534379115
[0x7c1dd9e5dc, 0xffffff8008082c0c], 288230359234558234
[0x708c11fc, 0xffffff8008082c0c], 288230367534379114
[0x708c1260, 0xffffff8008082c0c], 288230367534379112
[0x700130e0, 0xffffff8008082c0c], 288230367534521326
[0x7ca14db080, 0xffffff8008082c0c], 288230359200098799
[0x7ca4647618, 0xffffff8008082c0c], 288230359199289049
[0x7c1e01c558, 0xffffff8008082c0c], 288230359234517404
[0x70938fe0, 0xffffff8008082c0c], 288230367534371442
[0x7c1ddb93a4, 0xffffff8008082c0c], 288230359234556515
[0x7c1ddb93a8, 0xffffff8008082c0c], 288230359234556515
[0x7c1dd9e5dc, 0xffffff8008082c0c], 288230359234558234
[0x7c1dd9e5dc, 0xffffff8008082c0c], 288230359234558234
[0x7075cd14, 0xffffff8008082c0c], 288230367534401917
[0x7075cd4c, 0xffffff8008082c0c], 288230367534401916
[0x7c1dfca014, 0xffffff8008082c0c], 288230359234522673
[0x70840c8c, 0xffffff8008082c0c], 288230367534387327
[0x70841114, 0xffffff8008082c0c], 288230367534387309
[0x70ae6f20, 0xffffff8008082c0c], 288230367534343925
[0x70ae6f60, 0xffffff8008082c0c], 288230367534343924
[0x7ca14db080, 0xffffff8008082c0c], 288230359200098799
[0x7ca14db080, 0xffffff8008082c0c], 288230359200098799
[0x7ca4647618, 0xffffff8008082c0c], 288230359199289049
[0x7ca14da800, 0xffffff8008082c0c], 288230359200098833
[0x7ca148d220, 0xffffff8008082c0c], 288230359200103785
[0x7ca4647618, 0xffffff8008082c0c], 288230359199289049
[0x7ca4647618, 0xffffff8008082c0c], 288230359199289049
[0x7ca4647618, 0xffffff8008082c0c], 288230359199289049
[0x7ca4647618, 0xffffff8008082c0c], 288230359199289049
[0x7ca4647618, 0xffffff8008082c0c], 288230359199289049
[0x7ca4647618, 0xffffff8008082c0c], 288230359199289049
[0x7ca4647618, 0xffffff8008082c0c], 288230359199289049
[0x7ca4647618, 0xffffff8008082c0c], 288230359199289049
[0x7ca4647618, 0xffffff8008082c0c], 288230359199289049
[0x7ca4647618, 0xffffff8008082c0c], 288230359199289049
[0x7ca4647618, 0xffffff8008082c0c], 288230359199289049
[0x7ca14da800, 0xffffff8008082c0c], 288230359200098833
[0x7ca148d220, 0xffffff8008082c0c], 288230359200103785
[0x7ca14da800, 0xffffff8008082c0c], 288230359200098833
[0x7c1ddc2308, 0xffffff8008082c0c], 288230359234555941
[0x7ca14db080, 0xffffff8008082c0c], 288230359200098799
[0x7ca14da6c0, 0xffffff8008082c0c], 288230359200098838
[0x7ca4647618, 0xffffff8008082c0c], 288230359199289049
[0x70836938, 0xffffff8008082c0c], 288230367534387981
[0x70784d40, 0xffffff8008082c0c], 288230367534399356
[0x70784dac, 0xffffff8008082c0c], 288230367534399355
[0x707851b0, 0xffffff8008082c0c], 288230367534399339
[0x707ff7a0, 0xffffff8008082c0c], 288230367534391507
[0x70a30224, 0xffffff8008082c0c], 288230367534355625
[0x7ca14db080, 0xffffff8008082c0c], 288230359200098799
[0x7c1dd80428, 0xffffff8008082c0c], 288230359234560161
[0x7c1dd804cc, 0xffffff8008082c0c], 288230359234560158
[0x7ca14dae20, 0xffffff8008082c0c], 288230359200098809
[0x7ca14dae20, 0xffffff8008082c0c], 288230359200098809
[0x7075f2a8, 0xffffff8008082c0c], 288230367534401767
[0x7ca14db080, 0xffffff8008082c0c], 288230359200098799
[0x7ca4647618, 0xffffff8008082c0c], 288230359199289049
[0x7ca14da800, 0xffffff8008082c0c], 288230359200098833
[0x7ca148d220, 0xffffff8008082c0c], 288230359200103785
[0x7ca14db080, 0xffffff8008082c0c], 288230359200098799
[0x7ca4647618, 0xffffff8008082c0c], 288230359199289049
[0x7ca4647618, 0xffffff8008082c0c], 288230359199289049
[0x7ca4647618, 0xffffff8008082c0c], 288230359199289049
[0x7ca4647618, 0xffffff8008082c0c], 288230359199289049
[0x7ca14da800, 0xffffff8008082c0c], 288230359200098833
[0x7ca148d220, 0xffffff8008082c0c], 288230359200103785
[0x7ca14da800, 0xffffff8008082c0c], 288230359200098833
[0x7c1dd75010, 0xffffff8008082c0c], 288230359234560881
[0x7ca04409b4, 0xffffff8008082c0c], 288230359200370827
[0x7ca148c440, 0xffffff8008082c0c], 288230359200103840
[0x70866a60, 0xffffff8008082c0c], 288230367534384904
[0x7ca043fb10, 0xffffff8008082c0c], 288230359200370885
[0x7ca043fb10, 0xffffff8008082c0c], 288230359200370885
[0x7ca043fb10, 0xffffff8008082c0c], 288230359200370885
[0x7ca043fb10, 0xffffff8008082c0c], 288230359200370885
[0x7ca148c3c4, 0xffffff8008082c0c], 288230359200103842
[0x7ca0440bf4, 0xffffff8008082c0c], 288230359200370818
[0x7ca0440c08, 0xffffff8008082c0c], 288230359200370817
[0x7ca0440c14, 0xffffff8008082c0c], 288230359200370817
[0x7ca0440c08, 0xffffff8008082c0c], 288230359200370817
[0x7ca0440c14, 0xffffff8008082c0c], 288230359200370817
[0x7ca0440c08, 0xffffff8008082c0c], 288230359200370817
[0x7ca0440c14, 0xffffff8008082c0c], 288230359200370817
[0x7ca0440c08, 0xffffff8008082c0c], 288230359200370817
[0x7ca0440c14, 0xffffff8008082c0c], 288230359200370817
[0x7ca0440c08, 0xffffff8008082c0c], 288230359200370817
[0x7ca0440c14, 0xffffff8008082c0c], 288230359200370817
[0x7ca0440c08, 0xffffff8008082c0c], 288230359200370817
[0x7ca0440c14, 0xffffff8008082c0c], 288230359200370817
[0x707c97cc, 0xffffff8008082c0c], 288230367534394962
[0x7c1dd7562c, 0xffffff8008082c0c], 288230359234560857
[0x7ca14db080, 0xffffff8008082c0c], 288230359200098799
[0x7ca4647618, 0xffffff8008082c0c], 288230359199289049
[0x70d43f18, 0xffffff8008082c0c], 288230367534305205
[0x70d43f2c, 0xffffff8008082c0c], 288230367534305205
[0x70d43f30, 0xffffff8008082c0c], 288230367534305205
[0x7ca148c3c4, 0xffffff8008082c0c], 288230359200103842
[0x7ca0444b64, 0xffffff8008082c0c], 288230359200370564
[0x7ca1462f84, 0xffffff8008082c0c], 288230359200106483
[0x7ca1462f88, 0xffffff8008082c0c], 288230359200106483
[0x7ca0444b64, 0xffffff8008082c0c], 288230359200370564
[0x7ca04448e0, 0xffffff8008082c0c], 288230359200370574
[0x7ca14da800, 0xffffff8008082c0c], 288230359200098833
[0x7ca148d220, 0xffffff8008082c0c], 288230359200103785
[0x7ca14db080, 0xffffff8008082c0c], 288230359200098799
[0x7ca4647618, 0xffffff8008082c0c], 288230359199289049
[0x7ca4647618, 0xffffff8008082c0c], 288230359199289049
[0x7ca4647618, 0xffffff8008082c0c], 288230359199289049
[0x7ca4647618, 0xffffff8008082c0c], 288230359199289049
[0x7ca14da800, 0xffffff8008082c0c], 288230359200098833
[0x7ca148d220, 0xffffff8008082c0c], 288230359200103785
[0x7ca14da800, 0xffffff8008082c0c], 288230359200098833
[0x7ca0444b64, 0xffffff8008082c0c], 288230359200370564
[0x7ca0444b64, 0xffffff8008082c0c], 288230359200370564
[0x7ca0444b64, 0xffffff8008082c0c], 288230359200370564
[0x7ca14da800, 0xffffff8008082c0c], 288230359200098833
[0x7ca148d220, 0xffffff8008082c0c], 288230359200103785
[0x7ca14db080, 0xffffff8008082c0c], 288230359200098799
[0x7ca4647618, 0xffffff8008082c0c], 288230359199289049
[0x7ca4647618, 0xffffff8008082c0c], 288230359199289049
[0x7ca4647618, 0xffffff8008082c0c], 288230359199289049
[0x7ca4647618, 0xffffff8008082c0c], 288230359199289049
[0x7ca14da800, 0xffffff8008082c0c], 288230359200098833
[0x7ca148d220, 0xffffff8008082c0c], 288230359200103785
[0x7ca14da800, 0xffffff8008082c0c], 288230359200098833
[0x7027a710, 0xffffff8008082c0c], 288230367534481941
[0x7ca148c450, 0xffffff8008082c0c], 288230359200103840
[0x7ca043fb10, 0xffffff8008082c0c], 288230359200370885
[0x7ca043fb10, 0xffffff8008082c0c], 288230359200370885
[0x7ca043fb10, 0xffffff8008082c0c], 288230359200370885
[0x7ca043fb10, 0xffffff8008082c0c], 288230359200370885
[0x7ca148c3c4, 0xffffff8008082c0c], 288230359200103842
[0x7ca0440bf4, 0xffffff8008082c0c], 288230359200370818
[0x7ca0440c08, 0xffffff8008082c0c], 288230359200370817
[0x7ca0440c14, 0xffffff8008082c0c], 288230359200370817
[0x7ca0440c08, 0xffffff8008082c0c], 288230359200370817
[0x7ca0440c14, 0xffffff8008082c0c], 288230359200370817
[0x7ca0440c08, 0xffffff8008082c0c], 288230359200370817
[0x7ca0440c14, 0xffffff8008082c0c], 288230359200370817
[0x7ca0440c08, 0xffffff8008082c0c], 288230359200370817
[0x7ca0440c14, 0xffffff8008082c0c], 288230359200370817
[0x7ca0440c08, 0xffffff8008082c0c], 288230359200370817
[0x7ca0440c14, 0xffffff8008082c0c], 288230359200370817
[0x7ca0440c08, 0xffffff8008082c0c], 288230359200370817
[0x7ca0440c14, 0xffffff8008082c0c], 288230359200370817
[0x708419ec, 0xffffff8008082c0c], 288230367534387274
[0x7ca26d12b8, 0xffffff8008082c0c], 288230359199804519
[0x7ca265fdd0, 0xffffff8008082c0c], 288230359199811770
[0x7ca2660058, 0xffffff8008082c0c], 288230359199811760
[0x7ca2c0fa20, 0xffffff8008082c0c], 288230359199718601
[0x7ca2c131fc, 0xffffff8008082c0c], 288230359199718378
[0x7ca2c13220, 0xffffff8008082c0c], 288230359199718377
[0x7ca14efa78, 0xffffff8008082c0c], 288230359200097480
[0x7ca14dacc0, 0xffffff8008082c0c], 288230359200098814
[0x7ca14dac80, 0xffffff8008082c0c], 288230359200098815
[0x7ca14daca0, 0xffffff8008082c0c], 288230359200098815
[0x7ca2660118, 0xffffff8008082c0c], 288230359199811757
[0x7ca14f1c3c, 0xffffff8008082c0c], 288230359200097345
[0x7ca14db380, 0xffffff8008082c0c], 288230359200098787
[0x7ca14f1cf4, 0xffffff8008082c0c], 288230359200097342
[0x7ca14db380, 0xffffff8008082c0c], 288230359200098787
[0x7ca148d220, 0xffffff8008082c0c], 288230359200103785
[0x7ca4647618, 0xffffff8008082c0c], 288230359199289049
[0x7ca148c680, 0xffffff8008082c0c], 288230359200103831
[0x7ca29561a0, 0xffffff8008082c0c], 288230359199763243
[0x7ca148c680, 0xffffff8008082c0c], 288230359200103831
[0x7ca267aacc, 0xffffff8008082c0c], 288230359199810054
[0x7ca267ab2c, 0xffffff8008082c0c], 288230359199810053
[0x7ca14db340, 0xffffff8008082c0c], 288230359200098788
[0x7ca14db380, 0xffffff8008082c0c], 288230359200098787
[0x7ca14da900, 0xffffff8008082c0c], 288230359200098829
[0x7ca14da900, 0xffffff8008082c0c], 288230359200098829
[0x7ca14eec84, 0xffffff8008082c0c], 288230359200097535
[0x7ca14eec90, 0xffffff8008082c0c], 288230359200097535
[0x7ca148ce60, 0xffffff8008082c0c], 288230359200103800
[0x7ca148d220, 0xffffff8008082c0c], 288230359200103785
[0x7ca2611a0c, 0xffffff8008082c0c], 288230359199816777
[0x7ca14dbe00, 0xffffff8008082c0c], 288230359200098745
[0x7084ebc8, 0xffffff8008082c0c], 288230367534386434
[0x70cdb2a0, 0xffffff8008082c0c], 288230367534311911
[0x7c1dd75fec, 0xffffff8008082c0c], 288230359234560818
[0x7c1dd75ffc, 0xffffff8008082c0c], 288230359234560818
[0x7c1e1cbd38, 0xffffff8008082c0c], 288230359234489789
[0x7c1e1cbd44, 0xffffff8008082c0c], 288230359234489788
[0x7c1dd9e5dc, 0xffffff8008082c0c], 288230359234558234
[0x7c1ddb6aec, 0xffffff8008082c0c], 288230359234556678
[0x7c1e0202fc, 0xffffff8008082c0c], 288230359234517158
[0x7c1e020304, 0xffffff8008082c0c], 288230359234517157
[0x7c1e01fcb8, 0xffffff8008082c0c], 288230359234517183
[0x7c1e01fcf0, 0xffffff8008082c0c], 288230359234517182
[0x7c1e01fcf0, 0xffffff8008082c0c], 288230359234517182
[0x7c1e01fcf0, 0xffffff8008082c0c], 288230359234517182
[0x7c1e01fcb8, 0xffffff8008082c0c], 288230359234517183
[0x70e072c0, 0xffffff8008082c0c], 288230367534292710
[0x7c1e1cbd38, 0xffffff8008082c0c], 288230359234489789
[0x7c1ddb6aec, 0xffffff8008082c0c], 288230359234556678
[0x7c1e0202fc, 0xffffff8008082c0c], 288230359234517158
[0x7c1dd7ae00, 0xffffff8008082c0c], 288230359234560505
[0x7ca14da800, 0xffffff8008082c0c], 288230359200098833
[0x7ca148d220, 0xffffff8008082c0c], 288230359200103785
[0x7ca14da7c0, 0xffffff8008082c0c], 288230359200098834
[0x7ca14da800, 0xffffff8008082c0c], 288230359200098833
[0x7ca148d220, 0xffffff8008082c0c], 288230359200103785
[0x7ca14da800, 0xffffff8008082c0c], 288230359200098833
[0x70cdb038, 0xffffff8008082c0c], 288230367534311921
[0x7ca14db340, 0xffffff8008082c0c], 288230359200098788
[0x7ca14db380, 0xffffff8008082c0c], 288230359200098787
[0x7ca14da900, 0xffffff8008082c0c], 288230359200098829
[0x7ca14da900, 0xffffff8008082c0c], 288230359200098829
[0x7ca14eec84, 0xffffff8008082c0c], 288230359200097535
[0x7ca14eec90, 0xffffff8008082c0c], 288230359200097535
[0x7ca148ce60, 0xffffff8008082c0c], 288230359200103800
[0x708480c4, 0xffffff8008082c0c], 288230367534386862
[0x7083a2f8, 0xffffff8008082c0c], 288230367534387750
[0x7083a300, 0xffffff8008082c0c], 288230367534387749
[0x7c1dd6d77c, 0xffffff8008082c0c], 288230359234561364
[0x70b59590, 0xffffff8008082c0c], 288230367534336603
[0x7ca4647618, 0xffffff8008082c0c], 288230359199289049
[0x7ca14da800, 0xffffff8008082c0c], 288230359200098833
[0x7bb18f1840, 0xffffff8008082c0c], 288230359262946384
[0x7bb18f1840, 0xffffff8008082c0c], 288230359262946384
[0x7bb18f1800, 0xffffff8008082c0c], 288230359262946385
[0x7bb18f1800, 0xffffff8008082c0c], 288230359262946385
[0x7bb18f1800, 0xffffff8008082c0c], 288230359262946385
[0x7ca4647618, 0xffffff8008082c0c], 288230359199289049
[0x7ca4647618, 0xffffff8008082c0c], 288230359199289049
[0x7ca14db080, 0xffffff8008082c0c], 288230359200098799
[0x7ca4647618, 0xffffff8008082c0c], 288230359199289049
[0x7083a348, 0xffffff8008082c0c], 288230367534387748
[0x7c1dd8a074, 0xffffff8008082c0c], 288230359234559536
[0x7c1e01fcb8, 0xffffff8008082c0c], 288230359234517183
[0x7c1dd76010, 0xffffff8008082c0c], 288230359234560817
[0x7c1dd7602c, 0xffffff8008082c0c], 288230359234560817
[0x7095f980, 0xffffff8008082c0c], 288230367534368971
[0x7ca14da800, 0xffffff8008082c0c], 288230359200098833
[0x7ca148d220, 0xffffff8008082c0c], 288230359200103785
[0x7ca14da7c0, 0xffffff8008082c0c], 288230359200098834
[0x7ca14da800, 0xffffff8008082c0c], 288230359200098833
[0x7ca148d220, 0xffffff8008082c0c], 288230359200103785
[0x7ca14da800, 0xffffff8008082c0c], 288230359200098833
[0x7ca14db080, 0xffffff8008082c0c], 288230359200098799
[0x7ca4647618, 0xffffff8008082c0c], 288230359199289049
[0x7ca044348c, 0xffffff8008082c0c], 288230359200370655
[0x7ca0455ac0, 0xffffff8008082c8c], 288230359200369480
[0x7ca14da800, 0xffffff8008082c0c], 288230359200098833
[0x7ca148d220, 0xffffff8008082c0c], 288230359200103785
[0x7ca14db080, 0xffffff8008082c0c], 288230359200098799
[0x7ca4647618, 0xffffff8008082c0c], 288230359199289049
[0x7ca4647618, 0xffffff8008082c0c], 288230359199289049
[0x7ca4647618, 0xffffff8008082c0c], 288230359199289049
[0x7ca4647618, 0xffffff8008082c0c], 288230359199289049
[0x7ca14da800, 0xffffff8008082c0c], 288230359200098833
[0x7ca148d220, 0xffffff8008082c0c], 288230359200103785
[0x7ca14da800, 0xffffff8008082c0c], 288230359200098833
[0x7c1dd75028, 0xffffff8008082c0c], 288230359234560881
[0x7ca14da800, 0xffffff8008082c0c], 288230359200098833
[0x7ca148d220, 0xffffff8008082c0c], 288230359200103785
[0x7ca14db080, 0xffffff8008082c0c], 288230359200098799
[0x7ca4647618, 0xffffff8008082c0c], 288230359199289049
[0x7ca4647618, 0xffffff8008082c0c], 288230359199289049
[0x7ca4647618, 0xffffff8008082c0c], 288230359199289049
[0x7ca4647618, 0xffffff8008082c0c], 288230359199289049
[0x7ca14da800, 0xffffff8008082c0c], 288230359200098833
[0x7ca148d220, 0xffffff8008082c0c], 288230359200103785
[0x7ca14da800, 0xffffff8008082c0c], 288230359200098833
[0x7ca0444b64, 0xffffff8008082c0c], 288230359200370564
[0x7ca0444b64, 0xffffff8008082c0c], 288230359200370564
45000000 instrs 
[0x7ca14da800, 0xffffff8008082c0c], 288230359200098833
[0x7ca148d220, 0xffffff8008082c0c], 288230359200103785
[0x7ca14db080, 0xffffff8008082c0c], 288230359200098799
[0x7ca4647618, 0xffffff8008082c0c], 288230359199289049
[0x7ca4647618, 0xffffff8008082c0c], 288230359199289049
[0x7ca4647618, 0xffffff8008082c0c], 288230359199289049
[0x7ca4647618, 0xffffff8008082c0c], 288230359199289049
[0x7ca14da800, 0xffffff8008082c0c], 288230359200098833
[0x7ca148d220, 0xffffff8008082c0c], 288230359200103785
[0x7ca14da800, 0xffffff8008082c0c], 288230359200098833
[0x7c1dda1d30, 0xffffff8008082c0c], 288230359234558013
[0x7c1dda1d80, 0xffffff8008082c0c], 288230359234558011
[0x7c1dda198c, 0xffffff8008082c0c], 288230359234558027
[0x7c1dd9e5dc, 0xffffff8008082c0c], 288230359234558234
[0x7c1dd9e5dc, 0xffffff8008082c0c], 288230359234558234
[0x7ca302a92c, 0xffffff8008082c0c], 288230359199651341
[0x7c1ddab11c, 0xffffff8008082c0c], 288230359234557421
[0x7c1ddac1f8, 0xffffff8008082c0c], 288230359234557354
[0x7c1ddac874, 0xffffff8008082c0c], 288230359234557328
[0x7c1ddac874, 0xffffff8008082c0c], 288230359234557328
[0x7c1ddac810, 0xffffff8008082c0c], 288230359234557329
[0x7c1ddac8c0, 0xffffff8008082c0c], 288230359234557326
[0x7c1ddac810, 0xffffff8008082c0c], 288230359234557329
[0x7c1ddac810, 0xffffff8008082c0c], 288230359234557329
[0x7c1ddac810, 0xffffff8008082c0c], 288230359234557329
[0x7c1ddac8f0, 0xffffff8008082c0c], 288230359234557326
[0x7c1ddac810, 0xffffff8008082c0c], 288230359234557329
[0x7c1ddac810, 0xffffff8008082c0c], 288230359234557329
[0x7c1ddac810, 0xffffff8008082c0c], 288230359234557329
[0x7c1ddac810, 0xffffff8008082c0c], 288230359234557329
[0x7c1ddac8f0, 0xffffff8008082c0c], 288230359234557326
[0x7c1ddac8c0, 0xffffff8008082c0c], 288230359234557326
[0x7c1ddac8f0, 0xffffff8008082c0c], 288230359234557326
[0x7c1ddae140, 0xffffff8008082c0c], 288230359234557228
[0x7c1ddae1d8, 0xffffff8008082c0c], 288230359234557226
[0x7c1ddae140, 0xffffff8008082c0c], 288230359234557228
[0x7c1ddae1d8, 0xffffff8008082c0c], 288230359234557226
[0x7c1ddae140, 0xffffff8008082c0c], 288230359234557228
[0x7c1ddae1d8, 0xffffff8008082c0c], 288230359234557226
[0x7c1ddae140, 0xffffff8008082c0c], 288230359234557228
[0x7c1ddae1d8, 0xffffff8008082c0c], 288230359234557226
[0x7c1ddae140, 0xffffff8008082c0c], 288230359234557228
[0x7c1ddae1d8, 0xffffff8008082c0c], 288230359234557226
[0x7c1ddae140, 0xffffff8008082c0c], 288230359234557228
[0x7c1ddae1d8, 0xffffff8008082c0c], 288230359234557226
[0x7c1ddae140, 0xffffff8008082c0c], 288230359234557228
[0x7c1ddae1d8, 0xffffff8008082c0c], 288230359234557226
[0x7c1ddae1d8, 0xffffff8008082c0c], 288230359234557226
[0x7c1ddaeac8, 0xffffff8008082c0c], 288230359234557190
[0x7ca148c220, 0xffffff8008082c0c], 288230359200103849
[0x7c1ddc1f98, 0xffffff8008082c0c], 288230359234555955
[0x7c1ddaf69c, 0xffffff8008082c0c], 288230359234557143
[0x7c1ddaea90, 0xffffff8008082c0c], 288230359234557191
[0x7c1ddaea90, 0xffffff8008082c0c], 288230359234557191
[0x7c1ddad928, 0xffffff8008082c0c], 288230359234557261
[0x7c1ddad984, 0xffffff8008082c0c], 288230359234557259
[0x7c1ddb361c, 0xffffff8008082c0c], 288230359234556889
[0x7c1e024b24, 0xffffff8008082c0c], 288230359234516869
[0x7c1ddac1f8, 0xffffff8008082c0c], 288230359234557354
[0x7ca148c220, 0xffffff8008082c0c], 288230359200103849
[0x7c1dd7ac74, 0xffffff8008082c0c], 288230359234560512
[0x7c1e024b24, 0xffffff8008082c0c], 288230359234516869
[0x7c1ddac1f8, 0xffffff8008082c0c], 288230359234557354
[0x7ca148c220, 0xffffff8008082c0c], 288230359200103849
[0x7ca14db380, 0xffffff8008082c0c], 288230359200098787
[0x7c1de27de4, 0xffffff8008082c0c], 288230359234549434
[0x7c1e024b24, 0xffffff8008082c0c], 288230359234516869
[0x7c1e024b24, 0xffffff8008082c0c], 288230359234516869
[0x7c1ddac1f8, 0xffffff8008082c0c], 288230359234557354
[0x7ca148c220, 0xffffff8008082c0c], 288230359200103849
[0x7c1e024b24, 0xffffff8008082c0c], 288230359234516869
[0x7c1dda54d0, 0xffffff8008082c0c], 288230359234557790
[0x7c1dda54d0, 0xffffff8008082c0c], 288230359234557790
[0x7c1dd9e5dc, 0xffffff8008082c0c], 288230359234558234
[0x7c1dd9e5dc, 0xffffff8008082c0c], 288230359234558234
[0x7c1dda54d0, 0xffffff8008082c0c], 288230359234557790
[0x7ca4647618, 0xffffff8008082c0c], 288230359199289049
[0x7ca4647618, 0xffffff8008082c0c], 288230359199289049
[0x7ca4647618, 0xffffff8008082c0c], 288230359199289049
[0x7ca4647618, 0xffffff8008082c0c], 288230359199289049
[0x7ca4647618, 0xffffff8008082c0c], 288230359199289049
[0x7c1dee4c3c, 0xffffff8008082c0c], 288230359234537345
[0x7c1dee4c3c, 0xffffff8008082c0c], 288230359234537345
[0x7ca4647618, 0xffffff8008082c0c], 288230359199289049
[0x7ca4647618, 0xffffff8008082c0c], 288230359199289049
[0x7ca4647618, 0xffffff8008082c0c], 288230359199289049
[0x7c1ddb93a4, 0xffffff8008082c0c], 288230359234556515
[0x7c1ddb93a8, 0xffffff8008082c0c], 288230359234556515
[0x7c1ddb93a4, 0xffffff8008082c0c], 288230359234556515
[0x7c1ddb93a8, 0xffffff8008082c0c], 288230359234556515
[0x70a1fb40, 0xffffff8008082c0c], 288230367534356676
[0x7c1dd75010, 0xffffff8008082c0c], 288230359234560881
[0x7c1dd75010, 0xffffff8008082c0c], 288230359234560881
[0x7c1dd75010, 0xffffff8008082c0c], 288230359234560881
[0x70ad4710, 0xffffff8008082c0c], 288230367534345109
[0x7c1dd6d768, 0xffffff8008082c0c], 288230359234561364
[0x7c1dd6d77c, 0xffffff8008082c0c], 288230359234561364
[0x70a1fe0c, 0xffffff8008082c0c], 288230367534356665
[0x7c1e07ed60, 0xffffff8008082c0c], 288230359234511100
[0x7c1e02c824, 0xffffff8008082c0c], 288230359234516369
[0x7c1dda54d0, 0xffffff8008082c0c], 288230359234557790
[0x7c1dd9e5dc, 0xffffff8008082c0c], 288230359234558234
[0x7c1dd9e5dc, 0xffffff8008082c0c], 288230359234558234
[0x7ca4647618, 0xffffff8008082c0c], 288230359199289049
[0x7c1dda7758, 0xffffff8008082c0c], 288230359234557652
[0x7c1dda775c, 0xffffff8008082c0c], 288230359234557652
[0x7ca4647618, 0xffffff8008082c0c], 288230359199289049
[0x7c1df11874, 0xffffff8008082c0c], 288230359234534480
[0x7c1e1d9a9c, 0xffffff8008082c0c], 288230359234488903
[0x7c1e1d9ab4, 0xffffff8008082c0c], 288230359234488903
[0x7c1dda54d0, 0xffffff8008082c0c], 288230359234557790
[0x7ca4647618, 0xffffff8008082c0c], 288230359199289049
[0x7c1dd9e5dc, 0xffffff8008082c0c], 288230359234558234
[0x7c1dd9e5dc, 0xffffff8008082c0c], 288230359234558234
[0x7ca4647618, 0xffffff8008082c0c], 288230359199289049
[0x7ca4647618, 0xffffff8008082c0c], 288230359199289049
[0x7ca4647618, 0xffffff8008082c0c], 288230359199289049
[0x7ca4647618, 0xffffff8008082c0c], 288230359199289049
[0x7ca4647618, 0xffffff8008082c0c], 288230359199289049
[0x7c1ddb12dc, 0xffffff8008082c0c], 288230359234557030
[0x7ca4647618, 0xffffff8008082c0c], 288230359199289049
[0x7ca4647618, 0xffffff8008082c0c], 288230359199289049
[0x7ca4647618, 0xffffff8008082c0c], 288230359199289049
[0x7ca4647618, 0xffffff8008082c0c], 288230359199289049
[0x7c1df11874, 0xffffff8008082c0c], 288230359234534480
[0x7c1dd75028, 0xffffff8008082c0c], 288230359234560881
[0x7c1df11874, 0xffffff8008082c0c], 288230359234534480
[0x7c1df11874, 0xffffff8008082c0c], 288230359234534480
[0x7c1dd9e5dc, 0xffffff8008082c0c], 288230359234558234
[0x7c1dd9e66c, 0xffffff8008082c0c], 288230359234558232
[0x7c1dd9e670, 0xffffff8008082c0c], 288230359234558232
[0x7c1dd9e68c, 0xffffff8008082c0c], 288230359234558231
[0x7c1df11874, 0xffffff8008082c0c], 288230359234534480
[0x7c1dd9e5dc, 0xffffff8008082c0c], 288230359234558234
[0x7c1ddab11c, 0xffffff8008082c0c], 288230359234557421
[0x7ca4647618, 0xffffff8008082c0c], 288230359199289049
[0x7ca4647618, 0xffffff8008082c0c], 288230359199289049
[0x7c1dd9e5dc, 0xffffff8008082c0c], 288230359234558234
[0x7c1ddac8f0, 0xffffff8008082c0c], 288230359234557326
[0x7ca4647618, 0xffffff8008082c0c], 288230359199289049
[0x7ca4647618, 0xffffff8008082c0c], 288230359199289049
[0x7c1df11874, 0xffffff8008082c0c], 288230359234534480
[0x7c1dda198c, 0xffffff8008082c0c], 288230359234558027
[0x7ca148c220, 0xffffff8008082c0c], 288230359200103849
[0x7ca4647618, 0xffffff8008082c0c], 288230359199289049
[0x7ca4647618, 0xffffff8008082c0c], 288230359199289049
[0x7ca4647618, 0xffffff8008082c0c], 288230359199289049
[0x7ca4647618, 0xffffff8008082c0c], 288230359199289049
[0x7ca4647618, 0xffffff8008082c0c], 288230359199289049
[0x7ca4647618, 0xffffff8008082c0c], 288230359199289049
[0x7c1dda198c, 0xffffff8008082c0c], 288230359234558027
[0x7c1dda198c, 0xffffff8008082c0c], 288230359234558027
[0x7c1dd9e5dc, 0xffffff8008082c0c], 288230359234558234
[0x7c1ddab2d8, 0xffffff8008082c0c], 288230359234557414
[0x7ca148c3c4, 0xffffff8008082c0c], 288230359200103842
[0x7c1e024b24, 0xffffff8008082c0c], 288230359234516869
[0x7c1dda54d0, 0xffffff8008082c0c], 288230359234557790
[0x7c1dd9e5dc, 0xffffff8008082c0c], 288230359234558234
[0x7c1dd9e5dc, 0xffffff8008082c0c], 288230359234558234
[0x7c1dd9e5dc, 0xffffff8008082c0c], 288230359234558234
[0x7c1dd9e5dc, 0xffffff8008082c0c], 288230359234558234
[0x7c1dd9e5dc, 0xffffff8008082c0c], 288230359234558234
[0x7c1dd9e5dc, 0xffffff8008082c0c], 288230359234558234
[0x7ca4647618, 0xffffff8008082c0c], 288230359199289049
[0x7ca4647618, 0xffffff8008082c0c], 288230359199289049
[0x7ca4647618, 0xffffff8008082c0c], 288230359199289049
[0x7c1e0222a0, 0xffffff8008082c0c], 288230359234517031
[0x7c1df11874, 0xffffff8008082c0c], 288230359234534480
[0x70ed3790, 0xffffff8008082c0c], 288230367534279635
[0x7c1dd9e5dc, 0xffffff8008082c0c], 288230359234558234
[0x7c1e022270, 0xffffff8008082c0c], 288230359234517032
[0x7ca4647618, 0xffffff8008082c0c], 288230359199289049
[0x7c1dd9e5dc, 0xffffff8008082c0c], 288230359234558234
[0x7c1dd9e5dc, 0xffffff8008082c0c], 288230359234558234
[0x7c1df11874, 0xffffff8008082c0c], 288230359234534480
[0x7c1ddadac4, 0xffffff8008082c0c], 288230359234557254
[0x7ca4647618, 0xffffff8008082c0c], 288230359199289049
[0x7ca4647618, 0xffffff8008082c0c], 288230359199289049
[0x7ca4647618, 0xffffff8008082c0c], 288230359199289049
[0x7ca4647618, 0xffffff8008082c0c], 288230359199289049
[0x7c1dd9e5dc, 0xffffff8008082c0c], 288230359234558234
[0x7c1dda198c, 0xffffff8008082c0c], 288230359234558027
[0x7ca4647618, 0xffffff8008082c0c], 288230359199289049
[0x7ca4647618, 0xffffff8008082c0c], 288230359199289049
[0x7079b398, 0xffffff8008082c0c], 288230367534397923
[0x708befc0, 0xffffff8008082c0c], 288230367534379250
[0x70b4120c, 0xffffff8008082c0c], 288230367534338153
[0x7ca14db080, 0xffffff8008082c0c], 288230359200098799
[0x7ca14dae20, 0xffffff8008082c0c], 288230359200098809
[0x7ca14dae20, 0xffffff8008082c0c], 288230359200098809
[0x7c1dfdea08, 0xffffff8008082c0c], 288230359234521353
[0x7c1dfdea08, 0xffffff8008082c0c], 288230359234521353
[0x707be6fc, 0xffffff8008082c0c], 288230367534395670
[0x707c13d0, 0xffffff8008082c0c], 288230367534395490
[0x70b618f0, 0xffffff8008082c0c], 288230367534336078
[0x70b3fe24, 0xffffff8008082c0c], 288230367534338233
[0x70a21100, 0xffffff8008082c0c], 288230367534356589
[0x70758724, 0xffffff8008082c0c], 288230367534402197
[0x70a2112c, 0xffffff8008082c0c], 288230367534356589
[0x70df04c0, 0xffffff8008082c0c], 288230367534294174
[0x70df0228, 0xffffff8008082c0c], 288230367534294185
[0x7c1dd75010, 0xffffff8008082c0c], 288230359234560881
[0x70cd7878, 0xffffff8008082c0c], 288230367534312144
[0x70db8540, 0xffffff8008082c0c], 288230367534297756
[0x70db859c, 0xffffff8008082c0c], 288230367534297755
[0x7c1ddc82ec, 0xffffff8008082c0c], 288230359234555558
[0x7c1dd9e5dc, 0xffffff8008082c0c], 288230359234558234
[0x7ca4647618, 0xffffff8008082c0c], 288230359199289049
[0x7ca4647618, 0xffffff8008082c0c], 288230359199289049
[0x7c1df11874, 0xffffff8008082c0c], 288230359234534480
[0x7c1e10ff90, 0xffffff8008082c0c], 288230359234501811
[0x7c1e10d36c, 0xffffff8008082c0c], 288230359234501988
[0x7c1dd75010, 0xffffff8008082c0c], 288230359234560881
[0x708667c0, 0xffffff8008082c0c], 288230367534384914
[0x70b3ff88, 0xffffff8008082c0c], 288230367534338227
[0x708667f0, 0xffffff8008082c0c], 288230367534384914
[0x70866818, 0xffffff8008082c0c], 288230367534384913
[0x70866830, 0xffffff8008082c0c], 288230367534384913
[0x708810e0, 0xffffff8008082c0c], 288230367534383214
[0x70defc30, 0xffffff8008082c0c], 288230367534294209
[0x70cc6860, 0xffffff8008082c0c], 288230367534313232
[0x70e00bb0, 0xffffff8008082c0c], 288230367534293123
[0x70866c00, 0xffffff8008082c0c], 288230367534384897
[0x70c8792c, 0xffffff8008082c0c], 288230367534317261
[0x70c8792c, 0xffffff8008082c0c], 288230367534317261
[0x70193dd4, 0xffffff8008082c0c], 288230367534496698
[0x70c87954, 0xffffff8008082c0c], 288230367534317260
[0x7ca14db080, 0xffffff8008082c0c], 288230359200098799
[0x7c1dd6d77c, 0xffffff8008082c0c], 288230359234561364
[0x70ae7678, 0xffffff8008082c0c], 288230367534343896
[0x70ae7688, 0xffffff8008082c0c], 288230367534343895
[0x70ae71d4, 0xffffff8008082c0c], 288230367534343914
[0x70ca2c1c, 0xffffff8008082c0c], 288230367534315521
[0x7c1dd75010, 0xffffff8008082c0c], 288230359234560881
[0x70ca2d44, 0xffffff8008082c0c], 288230367534315516
[0x70288414, 0xffffff8008082c0c], 288230367534481057
[0x7c1dd75010, 0xffffff8008082c0c], 288230359234560881
[0x70285f04, 0xffffff8008082c0c], 288230367534481205
[0x7089e470, 0xffffff8008082c0c], 288230367534381344
[0x7093b518, 0xffffff8008082c0c], 288230367534371293
[0x709c9e30, 0xffffff8008082c0c], 288230367534362169
[0x7c1dd75010, 0xffffff8008082c0c], 288230359234560881
[0x70b4120c, 0xffffff8008082c0c], 288230367534338153
[0x7c1e01fcb8, 0xffffff8008082c0c], 288230359234517183
[0x7c1dd7602c, 0xffffff8008082c0c], 288230359234560817
[0x7ca4647618, 0xffffff8008082c0c], 288230359199289049
[0x7ca148c1f0, 0xffffff8008082c0c], 288230359200103850
[0x7ca4647618, 0xffffff8008082c0c], 288230359199289049
[0x7ca14da800, 0xffffff8008082c0c], 288230359200098833
[0x7ca148d220, 0xffffff8008082c0c], 288230359200103785
[0x7ca14da7c0, 0xffffff8008082c0c], 288230359200098834
[0x7ca4647618, 0xffffff8008082c0c], 288230359199289049
[0x7ca4647618, 0xffffff8008082c0c], 288230359199289049
[0x7ca4647618, 0xffffff8008082c0c], 288230359199289049
[0x7ca4647618, 0xffffff8008082c0c], 288230359199289049
[0x7ca14db080, 0xffffff8008082c0c], 288230359200098799
[0x7ca4647618, 0xffffff8008082c0c], 288230359199289049
[0x7ca4647618, 0xffffff8008082c0c], 288230359199289049
[0x7ca4647618, 0xffffff8008082c0c], 288230359199289049
[0x7ca4647618, 0xffffff8008082c0c], 288230359199289049
[0x7ca4647618, 0xffffff8008082c0c], 288230359199289049
[0x7ca4647618, 0xffffff8008082c0c], 288230359199289049
[0x7ca4647618, 0xffffff8008082c0c], 288230359199289049
[0x7ca4647618, 0xffffff8008082c0c], 288230359199289049
[0x7ca4647618, 0xffffff8008082c0c], 288230359199289049
[0x7ca4647618, 0xffffff8008082c0c], 288230359199289049
[0x7ca4647618, 0xffffff8008082c0c], 288230359199289049
[0x7ca14dbe00, 0xffffff8008082c0c], 288230359200098745
[0x7ca4647618, 0xffffff8008082c0c], 288230359199289049
[0x7ca4647618, 0xffffff8008082c0c], 288230359199289049
[0x7ca4647618, 0xffffff8008082c0c], 288230359199289049
[0x7ca4647618, 0xffffff8008082c0c], 288230359199289049
[0x7ca4647618, 0xffffff8008082c0c], 288230359199289049
[0x7ca4647618, 0xffffff8008082c0c], 288230359199289049
[0x7ca4647618, 0xffffff8008082c0c], 288230359199289049
[0x7ca4647618, 0xffffff8008082c0c], 288230359199289049
[0x7ca4647618, 0xffffff8008082c0c], 288230359199289049
[0x7ca4647618, 0xffffff8008082c0c], 288230359199289049
[0x7ca4647618, 0xffffff8008082c0c], 288230359199289049
[0x7ca4647618, 0xffffff8008082c0c], 288230359199289049
[0x7ca4647618, 0xffffff8008082c0c], 288230359199289049
[0x7ca4647618, 0xffffff8008082c0c], 288230359199289049
[0x7ca4647618, 0xffffff8008082c0c], 288230359199289049
[0x7ca4647618, 0xffffff8008082c0c], 288230359199289049
[0x7ca4647618, 0xffffff8008082c0c], 288230359199289049
[0x7ca4647618, 0xffffff8008082c0c], 288230359199289049
[0x7ca14da800, 0xffffff8008082c0c], 288230359200098833
[0x7ca14db5a0, 0xffffff8008082c0c], 288230359200098779
[0x7ca4647618, 0xffffff8008082c0c], 288230359199289049
[0x7ca4647618, 0xffffff8008082c0c], 288230359199289049
[0x7ca4647618, 0xffffff8008082c0c], 288230359199289049
[0x7ca14db080, 0xffffff8008082c0c], 288230359200098799
[0x7ca14da6c0, 0xffffff8008082c0c], 288230359200098838
[0x7ca4647618, 0xffffff8008082c0c], 288230359199289049
[0x7ca14da6c0, 0xffffff8008082c0c], 288230359200098838
[0x7ca148d220, 0xffffff8008082c0c], 288230359200103785
[0x7ca14da800, 0xffffff8008082c0c], 288230359200098833
[0x7ca14db340, 0xffffff8008082c0c], 288230359200098788
[0x7ca14db380, 0xffffff8008082c0c], 288230359200098787
[0x7ca14dbb00, 0xffffff8008082c0c], 288230359200098757
[0x7ca14db480, 0xffffff8008082c0c], 288230359200098783
[0x7ca14db340, 0xffffff8008082c0c], 288230359200098788
[0x7ca14db380, 0xffffff8008082c0c], 288230359200098787
[0x7ca1d50298, 0xffffff8008082c0c], 288230359199960231
[0x7ca1cf9508, 0xffffff8008082c0c], 288230359199965789
[0x7ca148d220, 0xffffff8008082c0c], 288230359200103785
[0x7ca1475f2c, 0xffffff8008082c0c], 288230359200105269
[0x7ca148c3c4, 0xffffff8008082c0c], 288230359200103842
[0x7ca148c440, 0xffffff8008082c0c], 288230359200103840
[0x7ca2cdb62c, 0xffffff8008082c0c], 288230359199705561
[0x7ca2cdb62c, 0xffffff8008082c0c], 288230359199705561
[0x7ca2d044fc, 0xffffff8008082c0c], 288230359199702942
[0x7ca14db080, 0xffffff8008082c0c], 288230359200098799
[0x7ca14da800, 0xffffff8008082c0c], 288230359200098833
[0x7bb18f1840, 0xffffff8008082c0c], 288230359262946384
[0x7bb18f1840, 0xffffff8008082c0c], 288230359262946384
[0x7bb18f1800, 0xffffff8008082c0c], 288230359262946385
[0x7bb18f1800, 0xffffff8008082c0c], 288230359262946385
[0x7bb18f1800, 0xffffff8008082c0c], 288230359262946385
[0x7ca2c12278, 0xffffff8008082c0c], 288230359199718440
[0x7ca14da800, 0xffffff8008082c0c], 288230359200098833
[0x7f9bd9c220, 0xffffff8008082c0c], 288230359000201641
[0x7f9bd9c220, 0xffffff8008082c0c], 288230359000201641
[0x7f9bde9800, 0xffffff8008082c0c], 288230359000196689
[0x7ca14da800, 0xffffff8008082c0c], 288230359200098833
[0x7ca14da800, 0xffffff8008082c0c], 288230359200098833
[0x7ca14dbb00, 0xffffff8008082c0c], 288230359200098757
[0x7ca14db400, 0xffffff8008082c0c], 288230359200098785
[0x7ca14da900, 0xffffff8008082c0c], 288230359200098829
[0x7ca14db400, 0xffffff8008082c0c], 288230359200098785
[0x7ca14da980, 0xffffff8008082c0c], 288230359200098827
[0x7ca148ce90, 0xffffff8008082c0c], 288230359200103799
[0x7ca148ce98, 0xffffff8008082c0c], 288230359200103799
[0x7094c8bc, 0xffffff8008082c0c], 288230367534370191
[0x7094c8d0, 0xffffff8008082c0c], 288230367534370190
[0x7085e524, 0xffffff8008082c0c], 288230367534385437
[0x7085e534, 0xffffff8008082c0c], 288230367534385437
[0x7085e53c, 0xffffff8008082c0c], 288230367534385437
[0x708caa24, 0xffffff8008082c0c], 288230367534378505
[0x709f1d70, 0xffffff8008082c0c], 288230367534359612
[0x7c1ddc1f98, 0xffffff8008082c0c], 288230359234555955
[0x7c1e10ff90, 0xffffff8008082c0c], 288230359234501811
[0x7c1dd9e5dc, 0xffffff8008082c0c], 288230359234558234
[0x70846564, 0xffffff8008082c0c], 288230367534386972
[0x70846574, 0xffffff8008082c0c], 288230367534386972
[0x7c1e01fde4, 0xffffff8008082c0c], 288230359234517178
[0x7c1e01fe40, 0xffffff8008082c0c], 288230359234517176
[0x7c1e01fe50, 0xffffff8008082c0c], 288230359234517176
[0x7c1dd76010, 0xffffff8008082c0c], 288230359234560817
[0x7c1dd7602c, 0xffffff8008082c0c], 288230359234560817
[0x7c1dd75010, 0xffffff8008082c0c], 288230359234560881
[0x70b41dd8, 0xffffff8008082c0c], 288230367534338106
[0x70ae7874, 0xffffff8008082c0c], 288230367534343888
[0x70ae8af0, 0xffffff8008082c0c], 288230367534343814
[0x7ca4647618, 0xffffff8008082c0c], 288230359199289049
[0x7ca4647618, 0xffffff8008082c0c], 288230359199289049
[0x7c1e00f7ac, 0xffffff8008082c0c], 288230359234518227
[0x7ca14da800, 0xffffff8008082c0c], 288230359200098833
[0x7ca148d220, 0xffffff8008082c0c], 288230359200103785
[0x7ca14dae00, 0xffffff8008082c0c], 288230359200098809
[0x7ca14da800, 0xffffff8008082c0c], 288230359200098833
[0x7ca14dae00, 0xffffff8008082c0c], 288230359200098809
[0x7ca14da800, 0xffffff8008082c0c], 288230359200098833
[0x7ca4647618, 0xffffff8008082c0c], 288230359199289049
[0x7ca14dad80, 0xffffff8008082c0c], 288230359200098811
[0x7ca4647618, 0xffffff8008082c0c], 288230359199289049
[0x7ca14dad80, 0xffffff8008082c0c], 288230359200098811
[0x7ca14dae00, 0xffffff8008082c0c], 288230359200098809
[0x7ca14da800, 0xffffff8008082c0c], 288230359200098833
[0x7ca14db060, 0xffffff8008082c0c], 288230359200098800
[0x7ca14da500, 0xffffff8008082c0c], 288230359200098845
[0x7ca14da800, 0xffffff8008082c0c], 288230359200098833
[0x7ca14dae00, 0xffffff8008082c0c], 288230359200098809
[0x7ca14da800, 0xffffff8008082c0c], 288230359200098833
[0x7ca14da500, 0xffffff8008082c0c], 288230359200098845
[0x7ca148d220, 0xffffff8008082c0c], 288230359200103785
[0x7ca14da800, 0xffffff8008082c0c], 288230359200098833
[0x7ca148ed00, 0xffffff8008082c0c], 288230359200103677
[0x7ca148d220, 0xffffff8008082c0c], 288230359200103785
[0x7ca14dae00, 0xffffff8008082c0c], 288230359200098809
[0x7bc6a4b130, 0xffffff8008082c0c], 288230359257419245
[0x7bc6a4b130, 0xffffff8008082c0c], 288230359257419245
[0x7bc6a4b700, 0xffffff8008082c0c], 288230359257419221
[0x7ca1cf9508, 0xffffff8008082c0c], 288230359199965789
[0x7ca14db080, 0xffffff8008082c0c], 288230359200098799
[0x7ca14da520, 0xffffff8008082c0c], 288230359200098845
[0xffffff80085321d8, 0xffffff8008082a0c], 288230376151634978
[0x7ca14da800, 0xffffff8008082c0c], 288230359200098833
[0x7bb18f1840, 0xffffff8008082c0c], 288230359262946384
[0x7bb18f1840, 0xffffff8008082c0c], 288230359262946384
[0x7bb18f1800, 0xffffff8008082c0c], 288230359262946385
[0x7bb18f1800, 0xffffff8008082c0c], 288230359262946385
[0x7bb18f1800, 0xffffff8008082c0c], 288230359262946385
[0x7bc6aad020, 0xffffff8008082c0c], 288230359257412977
[0x7bc6aad058, 0xffffff8008082c0c], 288230359257412976
[0x7ca2cdb62c, 0xffffff8008082c0c], 288230359199705561
[0x7ca148d220, 0xffffff8008082c0c], 288230359200103785
[0x7ca2ce8e3c, 0xffffff8008082c0c], 288230359199704697
[0x7ca14da800, 0xffffff8008082c0c], 288230359200098833
[0x7028915220, 0xffffff8008082c0c], 288230360037055337
[0x7028962820, 0xffffff8008082c0c], 288230360037050385
[0x7028962d80, 0xffffff8008082c0c], 288230360037050363
[0x7028962e00, 0xffffff8008082c0c], 288230360037050361
[0x7028962800, 0xffffff8008082c0c], 288230360037050385
[0x7028962500, 0xffffff8008082c0c], 288230360037050397
[0x7028962800, 0xffffff8008082c0c], 288230360037050385
[0x7028962e00, 0xffffff8008082c0c], 288230360037050361
[0x7028962800, 0xffffff8008082c0c], 288230360037050385
[0x7028962500, 0xffffff8008082c0c], 288230360037050397
[0x7028915220, 0xffffff8008082c0c], 288230360037055337
[0x7028962800, 0xffffff8008082c0c], 288230360037050385
[0x7ca14dad80, 0xffffff8008082c0c], 288230359200098811
[0x7ca14da500, 0xffffff8008082c0c], 288230359200098845
[0x7ca14dac40, 0xffffff8008082c0c], 288230359200098816
[0x7ca14da500, 0xffffff8008082c0c], 288230359200098845
[0x7ca14dae00, 0xffffff8008082c0c], 288230359200098809
[0x7ca14da500, 0xffffff8008082c0c], 288230359200098845
[0x7ca14da800, 0xffffff8008082c0c], 288230359200098833
[0x7ca14dad80, 0xffffff8008082c0c], 288230359200098811
[0x7ca14da500, 0xffffff8008082c0c], 288230359200098845
[0x7c1ddd2a4c, 0xffffff8008082c0c], 288230359234554888
[0x7c1e05a9ec, 0xffffff8008082c0c], 288230359234513418
[0x7c1e05ac00, 0xffffff8008082c0c], 288230359234513409
[0x7c1df40adc, 0xffffff8008082c0c], 288230359234531462
[0x7c1df40ae8, 0xffffff8008082c0c], 288230359234531462
[0x70ac0620, 0xffffff8008082c0c], 288230367534346393
[0x70ac0624, 0xffffff8008082c0c], 288230367534346393
[0x70ac2a9c, 0xffffff8008082c0c], 288230367534346247
[0x70ac2ab4, 0xffffff8008082c0c], 288230367534346247
[0x70c21440, 0xffffff8008082c0c], 288230367534323808
[0x70c2147c, 0xffffff8008082c0c], 288230367534323808
[0x7c1ddd2a4c, 0xffffff8008082c0c], 288230359234554888
[0x700b1270, 0xffffff8008082c0c], 288230367534511208
[0x70ac0620, 0xffffff8008082c0c], 288230367534346393
[0x70c2171c, 0xffffff8008082c0c], 288230367534323797
[0x7ca14dad80, 0xffffff8008082c0c], 288230359200098811
[0x70bc1284, 0xffffff8008082c0c], 288230367534329959
[0x700ad0c0, 0xffffff8008082c0c], 288230367534511470
[0x7c1dd8a074, 0xffffff8008082c0c], 288230359234559536
[0x7c1e01fcd0, 0xffffff8008082c0c], 288230359234517182
[0x7c1e01fcf0, 0xffffff8008082c0c], 288230359234517182
[0x7ca14dae00, 0xffffff8008082c0c], 288230359200098809
[0x7ca14da800, 0xffffff8008082c0c], 288230359200098833
[0x7ca14db340, 0xffffff8008082c0c], 288230359200098788
[0x7ca14da800, 0xffffff8008082c0c], 288230359200098833
[0x70b40790, 0xffffff8008082c0c], 288230367534338195
[0x7ca14dae00, 0xffffff8008082c0c], 288230359200098809
[0x7ca14da800, 0xffffff8008082c0c], 288230359200098833
[0x7ca14da500, 0xffffff8008082c0c], 288230359200098845
[0x7c1dd75010, 0xffffff8008082c0c], 288230359234560881
[0x7ca14da800, 0xffffff8008082c0c], 288230359200098833
[0x7ca148d220, 0xffffff8008082c0c], 288230359200103785
[0x7ca14da800, 0xffffff8008082c0c], 288230359200098833
[0x7ca148d220, 0xffffff8008082c0c], 288230359200103785
[0x7ca14da800, 0xffffff8008082c0c], 288230359200098833
[0x70a21150, 0xffffff8008082c0c], 288230367534356588
[0x70a21190, 0xffffff8008082c0c], 288230367534356587
[0x70a211b8, 0xffffff8008082c0c], 288230367534356587
[0x708667f0, 0xffffff8008082c0c], 288230367534384914
[0x708667f4, 0xffffff8008082c0c], 288230367534384914
[0x70866818, 0xffffff8008082c0c], 288230367534384913
[0x708810e0, 0xffffff8008082c0c], 288230367534383214
[0x7098b474, 0xffffff8008082c0c], 288230367534366176
[0x70e2a3c0, 0xffffff8008082c0c], 288230367534290466
[0x70a2147c, 0xffffff8008082c0c], 288230367534356576
[0x70a214b8, 0xffffff8008082c0c], 288230367534356575
[0x70a214d4, 0xffffff8008082c0c], 288230367534356574
[0x7072a5f0, 0xffffff8008082c0c], 288230367534405146
[0x70cd8304, 0xffffff8008082c0c], 288230367534312101
[0x70c02e50, 0xffffff8008082c0c], 288230367534325752
[0x708487cc, 0xffffff8008082c0c], 288230367534386834
[0x7c1e10ff90, 0xffffff8008082c0c], 288230359234501811
[0x7ca148c440, 0xffffff8008082c0c], 288230359200103840
[0x7ca043fb10, 0xffffff8008082c0c], 288230359200370885
[0x7ca043fb10, 0xffffff8008082c0c], 288230359200370885
[0x7ca043fb10, 0xffffff8008082c0c], 288230359200370885
[0x7ca043fc80, 0xffffff8008082c0c], 288230359200370879
[0x7ca043fc80, 0xffffff8008082c0c], 288230359200370879
[0x7ca148c1f0, 0xffffff8008082c0c], 288230359200103850
[0x7ca148c220, 0xffffff8008082c0c], 288230359200103849
[0x7ca148c220, 0xffffff8008082c0c], 288230359200103849
[0x7ca148c220, 0xffffff8008082c0c], 288230359200103849
[0x7ca043fc98, 0xffffff8008082c0c], 288230359200370879
[0x7ca043fc98, 0xffffff8008082c0c], 288230359200370879
[0x7ca043fc98, 0xffffff8008082c0c], 288230359200370879
[0x7ca043fc80, 0xffffff8008082c0c], 288230359200370879
[0x7ca148c220, 0xffffff8008082c0c], 288230359200103849
[0x7ca148c220, 0xffffff8008082c0c], 288230359200103849
[0x7ca148c220, 0xffffff8008082c0c], 288230359200103849
[0x7ca043fc80, 0xffffff8008082c0c], 288230359200370879
[0x7ca043fc80, 0xffffff8008082c0c], 288230359200370879
[0x7ca043fc80, 0xffffff8008082c0c], 288230359200370879
[0x7ca148c220, 0xffffff8008082c0c], 288230359200103849
[0x7ca043fc80, 0xffffff8008082c0c], 288230359200370879
[0x7ca043fc80, 0xffffff8008082c0c], 288230359200370879
[0x7ca043fc80, 0xffffff8008082c0c], 288230359200370879
[0x7ca148c3c4, 0xffffff8008082c0c], 288230359200103842
[0x7ca0440bf4, 0xffffff8008082c0c], 288230359200370818
[0x7ca0440c08, 0xffffff8008082c0c], 288230359200370817
[0x7ca0440c14, 0xffffff8008082c0c], 288230359200370817
[0x7ca0440c08, 0xffffff8008082c0c], 288230359200370817
[0x7ca0440c14, 0xffffff8008082c0c], 288230359200370817
[0x7ca0440c08, 0xffffff8008082c0c], 288230359200370817
[0x7ca0440c14, 0xffffff8008082c0c], 288230359200370817
[0x7ca0440c08, 0xffffff8008082c0c], 288230359200370817
[0x7ca0440c14, 0xffffff8008082c0c], 288230359200370817
[0x7ca0440c08, 0xffffff8008082c0c], 288230359200370817
[0x7ca0440c14, 0xffffff8008082c0c], 288230359200370817
[0x7ca148c1f0, 0xffffff8008082c0c], 288230359200103850
[0x7ca148c220, 0xffffff8008082c0c], 288230359200103849
[0x7ca148c220, 0xffffff8008082c0c], 288230359200103849
[0x7ca148c220, 0xffffff8008082c0c], 288230359200103849
[0x7ca148c220, 0xffffff8008082c0c], 288230359200103849
[0x7ca148c220, 0xffffff8008082c0c], 288230359200103849
[0x7ca148c220, 0xffffff8008082c0c], 288230359200103849
[0x7ca148c1f0, 0xffffff8008082c0c], 288230359200103850
[0x7ca043fc80, 0xffffff8008082c0c], 288230359200370879
[0x7ca043fc80, 0xffffff8008082c0c], 288230359200370879
[0x7ca148c220, 0xffffff8008082c0c], 288230359200103849
[0x7ca148c220, 0xffffff8008082c0c], 288230359200103849
[0x7ca148c220, 0xffffff8008082c0c], 288230359200103849
[0x7ca148c220, 0xffffff8008082c0c], 288230359200103849
[0x7ca148c220, 0xffffff8008082c0c], 288230359200103849
[0x7ca148c1f0, 0xffffff8008082c0c], 288230359200103850
[0x7ca148c220, 0xffffff8008082c0c], 288230359200103849
[0x7ca148c220, 0xffffff8008082c0c], 288230359200103849
[0x7ca148c220, 0xffffff8008082c0c], 288230359200103849
[0x7ca043fc80, 0xffffff8008082c0c], 288230359200370879
[0x7ca043fc80, 0xffffff8008082c0c], 288230359200370879
[0x7ca043fc80, 0xffffff8008082c0c], 288230359200370879
[0x7ca043fc80, 0xffffff8008082c0c], 288230359200370879
[0x7ca043fd34, 0xffffff8008082c0c], 288230359200370877
[0x7ca043fc80, 0xffffff8008082c0c], 288230359200370879
[0x7ca043fc80, 0xffffff8008082c0c], 288230359200370879
[0x7ca043fc80, 0xffffff8008082c0c], 288230359200370879
[0x7ca043fc80, 0xffffff8008082c0c], 288230359200370879
[0x7ca043fc80, 0xffffff8008082c0c], 288230359200370879
[0x7ca043fc80, 0xffffff8008082c0c], 288230359200370879
[0x7ca043fc80, 0xffffff8008082c0c], 288230359200370879
[0x7ca043fc80, 0xffffff8008082c0c], 288230359200370879
[0x7ca043fc80, 0xffffff8008082c0c], 288230359200370879
[0x7ca043fc80, 0xffffff8008082c0c], 288230359200370879
[0x7ca043fc80, 0xffffff8008082c0c], 288230359200370879
[0x7ca043fc80, 0xffffff8008082c0c], 288230359200370879
[0x7ca043fc80, 0xffffff8008082c0c], 288230359200370879
[0x7ca043fc80, 0xffffff8008082c0c], 288230359200370879
[0x7ca043fc80, 0xffffff8008082c0c], 288230359200370879
[0x7ca043fc80, 0xffffff8008082c0c], 288230359200370879
[0x7ca043fc80, 0xffffff8008082c0c], 288230359200370879
[0x7ca043fc80, 0xffffff8008082c0c], 288230359200370879
[0x7ca043fc80, 0xffffff8008082c0c], 288230359200370879
[0x7ca043fc80, 0xffffff8008082c0c], 288230359200370879
[0x7ca148c1f0, 0xffffff8008082c0c], 288230359200103850
[0x7ca043fc80, 0xffffff8008082c0c], 288230359200370879
[0x7ca043fc80, 0xffffff8008082c0c], 288230359200370879
[0x7ca043fc80, 0xffffff8008082c0c], 288230359200370879
[0x7ca043fc80, 0xffffff8008082c0c], 288230359200370879
[0x7ca043fc80, 0xffffff8008082c0c], 288230359200370879
[0x7ca148c220, 0xffffff8008082c0c], 288230359200103849
[0x7ca148c1f0, 0xffffff8008082c0c], 288230359200103850
[0x7ca148c220, 0xffffff8008082c0c], 288230359200103849
[0x7ca148c220, 0xffffff8008082c0c], 288230359200103849
[0x7ca148c220, 0xffffff8008082c0c], 288230359200103849
[0x7ca148c220, 0xffffff8008082c0c], 288230359200103849
[0x7ca148c220, 0xffffff8008082c0c], 288230359200103849
[0x7ca043fc80, 0xffffff8008082c0c], 288230359200370879
[0x7ca043fc80, 0xffffff8008082c0c], 288230359200370879
[0x7ca043fc80, 0xffffff8008082c0c], 288230359200370879
[0x7ca043fc80, 0xffffff8008082c0c], 288230359200370879
[0x7ca043fc80, 0xffffff8008082c0c], 288230359200370879
[0x7ca148c220, 0xffffff8008082c0c], 288230359200103849
[0x7ca148c1f0, 0xffffff8008082c0c], 288230359200103850
[0x7ca148c220, 0xffffff8008082c0c], 288230359200103849
[0x7ca148c220, 0xffffff8008082c0c], 288230359200103849
[0x7ca148c220, 0xffffff8008082c0c], 288230359200103849
[0x7ca148c220, 0xffffff8008082c0c], 288230359200103849
[0x7ca043fc80, 0xffffff8008082c0c], 288230359200370879
[0x7ca043fc80, 0xffffff8008082c0c], 288230359200370879
[0x7ca043fc80, 0xffffff8008082c0c], 288230359200370879
[0x7ca043fc80, 0xffffff8008082c0c], 288230359200370879
[0x7ca043fc80, 0xffffff8008082c0c], 288230359200370879
[0x7ca148c220, 0xffffff8008082c0c], 288230359200103849
[0x7ca148c3c4, 0xffffff8008082c0c], 288230359200103842
[0x707c9b2c, 0xffffff8008082c0c], 288230367534394949
[0x707c9b38, 0xffffff8008082c0c], 288230367534394949
[0x7c1dd75010, 0xffffff8008082c0c], 288230359234560881
[0x70a22af0, 0xffffff8008082c0c], 288230367534356486
[0x7c1dd7602c, 0xffffff8008082c0c], 288230359234560817
[0x709634d0, 0xffffff8008082c0c], 288230367534368734
[0x7ca14da800, 0xffffff8008082c0c], 288230359200098833
[0x7ca148d220, 0xffffff8008082c0c], 288230359200103785
50000000 instrs 
[0x7ca14da7c0, 0xffffff8008082c0c], 288230359200098834
[0x7ca14db080, 0xffffff8008082c0c], 288230359200098799
[0x7ca4647618, 0xffffff8008082c0c], 288230359199289049
[0x7ca14dbe00, 0xffffff8008082c0c], 288230359200098745
[0x7ca14da800, 0xffffff8008082c0c], 288230359200098833
[0x7ca14db5a0, 0xffffff8008082c0c], 288230359200098779
[0x7ca4647618, 0xffffff8008082c0c], 288230359199289049
[0x7ca4647618, 0xffffff8008082c0c], 288230359199289049
[0x7ca4647618, 0xffffff8008082c0c], 288230359199289049
[0x7ca4647618, 0xffffff8008082c0c], 288230359199289049
[0x7ca4647618, 0xffffff8008082c0c], 288230359199289049
[0x7ca4647618, 0xffffff8008082c0c], 288230359199289049
[0x7ca4647618, 0xffffff8008082c0c], 288230359199289049
[0x7ca4647618, 0xffffff8008082c0c], 288230359199289049
[0x7ca4647618, 0xffffff8008082c0c], 288230359199289049
[0x7ca14da800, 0xffffff8008082c0c], 288230359200098833
[0x7ca4647618, 0xffffff8008082c0c], 288230359199289049
[0x7ca4647618, 0xffffff8008082c0c], 288230359199289049
[0x7ca4647618, 0xffffff8008082c0c], 288230359199289049
[0x7ca4647618, 0xffffff8008082c0c], 288230359199289049
[0x7ca4647618, 0xffffff8008082c0c], 288230359199289049
[0x7ca4647618, 0xffffff8008082c0c], 288230359199289049
[0x7ca4647618, 0xffffff8008082c0c], 288230359199289049
[0x7ca4647618, 0xffffff8008082c0c], 288230359199289049
[0x7ca14da800, 0xffffff8008082c0c], 288230359200098833
[0x7ca14db080, 0xffffff8008082c0c], 288230359200098799
[0x7ca14da6c0, 0xffffff8008082c0c], 288230359200098838
[0x7ca4647618, 0xffffff8008082c0c], 288230359199289049
[0x7ca14da6c0, 0xffffff8008082c0c], 288230359200098838
[0x7ca148d220, 0xffffff8008082c0c], 288230359200103785
[0x7c1dd75028, 0xffffff8008082c0c], 288230359234560881
[0x7ca148d220, 0xffffff8008082c0c], 288230359200103785
[0x7ca14da800, 0xffffff8008082c0c], 288230359200098833
[0x7ca148d220, 0xffffff8008082c0c], 288230359200103785
[0x7c1e02ff40, 0xffffff8008082c0c], 288230359234516148
[0x7077adb0, 0xffffff8008082c0c], 288230367534399995
[0x7ca148d220, 0xffffff8008082c0c], 288230359200103785
[0x7ca14da800, 0xffffff8008082c0c], 288230359200098833
[0x7ca148d220, 0xffffff8008082c0c], 288230359200103785
[0x7ca14da800, 0xffffff8008082c0c], 288230359200098833
[0x7ca14db340, 0xffffff8008082c0c], 288230359200098788
[0x7ca14db380, 0xffffff8008082c0c], 288230359200098787
[0x7ca14dbb00, 0xffffff8008082c0c], 288230359200098757
[0x7ca14db480, 0xffffff8008082c0c], 288230359200098783
[0x7ca14db340, 0xffffff8008082c0c], 288230359200098788
[0x7ca14db380, 0xffffff8008082c0c], 288230359200098787
[0x7ca14db980, 0xffffff8008082c0c], 288230359200098763
[0x7ca1477790, 0xffffff8008082c0c], 288230359200105171
[0x7ca148c3c4, 0xffffff8008082c0c], 288230359200103842
[0x7ca148c440, 0xffffff8008082c0c], 288230359200103840
[0x7ca14da820, 0xffffff8008082c0c], 288230359200098833
[0x7ca14dbe00, 0xffffff8008082c0c], 288230359200098745
[0x7ca14da500, 0xffffff8008082c0c], 288230359200098845
[0x7ca14db480, 0xffffff8008082c0c], 288230359200098783
[0x7ca14db480, 0xffffff8008082c0c], 288230359200098783
[0x7ca262c6d0, 0xffffff8008082c0c], 288230359199815062
[0x7ca14db980, 0xffffff8008082c0c], 288230359200098763
[0x7c1e12d9b8, 0xffffff8008082c0c], 288230359234499915
[0x7c1e12d9d8, 0xffffff8008082c0c], 288230359234499914
[0x7ca148c41c, 0xffffff8008082c0c], 288230359200103841
[0x7ca14db380, 0xffffff8008082c0c], 288230359200098787
[0x7ca14db280, 0xffffff8008082c0c], 288230359200098791
[0x7ca14db340, 0xffffff8008082c0c], 288230359200098788
[0x7ca14db480, 0xffffff8008082c0c], 288230359200098783
[0x7ca14db380, 0xffffff8008082c0c], 288230359200098787
[0x7c1ddc22f0, 0xffffff8008082c0c], 288230359234555942
[0x7c1ded4e70, 0xffffff8008082c0c], 288230359234538360
[0x7c1ded4e74, 0xffffff8008082c0c], 288230359234538360
[0x7ca14da7c0, 0xffffff8008082c0c], 288230359200098834
[0x70011ac0, 0xffffff8008082c0c], 288230367534521414
[0x7ca14db480, 0xffffff8008082c0c], 288230359200098783
[0x7ca2690c2c, 0xffffff8008082c0c], 288230359199808641
[0x7ca25ac744, 0xffffff8008082c0c], 288230359199823252
[0x7ca03ce234, 0xffffff8008082c0c], 288230359200378153
[0x7ca03d9760, 0xffffff8008082c0c], 288230359200377428
[0x7ca03d9760, 0xffffff8008082c0c], 288230359200377428
[0x7ca03cb238, 0xffffff8008082c0c], 288230359200378345
[0x7ca14efb10, 0xffffff8008082c0c], 288230359200097477
[0x7ca14efb34, 0xffffff8008082c0c], 288230359200097477
[0x7ca148c970, 0xffffff8008082c0c], 288230359200103820
[0x7ca14db080, 0xffffff8008082c0c], 288230359200098799
[0x7ca14da800, 0xffffff8008082c0c], 288230359200098833
[0x7bb18f1840, 0xffffff8008082c0c], 288230359262946384
[0x7bb18f1840, 0xffffff8008082c0c], 288230359262946384
[0x7bb18f1800, 0xffffff8008082c0c], 288230359262946385
[0x7bb18f1800, 0xffffff8008082c0c], 288230359262946385
[0x7bb18f1800, 0xffffff8008082c0c], 288230359262946385
[0x70a28c3c, 0xffffff8008082c0c], 288230367534356097
[0x7ca148c360, 0xffffff8008082c0c], 288230359200103844
[0x7c1ddb361c, 0xffffff8008082c0c], 288230359234556889
[0x7ca4647618, 0xffffff8008082c0c], 288230359199289049
[0x7ca4647618, 0xffffff8008082c0c], 288230359199289049
[0x7c1e01db8c, 0xffffff8008082c0c], 288230359234517315
[0x7c1dda198c, 0xffffff8008082c0c], 288230359234558027
[0x7c1dd9e5dc, 0xffffff8008082c0c], 288230359234558234
[0x7c1dd9e5dc, 0xffffff8008082c0c], 288230359234558234
[0x7c1dd9e628, 0xffffff8008082c0c], 288230359234558233
[0x7c1dd9e5dc, 0xffffff8008082c0c], 288230359234558234
[0x7c1dd9e5dc, 0xffffff8008082c0c], 288230359234558234
[0x7ca4647618, 0xffffff8008082c0c], 288230359199289049
[0x7c1dd9e5dc, 0xffffff8008082c0c], 288230359234558234
[0x7c1e023f50, 0xffffff8008082c0c], 288230359234516916
[0x7c1e023f50, 0xffffff8008082c0c], 288230359234516916
[0x7c1e0237cc, 0xffffff8008082c0c], 288230359234516946
[0x7c1e0238a4, 0xffffff8008082c0c], 288230359234516943
[0x7c1e0238a4, 0xffffff8008082c0c], 288230359234516943
[0x7ca4647618, 0xffffff8008082c0c], 288230359199289049
[0x7ca4647618, 0xffffff8008082c0c], 288230359199289049
[0x7ca4647618, 0xffffff8008082c0c], 288230359199289049
[0x7c1df11874, 0xffffff8008082c0c], 288230359234534480
[0x7c1dda198c, 0xffffff8008082c0c], 288230359234558027
[0x7c1dd9e5dc, 0xffffff8008082c0c], 288230359234558234
[0x7c1dd9e5dc, 0xffffff8008082c0c], 288230359234558234
[0x7c1ddadc90, 0xffffff8008082c0c], 288230359234557247
[0x7c1dda54d0, 0xffffff8008082c0c], 288230359234557790
[0x7ca4647618, 0xffffff8008082c0c], 288230359199289049
[0x7ca4647618, 0xffffff8008082c0c], 288230359199289049
[0x7ca4647618, 0xffffff8008082c0c], 288230359199289049
[0x7ca4647618, 0xffffff8008082c0c], 288230359199289049
[0x7c1e0222a0, 0xffffff8008082c0c], 288230359234517031
[0x7ca4647618, 0xffffff8008082c0c], 288230359199289049
[0x7ca4647618, 0xffffff8008082c0c], 288230359199289049
[0x7c1df11874, 0xffffff8008082c0c], 288230359234534480
[0x7ca4647618, 0xffffff8008082c0c], 288230359199289049
[0x7c1df11874, 0xffffff8008082c0c], 288230359234534480
[0x7c1dda198c, 0xffffff8008082c0c], 288230359234558027
[0x7c1df11874, 0xffffff8008082c0c], 288230359234534480
[0x7ca4647618, 0xffffff8008082c0c], 288230359199289049
[0x7c1dd9e5dc, 0xffffff8008082c0c], 288230359234558234
[0x7c1dd9e5dc, 0xffffff8008082c0c], 288230359234558234
[0x7c1e023f50, 0xffffff8008082c0c], 288230359234516916
[0x7c1dd9e5dc, 0xffffff8008082c0c], 288230359234558234
[0x7c1dd9e5dc, 0xffffff8008082c0c], 288230359234558234
[0x7c1ddb6aec, 0xffffff8008082c0c], 288230359234556678
[0x7c1e0237cc, 0xffffff8008082c0c], 288230359234516946
[0x7ca148c220, 0xffffff8008082c0c], 288230359200103849
[0x7ca4647618, 0xffffff8008082c0c], 288230359199289049
[0x7ca4647618, 0xffffff8008082c0c], 288230359199289049
[0x7ca4647618, 0xffffff8008082c0c], 288230359199289049
[0x7ca4647618, 0xffffff8008082c0c], 288230359199289049
[0x7ca4647618, 0xffffff8008082c0c], 288230359199289049
[0x7ca4647618, 0xffffff8008082c0c], 288230359199289049
[0x7ca4647618, 0xffffff8008082c0c], 288230359199289049
[0x7c1e023888, 0xffffff8008082c0c], 288230359234516943
[0x7c1dd9f124, 0xffffff8008082c0c], 288230359234558189
[0x7c1e01cec8, 0xffffff8008082c0c], 288230359234517366
[0x7c1dda198c, 0xffffff8008082c0c], 288230359234558027
[0x7ca4647618, 0xffffff8008082c0c], 288230359199289049
[0x7ca4647618, 0xffffff8008082c0c], 288230359199289049
[0x70b5a8d4, 0xffffff8008082c0c], 288230367534336526
[0x707d2804, 0xffffff8008082c0c], 288230367534394385
[0x707ce728, 0xffffff8008082c0c], 288230367534394645
[0x707ce738, 0xffffff8008082c0c], 288230367534394645
[0x707ce73c, 0xffffff8008082c0c], 288230367534394645
[0x70b53bdc, 0xffffff8008082c0c], 288230367534336962
[0x70b53bf4, 0xffffff8008082c0c], 288230367534336962
[0x7c1dd75010, 0xffffff8008082c0c], 288230359234560881
[0x707cbff8, 0xffffff8008082c0c], 288230367534394802
[0x7ca14db4a0, 0xffffff8008082c0c], 288230359200098783
[0x7ca14db4a0, 0xffffff8008082c0c], 288230359200098783
[0x7ca14db340, 0xffffff8008082c0c], 288230359200098788
[0x7ca148c3c4, 0xffffff8008082c0c], 288230359200103842
[0x7ca148c440, 0xffffff8008082c0c], 288230359200103840
[0x7ca148c440, 0xffffff8008082c0c], 288230359200103840
[0x7ca148c440, 0xffffff8008082c0c], 288230359200103840
[0x7ca148c440, 0xffffff8008082c0c], 288230359200103840
[0x7ca148c440, 0xffffff8008082c0c], 288230359200103840
[0x7ca148c440, 0xffffff8008082c0c], 288230359200103840
[0x7ca148c440, 0xffffff8008082c0c], 288230359200103840
[0x7ca148c440, 0xffffff8008082c0c], 288230359200103840
[0x7ca148c3c4, 0xffffff8008082c0c], 288230359200103842
[0x7ca148c440, 0xffffff8008082c0c], 288230359200103840
[0x7ca148c440, 0xffffff8008082c0c], 288230359200103840
[0x7ca148c440, 0xffffff8008082c0c], 288230359200103840
[0x7ca148c440, 0xffffff8008082c0c], 288230359200103840
[0x7ca148c440, 0xffffff8008082c0c], 288230359200103840
[0x7ca148c440, 0xffffff8008082c0c], 288230359200103840
[0x7ca148c440, 0xffffff8008082c0c], 288230359200103840
[0x7ca148c440, 0xffffff8008082c0c], 288230359200103840
[0x7ca0bdbffc, 0xffffff8008082c0c], 288230359200246194
[0x7ca0bdc024, 0xffffff8008082c0c], 288230359200246193
[0x7ca0bdc0d8, 0xffffff8008082c0c], 288230359200246190
[0x7ca0bdc1dc, 0xffffff8008082c0c], 288230359200246186
[0x7c9ff1c114, 0xffffff8008082c0c], 288230359200455085
[0x7ca148c1f0, 0xffffff8008082c0c], 288230359200103850
[0x7ca0bdece4, 0xffffff8008082c0c], 288230359200246014
[0x7ca14db340, 0xffffff8008082c0c], 288230359200098788
[0x7ca14db480, 0xffffff8008082c0c], 288230359200098783
[0x7ca1479d7c, 0xffffff8008082c0c], 288230359200105020
[0x7ca1479da0, 0xffffff8008082c0c], 288230359200105019
[0x7ca148c1f0, 0xffffff8008082c0c], 288230359200103850
[0x7ca148c220, 0xffffff8008082c0c], 288230359200103849
[0x7ca148c220, 0xffffff8008082c0c], 288230359200103849
[0x7ca14db400, 0xffffff8008082c0c], 288230359200098785
[0x7c1e1afad8, 0xffffff8008082c0c], 288230359234491590
[0x707c2818, 0xffffff8008082c0c], 288230367534395409
[0x7c1e1dd460, 0xffffff8008082c0c], 288230359234488672
[0x7c1e03cd5c, 0xffffff8008082c0c], 288230359234515324
[0x7c1dd804cc, 0xffffff8008082c0c], 288230359234560158
[0x7c1e1afad8, 0xffffff8008082c0c], 288230359234491590
[0x707feb88, 0xffffff8008082c0c], 288230367534391555
[0x7c1e1b34f4, 0xffffff8008082c0c], 288230359234491358
[0x7c1e1b3530, 0xffffff8008082c0c], 288230359234491357
[0x707febac, 0xffffff8008082c0c], 288230367534391555
[0x70802f50, 0xffffff8008082c0c], 288230367534391284
[0x7091fa20, 0xffffff8008082c0c], 288230367534373065
[0x7091fa98, 0xffffff8008082c0c], 288230367534373063
[0x7091fd6c, 0xffffff8008082c0c], 288230367534373052
[0x7ca084dcac, 0xffffff8008082c0c], 288230359200304447
[0x7ca084dcbc, 0xffffff8008082c0c], 288230359200304447
[0x7ca084d794, 0xffffff8008082c0c], 288230359200304467
[0x7091fe34, 0xffffff8008082c0c], 288230367534373049
[0x70920b30, 0xffffff8008082c0c], 288230367534372997
[0x70920b60, 0xffffff8008082c0c], 288230367534372996
[0x708022bc, 0xffffff8008082c0c], 288230367534391335
[0x707e93d0, 0xffffff8008082c0c], 288230367534392930
[0x708022dc, 0xffffff8008082c0c], 288230367534391334
[0x7ca084dcbc, 0xffffff8008082c0c], 288230359200304447
[0x7ca08f5c0c, 0xffffff8008082c0c], 288230359200293697
[0x7ca26eb608, 0xffffff8008082c0c], 288230359199802841
[0x7091ff6c, 0xffffff8008082c0c], 288230367534373044
[0x709235e0, 0xffffff8008082c0c], 288230367534372826
[0x707c86d4, 0xffffff8008082c0c], 288230367534395030
[0x70b61694, 0xffffff8008082c0c], 288230367534336087
[0x7c1dd75010, 0xffffff8008082c0c], 288230359234560881
[0x7092116c, 0xffffff8008082c0c], 288230367534372972
[0x701b2880, 0xffffff8008082c0c], 288230367534494735
[0x701b2898, 0xffffff8008082c0c], 288230367534494735
[0x709211b0, 0xffffff8008082c0c], 288230367534372971
[0x7c1dd76010, 0xffffff8008082c0c], 288230359234560817
[0x7c1dd75010, 0xffffff8008082c0c], 288230359234560881
[0x7ca25a5794, 0xffffff8008082c0c], 288230359199823699
[0x7ca25a57bc, 0xffffff8008082c0c], 288230359199823699
[0x7ca25a57c4, 0xffffff8008082c0c], 288230359199823698
[0x70921720, 0xffffff8008082c0c], 288230367534372949
[0x70a06484, 0xffffff8008082c0c], 288230367534358303
[0x70a06508, 0xffffff8008082c0c], 288230367534358301
[0x70b57dc0, 0xffffff8008082c0c], 288230367534336698
[0x7ca25b06ac, 0xffffff8008082c0c], 288230359199822999
[0x7ca25b0814, 0xffffff8008082c0c], 288230359199822993
[0x707cafe0, 0xffffff8008082c0c], 288230367534394866
[0x707caff8, 0xffffff8008082c0c], 288230367534394866
[0x70a067e4, 0xffffff8008082c0c], 288230367534358290
[0x70a067f8, 0xffffff8008082c0c], 288230367534358290
[0x708d36f0, 0xffffff8008082c0c], 288230367534377942
[0x7091f33c, 0xffffff8008082c0c], 288230367534373093
[0x7091f34c, 0xffffff8008082c0c], 288230367534373092
[0x7c1dd9e5dc, 0xffffff8008082c0c], 288230359234558234
[0x7c1dd9e5dc, 0xffffff8008082c0c], 288230359234558234
[0x7ca4647618, 0xffffff8008082c0c], 288230359199289049
[0x7c1dee4c3c, 0xffffff8008082c0c], 288230359234537345
[0x7c1dee4c3c, 0xffffff8008082c0c], 288230359234537345
[0x7c1dee4c3c, 0xffffff8008082c0c], 288230359234537345
[0x7c1dee4c3c, 0xffffff8008082c0c], 288230359234537345
[0x7c1dee4c3c, 0xffffff8008082c0c], 288230359234537345
[0x7c1dd9e5dc, 0xffffff8008082c0c], 288230359234558234
[0x7c1dd9e628, 0xffffff8008082c0c], 288230359234558233
[0x7c1e02227c, 0xffffff8008082c0c], 288230359234517032
[0x7c1df11874, 0xffffff8008082c0c], 288230359234534480
[0x7c1dd9e5dc, 0xffffff8008082c0c], 288230359234558234
[0x7ca4647618, 0xffffff8008082c0c], 288230359199289049
[0x7c1dda198c, 0xffffff8008082c0c], 288230359234558027
[0x7c1dd7ac74, 0xffffff8008082c0c], 288230359234560512
[0x7ca14db380, 0xffffff8008082c0c], 288230359200098787
[0x7c1de27c48, 0xffffff8008082c0c], 288230359234549440
[0x7c1dd7ae30, 0xffffff8008082c0c], 288230359234560505
[0x7c1dd9e5dc, 0xffffff8008082c0c], 288230359234558234
[0x70b53bdc, 0xffffff8008082c0c], 288230367534336962
[0x7ca08a7338, 0xffffff8008082c0c], 288230359200298725
[0x7ca24cbe68, 0xffffff8008082c0c], 288230359199837624
[0x707f3f4c, 0xffffff8008082c0c], 288230367534392244
[0x7ca26b9ad0, 0xffffff8008082c0c], 288230359199806022
[0x7ca258c9bc, 0xffffff8008082c0c], 288230359199825291
[0x707f6f1c, 0xffffff8008082c0c], 288230367534392053
[0x707f4398, 0xffffff8008082c0c], 288230367534392227
[0x7c1dd75010, 0xffffff8008082c0c], 288230359234560881
[0x70900c70, 0xffffff8008082c0c], 288230367534375040
[0x7c1df11874, 0xffffff8008082c0c], 288230359234534480
[0x7ca4647618, 0xffffff8008082c0c], 288230359199289049
[0x7ca4647618, 0xffffff8008082c0c], 288230359199289049
[0x7ca4647618, 0xffffff8008082c0c], 288230359199289049
[0x7ca4647618, 0xffffff8008082c0c], 288230359199289049
[0x7c1e022270, 0xffffff8008082c0c], 288230359234517032
[0x7c1e022270, 0xffffff8008082c0c], 288230359234517032
[0x7ca4647618, 0xffffff8008082c0c], 288230359199289049
[0x7ca4647618, 0xffffff8008082c0c], 288230359199289049
[0x7ca14da800, 0xffffff8008082c0c], 288230359200098833
[0x7ca148d220, 0xffffff8008082c0c], 288230359200103785
[0x7ca4647618, 0xffffff8008082c0c], 288230359199289049
[0x7ca4647618, 0xffffff8008082c0c], 288230359199289049
[0x7ca4647618, 0xffffff8008082c0c], 288230359199289049
[0x7ca4647618, 0xffffff8008082c0c], 288230359199289049
[0x7ca4647618, 0xffffff8008082c0c], 288230359199289049
[0x7ca4647618, 0xffffff8008082c0c], 288230359199289049
[0x7ca4647618, 0xffffff8008082c0c], 288230359199289049
[0x7ca4647618, 0xffffff8008082c0c], 288230359199289049
[0x7ca4647618, 0xffffff8008082c0c], 288230359199289049
[0x7ca4647618, 0xffffff8008082c0c], 288230359199289049
[0x7ca4647618, 0xffffff8008082c0c], 288230359199289049
[0x7ca4647618, 0xffffff8008082c0c], 288230359199289049
[0x7ca14da800, 0xffffff8008082c0c], 288230359200098833
[0x7ca148d220, 0xffffff8008082c0c], 288230359200103785
[0x7ca14da800, 0xffffff8008082c0c], 288230359200098833
[0x7ca03af434, 0xffffff8008082c0c], 288230359200380129
[0x7ca2cdb62c, 0xffffff8008082c0c], 288230359199705561
[0x7ca2c0f5e0, 0xffffff8008082c0c], 288230359199718618
[0x7ca03889c0, 0xffffff8008082c0c], 288230359200382602
[0x7ca14da800, 0xffffff8008082c0c], 288230359200098833
[0x7ca03b1c24, 0xffffff8008082c0c], 288230359200379969
[0x7ca14da800, 0xffffff8008082c0c], 288230359200098833
[0x7519a48220, 0xffffff8008082c0c], 288230359705423529
[0x7519a95800, 0xffffff8008082c0c], 288230359705418577
[0x7519a48220, 0xffffff8008082c0c], 288230359705423529
[0x7519a95800, 0xffffff8008082c0c], 288230359705418577
[0x7ca14da800, 0xffffff8008082c0c], 288230359200098833
[0x7519a48220, 0xffffff8008082c0c], 288230359705423529
[0x7519a95800, 0xffffff8008082c0c], 288230359705418577
[0x7519a48220, 0xffffff8008082c0c], 288230359705423529
[0x7519a95800, 0xffffff8008082c0c], 288230359705418577
[0x7ca2c1617c, 0xffffff8008082c0c], 288230359199718188
[0x7ca14da800, 0xffffff8008082c0c], 288230359200098833
[0x7519a48220, 0xffffff8008082c0c], 288230359705423529
[0x7519a95800, 0xffffff8008082c0c], 288230359705418577
[0x7519a48220, 0xffffff8008082c0c], 288230359705423529
[0x7519a95800, 0xffffff8008082c0c], 288230359705418577
[0x7ca14da800, 0xffffff8008082c0c], 288230359200098833
[0x7519a48220, 0xffffff8008082c0c], 288230359705423529
[0x7519a95800, 0xffffff8008082c0c], 288230359705418577
[0x7519a48220, 0xffffff8008082c0c], 288230359705423529
[0x7519a95800, 0xffffff8008082c0c], 288230359705418577
[0x7ca14da800, 0xffffff8008082c0c], 288230359200098833
[0x7519a48220, 0xffffff8008082c0c], 288230359705423529
[0x7519a95800, 0xffffff8008082c0c], 288230359705418577
[0x7519a48220, 0xffffff8008082c0c], 288230359705423529
[0x7519a95800, 0xffffff8008082c0c], 288230359705418577
[0x7ca14da800, 0xffffff8008082c0c], 288230359200098833
[0x7519a48220, 0xffffff8008082c0c], 288230359705423529
[0x7519a95800, 0xffffff8008082c0c], 288230359705418577
[0x7519a48220, 0xffffff8008082c0c], 288230359705423529
[0x7519a95800, 0xffffff8008082c0c], 288230359705418577
[0x7ca2c162b0, 0xffffff8008082c0c], 288230359199718183
[0x7ca14da800, 0xffffff8008082c0c], 288230359200098833
[0x7519a48220, 0xffffff8008082c0c], 288230359705423529
[0x7519a95800, 0xffffff8008082c0c], 288230359705418577
[0x7519a48220, 0xffffff8008082c0c], 288230359705423529
[0x7519a95800, 0xffffff8008082c0c], 288230359705418577
[0x7ca14da800, 0xffffff8008082c0c], 288230359200098833
[0x7519a48220, 0xffffff8008082c0c], 288230359705423529
[0x7519a95800, 0xffffff8008082c0c], 288230359705418577
[0x7519a48220, 0xffffff8008082c0c], 288230359705423529
[0x7519a95800, 0xffffff8008082c0c], 288230359705418577
[0x7ca267c438, 0xffffff8008082c0c], 288230359199809953
[0x7ca267c438, 0xffffff8008082c0c], 288230359199809953
[0x7ca14db380, 0xffffff8008082c0c], 288230359200098787
[0x7ca14f1cf4, 0xffffff8008082c0c], 288230359200097342
[0x7ca14db380, 0xffffff8008082c0c], 288230359200098787
[0x7ca148d220, 0xffffff8008082c0c], 288230359200103785
[0x7ca14da800, 0xffffff8008082c0c], 288230359200098833
[0x7519a48220, 0xffffff8008082c0c], 288230359705423529
[0x7519a96b20, 0xffffff8008082c0c], 288230359705418501
[0x7519a96a60, 0xffffff8008082c0c], 288230359705418504
[0x7519a96a60, 0xffffff8008082c0c], 288230359705418504
[0x7519a96a60, 0xffffff8008082c0c], 288230359705418504
[0x7519a96a60, 0xffffff8008082c0c], 288230359705418504
[0x7519a95d80, 0xffffff8008082c0c], 288230359705418555
[0x7519a95d80, 0xffffff8008082c0c], 288230359705418555
[0x7519a48220, 0xffffff8008082c0c], 288230359705423529
[0x7519a48220, 0xffffff8008082c0c], 288230359705423529
[0x7519a48220, 0xffffff8008082c0c], 288230359705423529
[0x751b6bc618, 0xffffff8008082c0c], 288230359704957337
[0x751b6bc618, 0xffffff8008082c0c], 288230359704957337
[0x751b6bc618, 0xffffff8008082c0c], 288230359704957337
[0x7519a48220, 0xffffff8008082c0c], 288230359705423529
[0x751b6bc618, 0xffffff8008082c0c], 288230359704957337
[0x751b6bc618, 0xffffff8008082c0c], 288230359704957337
[0x7519a48220, 0xffffff8008082c0c], 288230359705423529
[0x7519a95800, 0xffffff8008082c0c], 288230359705418577
[0x7519a48220, 0xffffff8008082c0c], 288230359705423529
[0x7519a95800, 0xffffff8008082c0c], 288230359705418577
[0x7ca2cdb62c, 0xffffff8008082c0c], 288230359199705561
[0x7ca2cdb62c, 0xffffff8008082c0c], 288230359199705561
[0x7ca14da800, 0xffffff8008082c0c], 288230359200098833
[0x7519a48220, 0xffffff8008082c0c], 288230359705423529
[0x7519a95d80, 0xffffff8008082c0c], 288230359705418555
[0x7519a95e00, 0xffffff8008082c0c], 288230359705418553
[0x7519a95500, 0xffffff8008082c0c], 288230359705418589
[0x7519a95800, 0xffffff8008082c0c], 288230359705418577
[0x7519a95e00, 0xffffff8008082c0c], 288230359705418553
[0x7519a95500, 0xffffff8008082c0c], 288230359705418589
[0x7519a48220, 0xffffff8008082c0c], 288230359705423529
[0x7519a95800, 0xffffff8008082c0c], 288230359705418577
[0x7ca2cef62c, 0xffffff8008082c0c], 288230359199704281
[0x7ca14dac40, 0xffffff8008082c0c], 288230359200098816
[0x7ca14da500, 0xffffff8008082c0c], 288230359200098845
[0x7ca14daca0, 0xffffff8008082c0c], 288230359200098815
[0x7ca262d000, 0xffffff8008082c0c], 288230359199815025
[0x7ca252de50, 0xffffff8008082c0c], 288230359199831352
[0x7ca2535174, 0xffffff8008082c0c], 288230359199830892
[0x7ca267ef9c, 0xffffff8008082c0c], 288230359199809779
[0x7ca4647618, 0xffffff8008082c0c], 288230359199289049
[0x7ca14da6c0, 0xffffff8008082c0c], 288230359200098838
[0x7ca14db5a0, 0xffffff8008082c0c], 288230359200098779
[0x7ca4647618, 0xffffff8008082c0c], 288230359199289049
[0x7ca26a44b0, 0xffffff8008082c0c], 288230359199807391
[0x7ca14db340, 0xffffff8008082c0c], 288230359200098788
[0x7ca14db380, 0xffffff8008082c0c], 288230359200098787
[0x7ca14da900, 0xffffff8008082c0c], 288230359200098829
[0x7ca14da900, 0xffffff8008082c0c], 288230359200098829
[0x7ca14eec84, 0xffffff8008082c0c], 288230359200097535
[0x7ca14eec90, 0xffffff8008082c0c], 288230359200097535
[0x7ca148ce60, 0xffffff8008082c0c], 288230359200103800
[0x7ca14db380, 0xffffff8008082c0c], 288230359200098787
[0x7ca14f1cf4, 0xffffff8008082c0c], 288230359200097342
[0x7ca14db380, 0xffffff8008082c0c], 288230359200098787
[0x7ca148d220, 0xffffff8008082c0c], 288230359200103785
[0x7ca14da6c0, 0xffffff8008082c0c], 288230359200098838
[0x7c1e023b08, 0xffffff8008082c0c], 288230359234516933
[0x7c1e0237cc, 0xffffff8008082c0c], 288230359234516946
[0x7c1e0237cc, 0xffffff8008082c0c], 288230359234516946
[0x7093f668, 0xffffff8008082c0c], 288230367534371032
[0x7093f680, 0xffffff8008082c0c], 288230367534371031
[0x7c1dd9e5dc, 0xffffff8008082c0c], 288230359234558234
[0x7c1ddab11c, 0xffffff8008082c0c], 288230359234557421
[0x7c1ddac1f8, 0xffffff8008082c0c], 288230359234557354
[0x7c1ddac810, 0xffffff8008082c0c], 288230359234557329
[0x7c1ddb0b30, 0xffffff8008082c0c], 288230359234557061
[0x7ca4647618, 0xffffff8008082c0c], 288230359199289049
[0x7ca4647618, 0xffffff8008082c0c], 288230359199289049
[0x7c1dd9e5dc, 0xffffff8008082c0c], 288230359234558234
[0x7c1dd9e5dc, 0xffffff8008082c0c], 288230359234558234
[0x7c1df11874, 0xffffff8008082c0c], 288230359234534480
[0x70941a70, 0xffffff8008082c0c], 288230367534370888
[0x7c1e022270, 0xffffff8008082c0c], 288230359234517032
[0x7c1df11874, 0xffffff8008082c0c], 288230359234534480
[0x7c1dd75010, 0xffffff8008082c0c], 288230359234560881
[0x7ca4647618, 0xffffff8008082c0c], 288230359199289049
[0x70940978, 0xffffff8008082c0c], 288230367534370956
[0x7094099c, 0xffffff8008082c0c], 288230367534370955
[0x70942c48, 0xffffff8008082c0c], 288230367534370816
[0x70940024, 0xffffff8008082c0c], 288230367534370993
[0x7c1dd7562c, 0xffffff8008082c0c], 288230359234560857
[0x7075a990, 0xffffff8008082c0c], 288230367534402059
[0x7ca4647618, 0xffffff8008082c0c], 288230359199289049
[0x7ca4647618, 0xffffff8008082c0c], 288230359199289049
[0x7c1df11874, 0xffffff8008082c0c], 288230359234534480
[0x7ca14da520, 0xffffff8008082c0c], 288230359200098845
[0x7c1e1afad8, 0xffffff8008082c0c], 288230359234491590
[0x7c1dd75fec, 0xffffff8008082c0c], 288230359234560818
[0x7ca14da820, 0xffffff8008082c0c], 288230359200098833
[0x7c2979f620, 0xffffff8008082c0c], 288230359231510745
[0x7c2979e820, 0xffffff8008082c0c], 288230359231510801
[0x7c2979ee00, 0xffffff8008082c0c], 288230359231510777
[0x7c2979f5a0, 0xffffff8008082c0c], 288230359231510747
[0x7c2979e500, 0xffffff8008082c0c], 288230359231510813
[0x7c2979e820, 0xffffff8008082c0c], 288230359231510801
[0x7c2979f5a0, 0xffffff8008082c0c], 288230359231510747
[0x7c2979e500, 0xffffff8008082c0c], 288230359231510813
[0x7c2979fe20, 0xffffff8008082c0c], 288230359231510713
[0x7c2979fe20, 0xffffff8008082c0c], 288230359231510713
[0x7c2af4d618, 0xffffff8008082c0c], 288230359231122777
[0x7c2979e840, 0xffffff8008082c0c], 288230359231510800
[0x7c2979f620, 0xffffff8008082c0c], 288230359231510745
[0x7c2979fe20, 0xffffff8008082c0c], 288230359231510713
[0x7c2979fe20, 0xffffff8008082c0c], 288230359231510713
[0x7c2af4d618, 0xffffff8008082c0c], 288230359231122777
[0x7c2979e840, 0xffffff8008082c0c], 288230359231510800
EOF
-----------------------------------Load Value Correlated Predictor Stats-----------------------------------
Branch Entangling Table Touch: 0
Branch Entangling Table Insert: 0
Branch Entangling Table Load PC Changed: 0
Load-Branch Entangling Table Touch: 0
Load-Branch Entangling Table Insert: 0
Load-Branch Entangling Table Load PC Changed: 0
Load Value Correlated Predictor Predicted: 0
Load Value Correlated Predictor Predicted By Value: 35789
Load Value Correlated Predictor Predicted By Addr: 0
Load Value Correlated Predictor Not Predicted: 0
Load Value Correlated Predictor Not Predicted Due to Entangling Table Miss: 0
Load Value Correlated Predictor Not Predicted Due to Correlation Table Miss: 0
Load Value Correlated Predictor Not Predicted Due to Load Value Tracking Miss: 0
Load Value Correlated Predictor No Load Or Value Late: 0
Load Value Correlated Predictor Load Value Provided by DVTAGE: 0
Load Value Correlated Predictor Not Predicted Due to TAGE High Confidence: 0
Load Value Correlated Predictor Not Predicted Due to Low Correlation Confidence: 0
Load Value Correlated Predictor Correct: 34459
Load Value Correlated Predictor Incorrect: 448
Load Value Correlated Predictor Correct TAGE Correct: 34113
Load Value Correlated Predictor Correct TAGE Incorrect: 346
Load Value Correlated Predictor Incorrect TAGE Correct: 252
Load Value Correlated Predictor Incorrect TAGE Incorrect: 196
Load Inst Bitmap Miss: 3002380
Load Inst Bitmap Hit: 9823416
Load Inst Bitmap Max Usage: 1024
Load Value Correlated Predictor Accuracy: Nan
Branch Entangling Table Load PC Changed Ratio: Nan
Load Branch Entangling Table Load PC Changed Ratio: Nan
-----------------------------------------------------------------------------------------------------------
------------------------------------------- Hard Branch Table Stats --------------------------------------
  Update branches:                         7755130
  Update replaces:                           27615
  Update replaces failed:                  5416428
  Update decays:                               387
  Update decayed to zero:                    28726
  Update saturated:                          25256
  Query branches:                         15510260
  Query hard:                               882163
  Query not hard:                         14628097
------------------------------------------------------------------------------------------------

-------------------------------------- Correlation Table Stats ----------------------------------
  Total storage:                                        12.5 KB
  Total table entries:                                  4096
  Update count:                                     13865183
  Update hit:                                        4812424
  Update allocate:                                    779269
  Update dir changed:                                4450139
  Update replacement:                                 156345
  Update inserts:                                     160441
  Update inserts failed:                              288733
  Query hit:                                         1947549
  Query miss:                                        3777809
  Query conf saturated:                                35789
  Query conf low:                                    1911760
  Query direction changed:                           1785185
  Query high conf & direction changed:                     0
-------------------------------------------------------------------------------------------------
WINDOW_SIZE = 1024
FETCH_WIDTH = 16
FETCH_NUM_BRANCH = 16
FETCH_STOP_AT_INDIRECT = 1
FETCH_STOP_AT_TAKEN = 1
FETCH_MODEL_ICACHE = 1
PERFECT_BRANCH_PRED = 0
PERFECT_INDIRECT_PRED = 1
PIPELINE_FILL_LATENCY = 10
NUM_LDST_LANES = 8
NUM_ALU_LANES = 16
MEMORY HIERARCHY CONFIGURATION---------------------
STRIDE Prefetcher = 1
PERFECT_CACHE = 0
WRITE_ALLOCATE = 1
Within-pipeline factors:
	AGEN latency = 1 cycle
	Store Queue (SQ): SQ size = window size, oracle memory disambiguation, store-load forwarding = 1 cycle after store's or load's agen.
	* Note: A store searches the L1$ at commit. The store is released
	* from the SQ and window, whether it hits or misses. Store misses
	* are buffered until the block is allocated and the store is
	* performed in the L1$. While buffered, conflicting loads get
	* the store's data as they would from the SQ.
I$: 128 KB, 8-way set-assoc., 64B block size
L1$: 128 KB, 8-way set-assoc., 64B block size, 3-cycle search latency
L2$: 4 MB, 8-way set-assoc., 64B block size, 12-cycle search latency
L3$: 32 MB, 16-way set-assoc., 128B block size, 50-cycle search latency
Main Memory: 150-cycle fixed search time
---------------------------STORE QUEUE MEASUREMENTS (Full Simulation i.e. Counts Not Reset When Warmup Ends)---------------------------
Number of loads: 16097187
Number of loads that miss in SQ: 11626398 (72.23%)
Number of PFs issued to the memory system 1317734
---------------------------------------------------------------------------------------------------------------------------------------
------------------------MEMORY HIERARCHY MEASUREMENTS (Full Simulation i.e. Counts Not Reset When Warmup Ends)-------------------------
I$:
	accesses   = 62889815
	misses     = 453631
	miss ratio = 0.72%
	pf accesses   = 0
	pf misses     = 0
	pf miss ratio = -nan%
L1$:
	accesses   = 25589321
	misses     = 507370
	miss ratio = 1.98%
	pf accesses   = 1317734
	pf misses     = 103215
	pf miss ratio = 7.83%
L2$:
	accesses   = 961001
	misses     = 381735
	miss ratio = 39.72%
	pf accesses   = 103215
	pf misses     = 60934
	pf miss ratio = 59.04%
L3$:
	accesses   = 381735
	misses     = 171311
	miss ratio = 44.88%
	pf accesses   = 60934
	pf misses     = 25778
	pf miss ratio = 42.30%
---------------------------------------------------------------------------------------------------------------------------------------
----------------------------------------------Prefetcher (Full Simulation i.e. No Warmup)----------------------------------------------
Num Trainings :16097187
Num Prefetches generated :1322131
Num Prefetches issued :2528013
Num Prefetches filtered by PF queue :102486
Num untimely prefetches dropped from PF queue :4397
Num prefetches not issued LDST contention :1210279
Num prefetches not issued stride 0 :3867764
---------------------------------------------------------------------------------------------------------------------------------------

-------------------------------ILP LIMIT STUDY (Full Simulation i.e. Counts Not Reset When Warmup Ends)--------------------------------
instructions = 53761949
cycles       = 34480777
CycWP        = 8558861
IPC          = 1.5592

---------------------------------------------------------------------------------------------------------------------------------------

-----------------------------------------------BRANCH PREDICTION MEASUREMENTS (Full Simulation i.e. Counts Not Reset When Warmup Ends)----------------------------------------------
Type                   NumBr     MispBr        mr     mpki
CondDirect          7755130     160431   2.0687%   2.9841
JumpDirect          1734977          0   0.0000%   0.0000
JumpIndirect         511447          0   0.0000%   0.0000
JumpReturn          1265090          0   0.0000%   0.0000
Not control        51623171          0   0.0000%   0.0000
------------------------------------------------------------------------------------------------------------------------------------------------------------------------------------

------------------------------------------------------DIRECT CONDITIONAL BRANCH PREDICTION MEASUREMENTS (Last 10M instructions)-----------------------------------------------------
       Instr       Cycles      IPC      NumBr     MispBr BrPerCyc MispBrPerCyc        MR     MPKI      CycWP   CycWPAvg   CycWPPKI
    10761949      5588626   1.9257    1611180      33467   0.2883       0.0060   2.0772%   3.1098    1659866    49.5971   154.2347
------------------------------------------------------------------------------------------------------------------------------------------------------------------------------------

------------------------------------------------------DIRECT CONDITIONAL BRANCH PREDICTION MEASUREMENTS (Last 25M instructions)-----------------------------------------------------
       Instr       Cycles      IPC      NumBr     MispBr BrPerCyc MispBrPerCyc        MR     MPKI      CycWP   CycWPAvg   CycWPPKI
    25761949     13465983   1.9131    3841981      67643   0.2853       0.0050   1.7606%   2.6257    3372409    49.8560   130.9066
-------------------------------------------------------------------------------------------------------------------------------------------------------------------------------------

---------------------------------------------------------DIRECT CONDITIONAL BRANCH PREDICTION MEASUREMENTS (50 Perc instructions)---------------------------------------------------
       Instr       Cycles      IPC      NumBr     MispBr BrPerCyc MispBrPerCyc        MR     MPKI      CycWP   CycWPAvg   CycWPPKI
    27761949     14781114   1.8782    4116890      74685   0.2785       0.0051   1.8141%   2.6902    3681291    49.2909   132.6020
------------------------------------------------------------------------------------------------------------------------------------------------------------------------------------

-------------------------------------DIRECT CONDITIONAL BRANCH PREDICTION MEASUREMENTS (Full Simulation i.e. Counts Not Reset When Warmup Ends)-------------------------------------
       Instr       Cycles      IPC      NumBr     MispBr BrPerCyc MispBrPerCyc        MR     MPKI      CycWP   CycWPAvg   CycWPPKI
    53761949     34480777   1.5592    7755130     160431   0.2249       0.0047   2.0687%   2.9841    8558861    53.3492   159.1992
------------------------------------------------------------------------------------------------------------------------------------------------------------------------------------
 Read 53761949 instrs 

ExecTime = 915.7441666126251
