CMD:bin/cbp.behrendt traces/web/web_14_trace.gz
L_PERCEP PC=0xAAAAB2F68C60, theta= 277, max bias=  50, baseline_comp=  0, stable_cnt=255, grace_period=511, time_alive=  0
G_PERCEP PC=0xAAAAB2F68C60, theta= 328, max bias=   6, baseline_comp=  0, stable_cnt=255, grace_period=511, time_alive=  0
L_PERCEP PC=0xAAAAB2F68C44, theta= 261, max bias=   7, baseline_comp=  0, stable_cnt=255, grace_period=511, time_alive=  0
G_PERCEP PC=0xAAAAB2F68C44, theta= 320, max bias=  11, baseline_comp=  0, stable_cnt=255, grace_period=511, time_alive=  0
L_PERCEP PC=0xAAAAB2F68C60, theta= 261, max bias=  22, baseline_comp=  0, stable_cnt=255, grace_period=511, time_alive=  0
G_PERCEP PC=0xAAAAB2F68C60, theta= 320, max bias=  15, baseline_comp=  0, stable_cnt=255, grace_period=511, time_alive=  0
L_PERCEP PC=0xAAAAB2F68C6C, theta= 261, max bias=  35, baseline_comp=  0, stable_cnt=255, grace_period=511, time_alive=  0
G_PERCEP PC=0xAAAAB2F68C6C, theta= 320, max bias=   6, baseline_comp=  0, stable_cnt=255, grace_period=511, time_alive=  0
L_PERCEP PC=0xAAAAB2F68C44, theta= 261, max bias=  12, baseline_comp=  0, stable_cnt=255, grace_period=511, time_alive=  0
G_PERCEP PC=0xAAAAB2F68C44, theta= 320, max bias=  60, baseline_comp=  0, stable_cnt=255, grace_period=511, time_alive=  0
G_PERCEP PC=0xAAAAB2F68C60, theta= 320, max bias=  14, baseline_comp=  0, stable_cnt=255, grace_period=511, time_alive=  0
L_PERCEP PC=0xAAAAB2F68C60, theta= 261, max bias=   4, baseline_comp=  0, stable_cnt=255, grace_period=511, time_alive=  0
G_PERCEP PC=0xAAAAB2F68C60, theta= 320, max bias=  16, baseline_comp=  0, stable_cnt=255, grace_period=511, time_alive=  0
L_PERCEP PC=0xAAAAB2F68C60, theta= 261, max bias=   3, baseline_comp=  0, stable_cnt=255, grace_period=511, time_alive=  0
L_PERCEP PC=0xAAAAB2F68C44, theta= 261, max bias=  10, baseline_comp=  0, stable_cnt=255, grace_period=511, time_alive=  0
G_PERCEP PC=0xAAAAB2F68C44, theta= 320, max bias=  13, baseline_comp=  0, stable_cnt=255, grace_period=511, time_alive=  0
L_PERCEP PC=0xAAAAB2F68C60, theta= 261, max bias=  17, baseline_comp=  0, stable_cnt=255, grace_period=511, time_alive=  0
G_PERCEP PC=0xAAAAB2F68C60, theta= 320, max bias=  11, baseline_comp=  0, stable_cnt=255, grace_period=511, time_alive=  0
L_PERCEP PC=0xAAAAB2F68C6C, theta= 261, max bias=  14, baseline_comp=  0, stable_cnt=255, grace_period=511, time_alive=  0
G_PERCEP PC=0xAAAAB2F68C6C, theta= 320, max bias=   7, baseline_comp=  0, stable_cnt=255, grace_period=511, time_alive=  0
L_PERCEP PC=0xAAAAB2F68C4C, theta= 261, max bias=  10, baseline_comp=  0, stable_cnt=255, grace_period=511, time_alive=  0
G_PERCEP PC=0xAAAAB2F68C4C, theta= 320, max bias=  25, baseline_comp=  0, stable_cnt=255, grace_period=511, time_alive=  0
L_PERCEP PC=0xAAAAB2F68C60, theta= 261, max bias=   5, baseline_comp=  0, stable_cnt=255, grace_period=511, time_alive=  0
G_PERCEP PC=0xAAAAB2F68C60, theta= 320, max bias=   8, baseline_comp=  0, stable_cnt=255, grace_period=511, time_alive=  0
L_PERCEP PC=0xAAAAB2F68C44, theta= 261, max bias=   8, baseline_comp=  0, stable_cnt=255, grace_period=511, time_alive=  0
G_PERCEP PC=0xAAAAB2F68C44, theta= 312, max bias= 102, baseline_comp=  0, stable_cnt=255, grace_period=511, time_alive=  0
L_PERCEP PC=0xAAAAB2F68C60, theta= 261, max bias=   3, baseline_comp=  0, stable_cnt=255, grace_period=511, time_alive=  0
G_PERCEP PC=0xAAAAB2F68C60, theta= 320, max bias=  11, baseline_comp=  0, stable_cnt=255, grace_period=511, time_alive=  0
L_PERCEP PC=0xAAAAB2F68C44, theta= 261, max bias=   7, baseline_comp=  0, stable_cnt=255, grace_period=511, time_alive=  0
G_PERCEP PC=0xAAAAB2F68C60, theta= 328, max bias=   6, baseline_comp=  0, stable_cnt=255, grace_period=511, time_alive=  0
L_PERCEP PC=0xAAAAB2F68C60, theta= 261, max bias=   6, baseline_comp=  0, stable_cnt=255, grace_period=511, time_alive=  0
G_PERCEP PC=0xAAAAB2F68C44, theta= 320, max bias=  23, baseline_comp=  0, stable_cnt=255, grace_period=511, time_alive=  0
G_PERCEP PC=0xAAAAB2F68C60, theta= 320, max bias=  11, baseline_comp=  0, stable_cnt=255, grace_period=511, time_alive=  0
L_PERCEP PC=0xAAAAB2F68B04, theta= 261, max bias=  40, baseline_comp=  0, stable_cnt=255, grace_period=511, time_alive=  0
G_PERCEP PC=0xAAAAB2F68B04, theta= 312, max bias=  40, baseline_comp=  0, stable_cnt=255, grace_period=511, time_alive=  0
L_PERCEP PC=0xAAAAB2F68C60, theta= 261, max bias=   7, baseline_comp=  0, stable_cnt=255, grace_period=511, time_alive=  0
L_PERCEP PC=0xAAAAB2F68C6C, theta= 261, max bias=  12, baseline_comp=  0, stable_cnt=255, grace_period=511, time_alive=  0
G_PERCEP PC=0xAAAAB2F68C6C, theta= 312, max bias=  16, baseline_comp=  0, stable_cnt=255, grace_period=511, time_alive=  0
G_PERCEP PC=0xAAAAB2F68C60, theta= 328, max bias=   6, baseline_comp=  0, stable_cnt=255, grace_period=511, time_alive=  0
L_PERCEP PC=0xAAAAB2F68C60, theta= 261, max bias=  13, baseline_comp=  0, stable_cnt=255, grace_period=511, time_alive=  0
L_PERCEP PC=0xAAAAB2F68C44, theta= 261, max bias=   1, baseline_comp=  0, stable_cnt=255, grace_period=511, time_alive=  0
G_PERCEP PC=0xAAAAB2F68C44, theta= 320, max bias=  16, baseline_comp=  0, stable_cnt=255, grace_period=511, time_alive=  0
L_PERCEP PC=0xAAAAB2F68CE0, theta= 261, max bias=  22, baseline_comp=  0, stable_cnt=255, grace_period=511, time_alive=  0
L_PERCEP PC=0xAAAAB2F68C4C, theta= 261, max bias=   4, baseline_comp=  0, stable_cnt=255, grace_period=511, time_alive=  0
G_PERCEP PC=0xAAAAB2F68C4C, theta= 320, max bias=  22, baseline_comp=  0, stable_cnt=255, grace_period=511, time_alive=  0
L_PERCEP PC=0xAAAAB2F68C60, theta= 261, max bias=  13, baseline_comp=  0, stable_cnt=255, grace_period=511, time_alive=  0
G_PERCEP PC=0xAAAAB2F68C60, theta= 320, max bias=   6, baseline_comp=  0, stable_cnt=255, grace_period=511, time_alive=  0
L_PERCEP PC=0xAAAAB2F68C44, theta= 261, max bias=   9, baseline_comp=  0, stable_cnt=255, grace_period=511, time_alive=  0
G_PERCEP PC=0xAAAAB2F68C44, theta= 320, max bias=  27, baseline_comp=  0, stable_cnt=255, grace_period=511, time_alive=  0
L_PERCEP PC=0xAAAAB2F68CB8, theta= 261, max bias=  31, baseline_comp=  0, stable_cnt=255, grace_period=511, time_alive=  0
L_PERCEP PC=0xAAAAB2F68C60, theta= 261, max bias=  19, baseline_comp=  0, stable_cnt=255, grace_period=511, time_alive=  0
G_PERCEP PC=0xAAAAB2F68C60, theta= 320, max bias=  18, baseline_comp=  0, stable_cnt=255, grace_period=511, time_alive=  0
L_PERCEP PC=0xAAAAB2F68C60, theta= 261, max bias=  12, baseline_comp=  0, stable_cnt=255, grace_period=511, time_alive=  0
G_PERCEP PC=0xAAAAB2F68C60, theta= 320, max bias=   8, baseline_comp=  0, stable_cnt=255, grace_period=511, time_alive=  0
L_PERCEP PC=0xAAAAB2F68B04, theta= 261, max bias=  12, baseline_comp=  0, stable_cnt=255, grace_period=511, time_alive=  0
G_PERCEP PC=0xAAAAB2F68B04, theta= 320, max bias=  21, baseline_comp=  0, stable_cnt=255, grace_period=511, time_alive=  0
G_PERCEP PC=0xAAAAB2F68C60, theta= 320, max bias=   5, baseline_comp=  0, stable_cnt=255, grace_period=511, time_alive=  0
L_PERCEP PC=0xAAAAB2F68C44, theta= 261, max bias=   4, baseline_comp=  0, stable_cnt=255, grace_period=511, time_alive=  0
L_PERCEP PC=0xAAAAB2F68C60, theta= 261, max bias=  26, baseline_comp=  0, stable_cnt=255, grace_period=511, time_alive=  0
L_PERCEP PC=0xAAAAB2F68C6C, theta= 261, max bias=  12, baseline_comp=  0, stable_cnt=255, grace_period=511, time_alive=  0
G_PERCEP PC=0xAAAAB2F68C6C, theta= 320, max bias=  12, baseline_comp=  0, stable_cnt=255, grace_period=511, time_alive=  0
G_PERCEP PC=0xAAAAB2F6949C, theta= 320, max bias=  12, baseline_comp=  1, stable_cnt=  0, grace_period=150, time_alive=65535
G_PERCEP PC=0xAAAAB2F6940C, theta= 320, max bias=  11, baseline_comp=  0, stable_cnt= 86, grace_period=511, time_alive=65535
G_PERCEP PC=0xAAAAB2F69484, theta= 328, max bias=  23, baseline_comp=  4, stable_cnt=  0, grace_period=511, time_alive=65535
G_PERCEP PC=0xAAAAB2F69470, theta= 312, max bias=  56, baseline_comp= 10, stable_cnt=  0, grace_period=511, time_alive=65535
G_PERCEP PC=0xAAAAB2F694EC, theta= 304, max bias=  40, baseline_comp=  2, stable_cnt=  0, grace_period=511, time_alive=65535
G_PERCEP PC=0xAAAAB2F69518, theta= 312, max bias=  56, baseline_comp=  0, stable_cnt= 22, grace_period=511, time_alive=65535
G_PERCEP PC=0xAAAAB2F68C44, theta= 320, max bias=  44, baseline_comp=  0, stable_cnt=255, grace_period=511, time_alive=  0
L_PERCEP PC=0xAAAAB2F68CF8, theta= 261, max bias=  18, baseline_comp=  0, stable_cnt=255, grace_period=511, time_alive=  0
G_PERCEP PC=0xAAAAB2F68CF8, theta= 320, max bias=  20, baseline_comp=  0, stable_cnt=255, grace_period=511, time_alive=  0
G_PERCEP PC=0xAAAAB2F68C60, theta= 320, max bias=   8, baseline_comp=  0, stable_cnt=255, grace_period=511, time_alive=  0
L_PERCEP PC=0xAAAAB2F68C60, theta= 261, max bias=  18, baseline_comp=  0, stable_cnt=255, grace_period=511, time_alive=  0
G_PERCEP PC=0xAAAAB2F68CB8, theta= 312, max bias=  31, baseline_comp=  0, stable_cnt=255, grace_period=511, time_alive=  0
G_PERCEP PC=0xAAAAB2F68CE0, theta= 312, max bias=  24, baseline_comp=  0, stable_cnt=255, grace_period=511, time_alive=  0
L_PERCEP PC=0xAAAAB2F6949C, theta= 261, max bias=   5, baseline_comp=  1, stable_cnt=  0, grace_period=150, time_alive=65535
L_PERCEP PC=0xAAAAB2F6940C, theta= 253, max bias=  14, baseline_comp= 13, stable_cnt=  0, grace_period=511, time_alive=65535
L_PERCEP PC=0xAAAAB2F69484, theta= 261, max bias=  20, baseline_comp=  9, stable_cnt=  0, grace_period=511, time_alive=65535
L_PERCEP PC=0xAAAAB2F69470, theta= 261, max bias=  21, baseline_comp=  0, stable_cnt= 16, grace_period=511, time_alive=65535
L_PERCEP PC=0xAAAAB2F694EC, theta= 261, max bias=  27, baseline_comp=  1, stable_cnt=  0, grace_period=511, time_alive=65535
L_PERCEP PC=0xAAAAB2F69518, theta= 261, max bias=  23, baseline_comp=  0, stable_cnt= 11, grace_period=511, time_alive=65535
L_PERCEP PC=0xAAAAB2F68C4C, theta= 261, max bias=   1, baseline_comp=  0, stable_cnt=255, grace_period=511, time_alive=  0
G_PERCEP PC=0xAAAAB2F68C4C, theta= 320, max bias=  16, baseline_comp=  0, stable_cnt=255, grace_period=511, time_alive=  0
L_PERCEP PC=0xAAAAB2F68C60, theta= 261, max bias=   5, baseline_comp=  0, stable_cnt=255, grace_period=511, time_alive=  0
G_PERCEP PC=0xAAAAB2F68C60, theta= 320, max bias=  16, baseline_comp=  0, stable_cnt=255, grace_period=511, time_alive=  0
L_PERCEP PC=0xAAAAB2F68C60, theta= 261, max bias=  10, baseline_comp=  0, stable_cnt=255, grace_period=511, time_alive=  0
G_PERCEP PC=0xAAAAB2F68C60, theta= 320, max bias=  16, baseline_comp=  0, stable_cnt=255, grace_period=511, time_alive=  0
L_PERCEP PC=0xAAAAB2F68B04, theta= 261, max bias=   8, baseline_comp=  0, stable_cnt=255, grace_period=511, time_alive=  0
G_PERCEP PC=0xAAAAB2F68B04, theta= 320, max bias=  18, baseline_comp=  0, stable_cnt=255, grace_period=511, time_alive=  0
G_PERCEP PC=0xAAAAB2F68C6C, theta= 320, max bias=   7, baseline_comp=  0, stable_cnt=255, grace_period=511, time_alive=  0
L_PERCEP PC=0xAAAAB2F68C6C, theta= 261, max bias=  13, baseline_comp=  0, stable_cnt=255, grace_period=511, time_alive=  0
L_PERCEP PC=0xAAAAB2F68C60, theta= 261, max bias=   7, baseline_comp=  0, stable_cnt=255, grace_period=511, time_alive=  0
G_PERCEP PC=0xAAAAB2F68C60, theta= 320, max bias=   8, baseline_comp=  0, stable_cnt=255, grace_period=511, time_alive=  0
G_PERCEP PC=0xAAAAB2F68C60, theta= 320, max bias=  14, baseline_comp=  0, stable_cnt=255, grace_period=511, time_alive=  0
L_PERCEP PC=0xAAAAB2F68C60, theta= 261, max bias=   4, baseline_comp=  0, stable_cnt=255, grace_period=511, time_alive=  0
G_PERCEP PC=0xAAAAB2F68C60, theta= 328, max bias=  12, baseline_comp=  0, stable_cnt=255, grace_period=511, time_alive=  0
L_PERCEP PC=0xAAAAB2F68C60, theta= 261, max bias=   9, baseline_comp=  0, stable_cnt=255, grace_period=511, time_alive=  0
L_PERCEP PC=0xAAAAB2F68B04, theta= 261, max bias=   5, baseline_comp=  0, stable_cnt=255, grace_period=511, time_alive=  0
G_PERCEP PC=0xAAAAB2F68B04, theta= 320, max bias=  14, baseline_comp=  0, stable_cnt=255, grace_period=511, time_alive=  0
L_PERCEP PC=0xAAAAB2F68C60, theta= 261, max bias=   6, baseline_comp=  0, stable_cnt=255, grace_period=511, time_alive=  0
G_PERCEP PC=0xAAAAB2F68C60, theta= 312, max bias=  15, baseline_comp=  0, stable_cnt=255, grace_period=511, time_alive=  0
L_PERCEP PC=0xAAAAB2F68C4C, theta= 261, max bias=   8, baseline_comp=  0, stable_cnt=255, grace_period=511, time_alive=  0
G_PERCEP PC=0xAAAAB2F68C4C, theta= 320, max bias=  19, baseline_comp=  0, stable_cnt=255, grace_period=511, time_alive=  0
L_PERCEP PC=0xAAAAB2F68BB4, theta= 261, max bias=  36, baseline_comp=  0, stable_cnt=255, grace_period=511, time_alive=  0
G_PERCEP PC=0xAAAAB2F68BB4, theta= 320, max bias=  10, baseline_comp=  0, stable_cnt=255, grace_period=511, time_alive=  0
5000000 instrs 
G_PERCEP PC=0xAAAAB2F68C60, theta= 320, max bias=   7, baseline_comp=  0, stable_cnt=255, grace_period=511, time_alive=  0
L_PERCEP PC=0xAAAAB2F68C60, theta= 261, max bias=   7, baseline_comp=  0, stable_cnt=255, grace_period=511, time_alive=  0
L_PERCEP PC=0xAAAAB2F68C6C, theta= 261, max bias=   7, baseline_comp=  0, stable_cnt=255, grace_period=511, time_alive=  0
G_PERCEP PC=0xAAAAB2F68C6C, theta= 320, max bias=  12, baseline_comp=  0, stable_cnt=255, grace_period=511, time_alive=  0
L_PERCEP PC=0xAAAAB2F68CD0, theta= 261, max bias=  44, baseline_comp=  0, stable_cnt=255, grace_period=511, time_alive=  0
G_PERCEP PC=0xAAAAB2F68CD0, theta= 304, max bias=   8, baseline_comp=  0, stable_cnt=255, grace_period=511, time_alive=  0
G_PERCEP PC=0xAAAAB2F68C14, theta= 264, max bias=  61, baseline_comp=  0, stable_cnt=255, grace_period=511, time_alive=  0
G_PERCEP PC=0xAAAAB2F68C60, theta= 336, max bias=  14, baseline_comp=  0, stable_cnt=255, grace_period=511, time_alive=  0
L_PERCEP PC=0xAAAAB2F68C60, theta= 269, max bias=  16, baseline_comp=  0, stable_cnt=255, grace_period=511, time_alive=  0
L_PERCEP PC=0xAAAAB2F68C14, theta= 261, max bias=  39, baseline_comp=  0, stable_cnt=255, grace_period=511, time_alive=  0
L_PERCEP PC=0xAAAAB2F68B04, theta= 261, max bias=   3, baseline_comp=  0, stable_cnt=255, grace_period=511, time_alive=  0
G_PERCEP PC=0xAAAAB2F68B04, theta= 320, max bias=  13, baseline_comp=  0, stable_cnt=255, grace_period=511, time_alive=  0
L_PERCEP PC=0xAAAAB2F68C60, theta= 261, max bias=   8, baseline_comp=  0, stable_cnt=255, grace_period=511, time_alive=  0
G_PERCEP PC=0xAAAAB2F68C60, theta= 328, max bias=  21, baseline_comp=  0, stable_cnt=255, grace_period=511, time_alive=  0
L_PERCEP PC=0xAAAAB2F68C6C, theta= 261, max bias=   4, baseline_comp=  0, stable_cnt=255, grace_period=511, time_alive=  0
G_PERCEP PC=0xAAAAB2F68C6C, theta= 320, max bias=   9, baseline_comp=  0, stable_cnt=255, grace_period=511, time_alive=  0
G_PERCEP PC=0xAAAAB2F68C60, theta= 320, max bias=   5, baseline_comp=  0, stable_cnt=255, grace_period=511, time_alive=  0
L_PERCEP PC=0xAAAAB2F68C60, theta= 261, max bias=  13, baseline_comp=  0, stable_cnt=255, grace_period=511, time_alive=  0
L_PERCEP PC=0xAAAAB2F68C60, theta= 261, max bias=  55, baseline_comp=  0, stable_cnt=255, grace_period=511, time_alive=  0
G_PERCEP PC=0xAAAAB2F68C60, theta= 320, max bias=  11, baseline_comp=  0, stable_cnt=255, grace_period=511, time_alive=  0
L_PERCEP PC=0xAAAAB2F68C60, theta= 261, max bias=  22, baseline_comp=  0, stable_cnt=255, grace_period=511, time_alive=  0
G_PERCEP PC=0xAAAAB2F68C60, theta= 320, max bias=  12, baseline_comp=  0, stable_cnt=255, grace_period=511, time_alive=  0
L_PERCEP PC=0xAAAAB2F68B04, theta= 261, max bias=   1, baseline_comp=  0, stable_cnt=255, grace_period=511, time_alive=  0
G_PERCEP PC=0xAAAAB2F68B04, theta= 320, max bias=  15, baseline_comp=  0, stable_cnt=255, grace_period=511, time_alive=  0
L_PERCEP PC=0xAAAAB2F68C60, theta= 261, max bias=  14, baseline_comp=  0, stable_cnt=255, grace_period=511, time_alive=  0
G_PERCEP PC=0xAAAAB2F68C60, theta= 320, max bias=   7, baseline_comp=  0, stable_cnt=255, grace_period=511, time_alive=  0
L_PERCEP PC=0xAAAAB2F68C6C, theta= 261, max bias=   3, baseline_comp=  0, stable_cnt=255, grace_period=511, time_alive=  0
G_PERCEP PC=0xAAAAB2F68C6C, theta= 320, max bias=   6, baseline_comp=  0, stable_cnt=255, grace_period=511, time_alive=  0
L_PERCEP PC=0xAAAAB2F68C4C, theta= 261, max bias=   5, baseline_comp=  0, stable_cnt=255, grace_period=511, time_alive=  0
G_PERCEP PC=0xAAAAB2F68C4C, theta= 320, max bias=  17, baseline_comp=  0, stable_cnt=255, grace_period=511, time_alive=  0
L_PERCEP PC=0xAAAAB2F68C60, theta= 261, max bias=  15, baseline_comp=  0, stable_cnt=255, grace_period=511, time_alive=  0
G_PERCEP PC=0xAAAAB2F68C60, theta= 320, max bias=  11, baseline_comp=  0, stable_cnt=255, grace_period=511, time_alive=  0
G_PERCEP PC=0xAAAAB2F68CB8, theta= 312, max bias=  38, baseline_comp=  0, stable_cnt=255, grace_period=511, time_alive=  0
G_PERCEP PC=0xAAAAB2F68C60, theta= 320, max bias=   4, baseline_comp=  0, stable_cnt=255, grace_period=511, time_alive=  0
L_PERCEP PC=0xAAAAB2F68C60, theta= 261, max bias=  24, baseline_comp=  0, stable_cnt=255, grace_period=511, time_alive=  0
L_PERCEP PC=0xAAAAB2F68CF8, theta= 261, max bias=   8, baseline_comp=  0, stable_cnt=255, grace_period=511, time_alive=  0
G_PERCEP PC=0xAAAAB2F68CF8, theta= 320, max bias=  19, baseline_comp=  0, stable_cnt=255, grace_period=511, time_alive=  0
L_PERCEP PC=0xAAAAB2F68CE0, theta= 261, max bias=  30, baseline_comp=  0, stable_cnt=255, grace_period=511, time_alive=  0
L_PERCEP PC=0xAAAAB2F68C60, theta= 261, max bias=  20, baseline_comp=  0, stable_cnt=255, grace_period=511, time_alive=  0
G_PERCEP PC=0xAAAAB2F68C60, theta= 320, max bias=   5, baseline_comp=  0, stable_cnt=255, grace_period=511, time_alive=  0
L_PERCEP PC=0xAAAAB2F68B04, theta= 261, max bias=   7, baseline_comp=  0, stable_cnt=255, grace_period=511, time_alive=  0
G_PERCEP PC=0xAAAAB2F68B04, theta= 320, max bias=  13, baseline_comp=  0, stable_cnt=255, grace_period=511, time_alive=  0
G_PERCEP PC=0xAAAAB2F68C60, theta= 320, max bias=   9, baseline_comp=  0, stable_cnt=255, grace_period=511, time_alive=  0
L_PERCEP PC=0xAAAAB2F68C60, theta= 261, max bias=  11, baseline_comp=  0, stable_cnt=255, grace_period=511, time_alive=  0
L_PERCEP PC=0xAAAAB2F68CA8, theta= 261, max bias=   4, baseline_comp=  0, stable_cnt=255, grace_period=511, time_alive=  0
G_PERCEP PC=0xAAAAB2F68CA8, theta= 320, max bias=  18, baseline_comp=  0, stable_cnt=255, grace_period=511, time_alive=  0
G_PERCEP PC=0xAAAAB2F68C60, theta= 320, max bias=   8, baseline_comp=  0, stable_cnt=255, grace_period=511, time_alive=  0
L_PERCEP PC=0xAAAAB2F68C60, theta= 261, max bias=  24, baseline_comp=  0, stable_cnt=255, grace_period=511, time_alive=  0
L_PERCEP PC=0xAAAAB2F68C6C, theta= 261, max bias=  11, baseline_comp=  0, stable_cnt=255, grace_period=511, time_alive=  0
G_PERCEP PC=0xAAAAB2F68C6C, theta= 328, max bias=   8, baseline_comp=  0, stable_cnt=255, grace_period=511, time_alive=  0
L_PERCEP PC=0xAAAAB2F68C60, theta= 261, max bias=  21, baseline_comp=  0, stable_cnt=255, grace_period=511, time_alive=  0
G_PERCEP PC=0xAAAAB2F68C60, theta= 320, max bias=   9, baseline_comp=  0, stable_cnt=255, grace_period=511, time_alive=  0
L_PERCEP PC=0xAAAAB2F689F4, theta= 261, max bias=  21, baseline_comp=  0, stable_cnt=255, grace_period=511, time_alive=  0
G_PERCEP PC=0xAAAAB2F689F4, theta= 320, max bias=  17, baseline_comp=  0, stable_cnt=255, grace_period=511, time_alive=  0
L_PERCEP PC=0xAAAAB2F68B04, theta= 261, max bias=   1, baseline_comp=  0, stable_cnt=255, grace_period=511, time_alive=  0
G_PERCEP PC=0xAAAAB2F68B04, theta= 320, max bias=  11, baseline_comp=  0, stable_cnt=255, grace_period=511, time_alive=  0
L_PERCEP PC=0xAAAAB2F68C4C, theta= 261, max bias=   3, baseline_comp=  0, stable_cnt=255, grace_period=511, time_alive=  0
G_PERCEP PC=0xAAAAB2F68C4C, theta= 320, max bias=  20, baseline_comp=  0, stable_cnt=255, grace_period=511, time_alive=  0
L_PERCEP PC=0xAAAAB2F68C60, theta= 261, max bias=   8, baseline_comp=  0, stable_cnt=255, grace_period=511, time_alive=  0
G_PERCEP PC=0xAAAAB2F68C60, theta= 320, max bias=   9, baseline_comp=  0, stable_cnt=255, grace_period=511, time_alive=  0
L_PERCEP PC=0xAAAAB2F68C60, theta= 261, max bias=   6, baseline_comp=  0, stable_cnt=255, grace_period=511, time_alive=  0
G_PERCEP PC=0xAAAAB2F68C60, theta= 320, max bias=   8, baseline_comp=  0, stable_cnt=255, grace_period=511, time_alive=  0
L_PERCEP PC=0xAAAAB2F68C14, theta= 261, max bias=  21, baseline_comp=  0, stable_cnt=255, grace_period=511, time_alive=  0
L_PERCEP PC=0xAAAAB2F68C60, theta= 261, max bias=   4, baseline_comp=  0, stable_cnt=255, grace_period=511, time_alive=  0
G_PERCEP PC=0xAAAAB2F68C60, theta= 320, max bias=  21, baseline_comp=  0, stable_cnt=255, grace_period=511, time_alive=  0
L_PERCEP PC=0xAAAAB2F68C6C, theta= 261, max bias=   6, baseline_comp=  0, stable_cnt=255, grace_period=511, time_alive=  0
G_PERCEP PC=0xAAAAB2F68C6C, theta= 320, max bias=   7, baseline_comp=  0, stable_cnt=255, grace_period=511, time_alive=  0
G_PERCEP PC=0xAAAAB2F68C14, theta= 304, max bias=  31, baseline_comp=  0, stable_cnt=255, grace_period=511, time_alive=  0
L_PERCEP PC=0xAAAAB2F68B2C, theta= 261, max bias=  36, baseline_comp=  0, stable_cnt=255, grace_period=511, time_alive=  0
L_PERCEP PC=0xAAAAB2F68C60, theta= 261, max bias=   7, baseline_comp=  0, stable_cnt=255, grace_period=511, time_alive=  0
G_PERCEP PC=0xAAAAB2F68C60, theta= 328, max bias=   7, baseline_comp=  0, stable_cnt=255, grace_period=511, time_alive=  0
G_PERCEP PC=0xAAAAB2F68C60, theta= 312, max bias=  12, baseline_comp=  0, stable_cnt=255, grace_period=511, time_alive=  0
L_PERCEP PC=0xAAAAB2F68C60, theta= 261, max bias=   7, baseline_comp=  0, stable_cnt=255, grace_period=511, time_alive=  0
L_PERCEP PC=0xAAAAB2F68B04, theta= 261, max bias=   2, baseline_comp=  0, stable_cnt=255, grace_period=511, time_alive=  0
G_PERCEP PC=0xAAAAB2F68B04, theta= 320, max bias=  16, baseline_comp=  0, stable_cnt=255, grace_period=511, time_alive=  0
L_PERCEP PC=0xAAAAB2F68CD0, theta= 261, max bias=  28, baseline_comp=  0, stable_cnt=255, grace_period=511, time_alive=  0
G_PERCEP PC=0xAAAAB2F68CD0, theta= 312, max bias=  19, baseline_comp=  0, stable_cnt=255, grace_period=511, time_alive=  0
L_PERCEP PC=0xAAAAB2F68C60, theta= 261, max bias=  16, baseline_comp=  0, stable_cnt=255, grace_period=511, time_alive=  0
G_PERCEP PC=0xAAAAB2F68C60, theta= 320, max bias=  13, baseline_comp=  0, stable_cnt=255, grace_period=511, time_alive=  0
G_PERCEP PC=0xAAAAB2F68CE0, theta= 312, max bias=  18, baseline_comp=  0, stable_cnt=255, grace_period=511, time_alive=  0
L_PERCEP PC=0xAAAAB2F68C60, theta= 261, max bias=  10, baseline_comp=  0, stable_cnt=255, grace_period=511, time_alive=  0
G_PERCEP PC=0xAAAAB2F68C60, theta= 320, max bias=  10, baseline_comp=  0, stable_cnt=255, grace_period=511, time_alive=  0
L_PERCEP PC=0xAAAAB2F68D40, theta= 253, max bias=  45, baseline_comp=  0, stable_cnt=255, grace_period=511, time_alive=  0
G_PERCEP PC=0xAAAAB2F68C60, theta= 320, max bias=   3, baseline_comp=  0, stable_cnt=255, grace_period=511, time_alive=  0
L_PERCEP PC=0xAAAAB2F68C60, theta= 261, max bias=  32, baseline_comp=  0, stable_cnt=255, grace_period=511, time_alive=  0
G_PERCEP PC=0xAAAAB2F68C6C, theta= 320, max bias=  13, baseline_comp=  0, stable_cnt=255, grace_period=511, time_alive=  0
L_PERCEP PC=0xAAAAB2F68C6C, theta= 261, max bias=  10, baseline_comp=  0, stable_cnt=255, grace_period=511, time_alive=  0
L_PERCEP PC=0xAAAAB2F68C4C, theta= 261, max bias=   3, baseline_comp=  0, stable_cnt=255, grace_period=511, time_alive=  0
G_PERCEP PC=0xAAAAB2F68C4C, theta= 320, max bias=  21, baseline_comp=  0, stable_cnt=255, grace_period=511, time_alive=  0
L_PERCEP PC=0xAAAAB2F68B04, theta= 261, max bias=   2, baseline_comp=  0, stable_cnt=255, grace_period=511, time_alive=  0
G_PERCEP PC=0xAAAAB2F68B04, theta= 320, max bias=  15, baseline_comp=  0, stable_cnt=255, grace_period=511, time_alive=  0
G_PERCEP PC=0xAAAAB2F68C60, theta= 320, max bias=   8, baseline_comp=  0, stable_cnt=255, grace_period=511, time_alive=  0
L_PERCEP PC=0xAAAAB2F68C60, theta= 261, max bias=  13, baseline_comp=  0, stable_cnt=255, grace_period=511, time_alive=  0
L_PERCEP PC=0xAAAAB2F68C60, theta= 269, max bias=  42, baseline_comp=  0, stable_cnt=255, grace_period=511, time_alive=  0
G_PERCEP PC=0xAAAAB2F68C60, theta= 320, max bias=   9, baseline_comp=  0, stable_cnt=255, grace_period=511, time_alive=  0
G_PERCEP PC=0xAAAAB2F68D40, theta= 320, max bias=  19, baseline_comp=  0, stable_cnt=255, grace_period=511, time_alive=  0
L_PERCEP PC=0xAAAAB2F68D08, theta= 253, max bias=  45, baseline_comp=  0, stable_cnt=255, grace_period=511, time_alive=  0
G_PERCEP PC=0xAAAAB2F68D08, theta= 304, max bias=  25, baseline_comp=  0, stable_cnt=255, grace_period=511, time_alive=  0
G_PERCEP PC=0xAAAAB2F68C60, theta= 320, max bias=  11, baseline_comp=  0, stable_cnt=255, grace_period=511, time_alive=  0
L_PERCEP PC=0xAAAAB2F68C60, theta= 269, max bias=  40, baseline_comp=  0, stable_cnt=255, grace_period=511, time_alive=  0
L_PERCEP PC=0xAAAAB2F68CE0, theta= 261, max bias=   8, baseline_comp=  0, stable_cnt=255, grace_period=511, time_alive=  0
L_PERCEP PC=0xAAAAB2F68C60, theta= 261, max bias=  12, baseline_comp=  0, stable_cnt=255, grace_period=511, time_alive=  0
G_PERCEP PC=0xAAAAB2F68C60, theta= 320, max bias=  11, baseline_comp=  0, stable_cnt=255, grace_period=511, time_alive=  0
10000000 instrs 
L_PERCEP PC=0xAAAAB2F68C60, theta= 261, max bias=  13, baseline_comp=  0, stable_cnt=255, grace_period=511, time_alive=  0
G_PERCEP PC=0xAAAAB2F68C60, theta= 320, max bias=   9, baseline_comp=  0, stable_cnt=255, grace_period=511, time_alive=  0
L_PERCEP PC=0xAAAAB2F68C6C, theta= 261, max bias=   7, baseline_comp=  0, stable_cnt=255, grace_period=511, time_alive=  0
G_PERCEP PC=0xAAAAB2F68C6C, theta= 320, max bias=  10, baseline_comp=  0, stable_cnt=255, grace_period=511, time_alive=  0
L_PERCEP PC=0xAAAAB2F68B04, theta= 261, max bias=   7, baseline_comp=  0, stable_cnt=255, grace_period=511, time_alive=  0
G_PERCEP PC=0xAAAAB2F68B04, theta= 320, max bias=  15, baseline_comp=  0, stable_cnt=255, grace_period=511, time_alive=  0
L_PERCEP PC=0xAAAAB2F68C60, theta= 261, max bias=  14, baseline_comp=  0, stable_cnt=255, grace_period=511, time_alive=  0
G_PERCEP PC=0xAAAAB2F68C60, theta= 320, max bias=   4, baseline_comp=  0, stable_cnt=255, grace_period=511, time_alive=  0
G_PERCEP PC=0xAAAAB2F68CE0, theta= 320, max bias=  15, baseline_comp=  0, stable_cnt=255, grace_period=511, time_alive=  0
L_PERCEP PC=0xAAAAB2F68C60, theta= 261, max bias=  11, baseline_comp=  0, stable_cnt=255, grace_period=511, time_alive=  0
G_PERCEP PC=0xAAAAB2F68C60, theta= 328, max bias=   9, baseline_comp=  0, stable_cnt=255, grace_period=511, time_alive=  0
L_PERCEP PC=0xAAAAB2F68C60, theta= 261, max bias=  10, baseline_comp=  0, stable_cnt=255, grace_period=511, time_alive=  0
G_PERCEP PC=0xAAAAB2F68C60, theta= 320, max bias=  14, baseline_comp=  0, stable_cnt=255, grace_period=511, time_alive=  0
L_PERCEP PC=0xAAAAB2F68C4C, theta= 261, max bias=   2, baseline_comp=  0, stable_cnt=255, grace_period=511, time_alive=  0
G_PERCEP PC=0xAAAAB2F68C4C, theta= 320, max bias=  19, baseline_comp=  0, stable_cnt=255, grace_period=511, time_alive=  0
G_PERCEP PC=0xAAAAB2F68C6C, theta= 320, max bias=   5, baseline_comp=  0, stable_cnt=255, grace_period=511, time_alive=  0
L_PERCEP PC=0xAAAAB2F68C60, theta= 261, max bias=  18, baseline_comp=  0, stable_cnt=255, grace_period=511, time_alive=  0
G_PERCEP PC=0xAAAAB2F68C60, theta= 320, max bias=  14, baseline_comp=  0, stable_cnt=255, grace_period=511, time_alive=  0
L_PERCEP PC=0xAAAAB2F68C6C, theta= 261, max bias=   7, baseline_comp=  0, stable_cnt=255, grace_period=511, time_alive=  0
L_PERCEP PC=0xAAAAB2F68C60, theta= 261, max bias=  11, baseline_comp=  0, stable_cnt=255, grace_period=511, time_alive=  0
G_PERCEP PC=0xAAAAB2F68C60, theta= 320, max bias=  21, baseline_comp=  0, stable_cnt=255, grace_period=511, time_alive=  0
L_PERCEP PC=0xAAAAB2F68C60, theta= 261, max bias=  21, baseline_comp=  0, stable_cnt=255, grace_period=511, time_alive=  0
G_PERCEP PC=0xAAAAB2F68C60, theta= 320, max bias=  10, baseline_comp=  0, stable_cnt=255, grace_period=511, time_alive=  0
L_PERCEP PC=0xAAAAB2F68B04, theta= 261, max bias=   2, baseline_comp=  0, stable_cnt=255, grace_period=511, time_alive=  0
G_PERCEP PC=0xAAAAB2F68B04, theta= 320, max bias=  19, baseline_comp=  0, stable_cnt=255, grace_period=511, time_alive=  0
L_PERCEP PC=0xAAAAB2F68C14, theta= 261, max bias=  19, baseline_comp=  0, stable_cnt=255, grace_period=511, time_alive=  0
G_PERCEP PC=0xAAAAB2F68C14, theta= 296, max bias=  34, baseline_comp=  0, stable_cnt=255, grace_period=511, time_alive=  0
L_PERCEP PC=0xAAAAB2F68C60, theta= 261, max bias=  21, baseline_comp=  0, stable_cnt=255, grace_period=511, time_alive=  0
G_PERCEP PC=0xAAAAB2F68C60, theta= 328, max bias=  13, baseline_comp=  0, stable_cnt=255, grace_period=511, time_alive=  0
G_PERCEP PC=0xAAAAB2F68C60, theta= 320, max bias=  11, baseline_comp=  0, stable_cnt=255, grace_period=511, time_alive=  0
L_PERCEP PC=0xAAAAB2F68C60, theta= 261, max bias=  12, baseline_comp=  0, stable_cnt=255, grace_period=511, time_alive=  0
L_PERCEP PC=0xAAAAB2F68C60, theta= 261, max bias=  14, baseline_comp=  0, stable_cnt=255, grace_period=511, time_alive=  0
G_PERCEP PC=0xAAAAB2F68C60, theta= 336, max bias=  32, baseline_comp=  0, stable_cnt=255, grace_period=511, time_alive=  0
G_PERCEP PC=0xAAAAB2F68C60, theta= 320, max bias=  12, baseline_comp=  0, stable_cnt=255, grace_period=511, time_alive=  0
L_PERCEP PC=0xAAAAB2F68C60, theta= 261, max bias=  13, baseline_comp=  0, stable_cnt=255, grace_period=511, time_alive=  0
G_PERCEP PC=0xAAAAB2F68C6C, theta= 320, max bias=   5, baseline_comp=  0, stable_cnt=255, grace_period=511, time_alive=  0
L_PERCEP PC=0xAAAAB2F68C6C, theta= 261, max bias=   8, baseline_comp=  0, stable_cnt=255, grace_period=511, time_alive=  0
L_PERCEP PC=0xAAAAB2F68C4C, theta= 261, max bias=   1, baseline_comp=  0, stable_cnt=255, grace_period=511, time_alive=  0
G_PERCEP PC=0xAAAAB2F68C4C, theta= 320, max bias=  20, baseline_comp=  0, stable_cnt=255, grace_period=511, time_alive=  0
L_PERCEP PC=0xAAAAB2F68C60, theta= 261, max bias=  12, baseline_comp=  0, stable_cnt=255, grace_period=511, time_alive=  0
G_PERCEP PC=0xAAAAB2F68C60, theta= 344, max bias=  13, baseline_comp=  0, stable_cnt=255, grace_period=511, time_alive=  0
L_PERCEP PC=0xAAAAB2F68BB4, theta= 261, max bias=  16, baseline_comp=  0, stable_cnt=255, grace_period=511, time_alive=  0
G_PERCEP PC=0xAAAAB2F68BB4, theta= 320, max bias=  10, baseline_comp=  0, stable_cnt=255, grace_period=511, time_alive=  0
L_PERCEP PC=0xAAAAB2F68B04, theta= 261, max bias=   4, baseline_comp=  0, stable_cnt=255, grace_period=511, time_alive=  0
G_PERCEP PC=0xAAAAB2F68B04, theta= 320, max bias=  15, baseline_comp=  0, stable_cnt=255, grace_period=511, time_alive=  0
L_PERCEP PC=0xAAAAB2F68C60, theta= 261, max bias=   5, baseline_comp=  0, stable_cnt=255, grace_period=511, time_alive=  0
G_PERCEP PC=0xAAAAB2F68C60, theta= 320, max bias=  12, baseline_comp=  0, stable_cnt=255, grace_period=511, time_alive=  0
L_PERCEP PC=0xAAAAB2F68C60, theta= 261, max bias=   5, baseline_comp=  0, stable_cnt=255, grace_period=511, time_alive=  0
G_PERCEP PC=0xAAAAB2F68C60, theta= 328, max bias=  13, baseline_comp=  0, stable_cnt=255, grace_period=511, time_alive=  0
L_PERCEP PC=0xAAAAB2F68C6C, theta= 261, max bias=  48, baseline_comp=  0, stable_cnt=255, grace_period=511, time_alive=  0
G_PERCEP PC=0xAAAAB2F68C6C, theta= 320, max bias=   8, baseline_comp=  0, stable_cnt=255, grace_period=511, time_alive=  0
L_PERCEP PC=0xAAAAB2F68C60, theta= 261, max bias=  15, baseline_comp=  0, stable_cnt=255, grace_period=511, time_alive=  0
G_PERCEP PC=0xAAAAB2F68C60, theta= 320, max bias=  11, baseline_comp=  0, stable_cnt=255, grace_period=511, time_alive=  0
L_PERCEP PC=0xAAAAB2F68C60, theta= 261, max bias=  26, baseline_comp=  0, stable_cnt=255, grace_period=511, time_alive=  0
G_PERCEP PC=0xAAAAB2F68C60, theta= 312, max bias=  11, baseline_comp=  0, stable_cnt=255, grace_period=511, time_alive=  0
L_PERCEP PC=0xAAAAB2F68B04, theta= 261, max bias=   8, baseline_comp=  0, stable_cnt=255, grace_period=511, time_alive=  0
G_PERCEP PC=0xAAAAB2F68B04, theta= 320, max bias=  18, baseline_comp=  0, stable_cnt=255, grace_period=511, time_alive=  0
L_PERCEP PC=0xAAAAB2F68C60, theta= 261, max bias=  16, baseline_comp=  0, stable_cnt=255, grace_period=511, time_alive=  0
G_PERCEP PC=0xAAAAB2F68C60, theta= 320, max bias=  11, baseline_comp=  0, stable_cnt=255, grace_period=511, time_alive=  0
G_PERCEP PC=0xAAAAB2F68C60, theta= 320, max bias=   6, baseline_comp=  0, stable_cnt=255, grace_period=511, time_alive=  0
L_PERCEP PC=0xAAAAB2F68C4C, theta= 261, max bias=   4, baseline_comp=  0, stable_cnt=255, grace_period=511, time_alive=  0
G_PERCEP PC=0xAAAAB2F68C4C, theta= 320, max bias=  15, baseline_comp=  0, stable_cnt=255, grace_period=511, time_alive=  0
L_PERCEP PC=0xAAAAB2F68C60, theta= 261, max bias=  10, baseline_comp=  0, stable_cnt=255, grace_period=511, time_alive=  0
L_PERCEP PC=0xAAAAB2F68C6C, theta= 269, max bias=  30, baseline_comp=  0, stable_cnt=255, grace_period=511, time_alive=  0
G_PERCEP PC=0xAAAAB2F68C6C, theta= 312, max bias=   8, baseline_comp=  0, stable_cnt=255, grace_period=511, time_alive=  0
G_PERCEP PC=0xAAAAB2F68C60, theta= 328, max bias=   3, baseline_comp=  0, stable_cnt=255, grace_period=511, time_alive=  0
L_PERCEP PC=0xAAAAB2F68C60, theta= 261, max bias=   3, baseline_comp=  0, stable_cnt=255, grace_period=511, time_alive=  0
G_PERCEP PC=0xAAAAB2F68D08, theta= 320, max bias=  21, baseline_comp=  0, stable_cnt=255, grace_period=511, time_alive=  0
G_PERCEP PC=0xAAAAB2F68C60, theta= 320, max bias=  12, baseline_comp=  0, stable_cnt=255, grace_period=511, time_alive=  0
L_PERCEP PC=0xAAAAB2F68C60, theta= 261, max bias=   4, baseline_comp=  0, stable_cnt=255, grace_period=511, time_alive=  0
L_PERCEP PC=0xAAAAB2F68D08, theta= 261, max bias=  20, baseline_comp=  0, stable_cnt=255, grace_period=511, time_alive=  0
L_PERCEP PC=0xAAAAB2F68C60, theta= 261, max bias=  16, baseline_comp=  0, stable_cnt=255, grace_period=511, time_alive=  0
G_PERCEP PC=0xAAAAB2F68C60, theta= 320, max bias=   8, baseline_comp=  0, stable_cnt=255, grace_period=511, time_alive=  0
L_PERCEP PC=0xAAAAB2F68CF8, theta= 261, max bias=  27, baseline_comp=  0, stable_cnt=255, grace_period=511, time_alive=  0
G_PERCEP PC=0xAAAAB2F68CF8, theta= 320, max bias=  19, baseline_comp=  0, stable_cnt=255, grace_period=511, time_alive=  0
L_PERCEP PC=0xAAAAB2F68B04, theta= 261, max bias=   4, baseline_comp=  0, stable_cnt=255, grace_period=511, time_alive=  0
G_PERCEP PC=0xAAAAB2F68B04, theta= 320, max bias=  19, baseline_comp=  0, stable_cnt=255, grace_period=511, time_alive=  0
L_PERCEP PC=0xAAAAB2F68C60, theta= 261, max bias=  21, baseline_comp=  0, stable_cnt=255, grace_period=511, time_alive=  0
L_PERCEP PC=0xAAAAB2F68B44, theta= 261, max bias=   7, baseline_comp=  0, stable_cnt=255, grace_period=511, time_alive=  0
G_PERCEP PC=0xAAAAB2F68B44, theta= 320, max bias=  18, baseline_comp=  0, stable_cnt=255, grace_period=511, time_alive=  0
G_PERCEP PC=0xAAAAB2F68C60, theta= 320, max bias=  10, baseline_comp=  0, stable_cnt=255, grace_period=511, time_alive=  0
L_PERCEP PC=0xAAAAB2F68C60, theta= 261, max bias=   6, baseline_comp=  0, stable_cnt=255, grace_period=511, time_alive=  0
G_PERCEP PC=0xAAAAB2F68C60, theta= 320, max bias=  11, baseline_comp=  0, stable_cnt=255, grace_period=511, time_alive=  0
G_PERCEP PC=0xAAAAB2F68C6C, theta= 320, max bias=   9, baseline_comp=  0, stable_cnt=255, grace_period=511, time_alive=  0
L_PERCEP PC=0xAAAAB2F68C6C, theta= 261, max bias=  13, baseline_comp=  0, stable_cnt=255, grace_period=511, time_alive=  0
G_PERCEP PC=0xAAAAB2F68C60, theta= 320, max bias=   8, baseline_comp=  0, stable_cnt=255, grace_period=511, time_alive=  0
L_PERCEP PC=0xAAAAB2F68C60, theta= 261, max bias=   6, baseline_comp=  0, stable_cnt=255, grace_period=511, time_alive=  0
L_PERCEP PC=0xAAAAB2F68CE0, theta= 261, max bias=  18, baseline_comp=  0, stable_cnt=255, grace_period=511, time_alive=  0
G_PERCEP PC=0xAAAAB2F68CD0, theta= 304, max bias=   9, baseline_comp=  0, stable_cnt=255, grace_period=511, time_alive=  0
G_PERCEP PC=0xAAAAB2F68C60, theta= 336, max bias=   7, baseline_comp=  0, stable_cnt=255, grace_period=511, time_alive=  0
L_PERCEP PC=0xAAAAB2F68C60, theta= 261, max bias=   6, baseline_comp=  0, stable_cnt=255, grace_period=511, time_alive=  0
L_PERCEP PC=0xAAAAB2F68B04, theta= 261, max bias=   4, baseline_comp=  0, stable_cnt=255, grace_period=511, time_alive=  0
G_PERCEP PC=0xAAAAB2F68B04, theta= 320, max bias=  11, baseline_comp=  0, stable_cnt=255, grace_period=511, time_alive=  0
G_PERCEP PC=0xAAAAB2F68C60, theta= 320, max bias=   8, baseline_comp=  0, stable_cnt=255, grace_period=511, time_alive=  0
L_PERCEP PC=0xAAAAB2F68C60, theta= 261, max bias=  14, baseline_comp=  0, stable_cnt=255, grace_period=511, time_alive=  0
L_PERCEP PC=0xAAAAB2F68C4C, theta= 261, max bias=   2, baseline_comp=  0, stable_cnt=255, grace_period=511, time_alive=  0
G_PERCEP PC=0xAAAAB2F68C4C, theta= 320, max bias=  15, baseline_comp=  0, stable_cnt=255, grace_period=511, time_alive=  0
G_PERCEP PC=0xAAAAB2F68C60, theta= 320, max bias=  80, baseline_comp=  0, stable_cnt=255, grace_period=511, time_alive=  0
L_PERCEP PC=0xAAAAB2F68C60, theta= 261, max bias=  16, baseline_comp=  0, stable_cnt=255, grace_period=511, time_alive=  0
L_PERCEP PC=0xAAAAB2F68CD0, theta= 261, max bias=  28, baseline_comp=  0, stable_cnt=255, grace_period=511, time_alive=  0
L_PERCEP PC=0xAAAAB2F68C60, theta= 261, max bias=  19, baseline_comp=  0, stable_cnt=255, grace_period=511, time_alive=  0
G_PERCEP PC=0xAAAAB2F68C60, theta= 320, max bias=  12, baseline_comp=  0, stable_cnt=255, grace_period=511, time_alive=  0
L_PERCEP PC=0xAAAAB2F68C6C, theta= 261, max bias=   4, baseline_comp=  0, stable_cnt=255, grace_period=511, time_alive=  0
G_PERCEP PC=0xAAAAB2F68D08, theta= 320, max bias=  15, baseline_comp=  0, stable_cnt=255, grace_period=511, time_alive=  0
L_PERCEP PC=0xAAAAB2F68C60, theta= 261, max bias=  32, baseline_comp=  0, stable_cnt=255, grace_period=511, time_alive=  0
G_PERCEP PC=0xAAAAB2F68C60, theta= 328, max bias=   6, baseline_comp=  0, stable_cnt=255, grace_period=511, time_alive=  0
L_PERCEP PC=0xAAAAB2F68D08, theta= 261, max bias=   8, baseline_comp=  0, stable_cnt=255, grace_period=511, time_alive=  0
G_PERCEP PC=0xAAAAB2F68C6C, theta= 320, max bias=  15, baseline_comp=  0, stable_cnt=255, grace_period=511, time_alive=  0
15000000 instrs 
G_PERCEP PC=0xAAAAB2F68CE0, theta= 320, max bias=  17, baseline_comp=  0, stable_cnt=255, grace_period=511, time_alive=  0
L_PERCEP PC=0xAAAAB2F68B04, theta= 261, max bias=   2, baseline_comp=  0, stable_cnt=255, grace_period=511, time_alive=  0
G_PERCEP PC=0xAAAAB2F68B04, theta= 320, max bias=  11, baseline_comp=  0, stable_cnt=255, grace_period=511, time_alive=  0
L_PERCEP PC=0xAAAAB2F68CA8, theta= 261, max bias=   1, baseline_comp=  0, stable_cnt=255, grace_period=511, time_alive=  0
G_PERCEP PC=0xAAAAB2F68CA8, theta= 320, max bias=  16, baseline_comp=  0, stable_cnt=255, grace_period=511, time_alive=  0
L_PERCEP PC=0xAAAAB2F68C60, theta= 261, max bias=   6, baseline_comp=  0, stable_cnt=255, grace_period=511, time_alive=  0
G_PERCEP PC=0xAAAAB2F68C60, theta= 328, max bias=   8, baseline_comp=  0, stable_cnt=255, grace_period=511, time_alive=  0
L_PERCEP PC=0xAAAAB2F689FC, theta= 261, max bias=  33, baseline_comp=  0, stable_cnt=255, grace_period=511, time_alive=  0
G_PERCEP PC=0xAAAAB2F68C60, theta= 320, max bias=   6, baseline_comp=  0, stable_cnt=255, grace_period=511, time_alive=  0
L_PERCEP PC=0xAAAAB2F68C60, theta= 261, max bias=  16, baseline_comp=  0, stable_cnt=255, grace_period=511, time_alive=  0
G_PERCEP PC=0xAAAAB2F689FC, theta= 312, max bias=  22, baseline_comp=  0, stable_cnt=255, grace_period=511, time_alive=  0
G_PERCEP PC=0xAAAAB2F68C60, theta= 320, max bias=   5, baseline_comp=  0, stable_cnt=255, grace_period=511, time_alive=  0
L_PERCEP PC=0xAAAAB2F68C60, theta= 261, max bias=  21, baseline_comp=  0, stable_cnt=255, grace_period=511, time_alive=  0
L_PERCEP PC=0xAAAAB2F68C14, theta= 261, max bias=   5, baseline_comp=  0, stable_cnt=255, grace_period=511, time_alive=  0
G_PERCEP PC=0xAAAAB2F68C6C, theta= 320, max bias=  11, baseline_comp=  0, stable_cnt=255, grace_period=511, time_alive=  0
L_PERCEP PC=0xAAAAB2F68C6C, theta= 261, max bias=   6, baseline_comp=  0, stable_cnt=255, grace_period=511, time_alive=  0
L_PERCEP PC=0xAAAAB2F68C60, theta= 261, max bias=   7, baseline_comp=  0, stable_cnt=255, grace_period=511, time_alive=  0
G_PERCEP PC=0xAAAAB2F68C60, theta= 320, max bias=  13, baseline_comp=  0, stable_cnt=255, grace_period=511, time_alive=  0
L_PERCEP PC=0xAAAAB2F68C4C, theta= 261, max bias=   8, baseline_comp=  0, stable_cnt=255, grace_period=511, time_alive=  0
G_PERCEP PC=0xAAAAB2F68C4C, theta= 320, max bias=  24, baseline_comp=  0, stable_cnt=255, grace_period=511, time_alive=  0
G_PERCEP PC=0xAAAAB2F68D40, theta= 320, max bias=  16, baseline_comp=  0, stable_cnt=255, grace_period=511, time_alive=  0
L_PERCEP PC=0xAAAAB2F68C60, theta= 261, max bias=  10, baseline_comp=  0, stable_cnt=255, grace_period=511, time_alive=  0
G_PERCEP PC=0xAAAAB2F68C60, theta= 320, max bias=  10, baseline_comp=  0, stable_cnt=255, grace_period=511, time_alive=  0
L_PERCEP PC=0xAAAAB2F68B04, theta= 261, max bias=   4, baseline_comp=  0, stable_cnt=255, grace_period=511, time_alive=  0
G_PERCEP PC=0xAAAAB2F68B04, theta= 320, max bias=  13, baseline_comp=  0, stable_cnt=255, grace_period=511, time_alive=  0
G_PERCEP PC=0xAAAAB2F68C60, theta= 320, max bias=  12, baseline_comp=  0, stable_cnt=255, grace_period=511, time_alive=  0
L_PERCEP PC=0xAAAAB2F68C60, theta= 261, max bias=   4, baseline_comp=  0, stable_cnt=255, grace_period=511, time_alive=  0
G_PERCEP PC=0xAAAAB2F68C14, theta= 256, max bias=  63, baseline_comp=  0, stable_cnt=255, grace_period=511, time_alive=  0
G_PERCEP PC=0xAAAAB2F6940C, theta= 320, max bias=  12, baseline_comp=  0, stable_cnt=255, grace_period=511, time_alive=  0
L_PERCEP PC=0xAAAAB2F6940C, theta= 261, max bias=  28, baseline_comp=  0, stable_cnt=255, grace_period=511, time_alive=  0
G_PERCEP PC=0xAAAAB2F6940C, theta= 320, max bias=  13, baseline_comp=  0, stable_cnt=255, grace_period=511, time_alive=  0
L_PERCEP PC=0xAAAAB2F68C60, theta= 261, max bias=   2, baseline_comp=  0, stable_cnt=255, grace_period=511, time_alive=  0
G_PERCEP PC=0xAAAAB2F68C60, theta= 336, max bias=  14, baseline_comp=  0, stable_cnt=255, grace_period=511, time_alive=  0
L_PERCEP PC=0xAAAAB2F68C60, theta= 261, max bias=   8, baseline_comp=  0, stable_cnt=255, grace_period=511, time_alive=  0
G_PERCEP PC=0xAAAAB2F68C6C, theta= 320, max bias=  10, baseline_comp=  0, stable_cnt=255, grace_period=511, time_alive=  0
G_PERCEP PC=0xAAAAB2F68C60, theta= 320, max bias=  19, baseline_comp=  0, stable_cnt=255, grace_period=511, time_alive=  0
L_PERCEP PC=0xAAAAB2F68C6C, theta= 261, max bias=   6, baseline_comp=  0, stable_cnt=255, grace_period=511, time_alive=  0
L_PERCEP PC=0xAAAAB2F68C60, theta= 261, max bias=   9, baseline_comp=  0, stable_cnt=255, grace_period=511, time_alive=  0
G_PERCEP PC=0xAAAAB2F68C60, theta= 328, max bias=  15, baseline_comp=  0, stable_cnt=255, grace_period=511, time_alive=  0
G_PERCEP PC=0xAAAAB2F68CE0, theta= 320, max bias=  13, baseline_comp=  0, stable_cnt=255, grace_period=511, time_alive=  0
L_PERCEP PC=0xAAAAB2F68C60, theta= 261, max bias=   6, baseline_comp=  0, stable_cnt=255, grace_period=511, time_alive=  0
G_PERCEP PC=0xAAAAB2F68C60, theta= 328, max bias=   8, baseline_comp=  0, stable_cnt=255, grace_period=511, time_alive=  0
L_PERCEP PC=0xAAAAB2F68B04, theta= 261, max bias=   8, baseline_comp=  0, stable_cnt=255, grace_period=511, time_alive=  0
G_PERCEP PC=0xAAAAB2F68B04, theta= 320, max bias=  16, baseline_comp=  0, stable_cnt=255, grace_period=511, time_alive=  0
L_PERCEP PC=0xAAAAB2F68CD0, theta= 261, max bias=  10, baseline_comp=  0, stable_cnt=255, grace_period=511, time_alive=  0
G_PERCEP PC=0xAAAAB2F68CD0, theta= 312, max bias=  19, baseline_comp=  0, stable_cnt=255, grace_period=511, time_alive=  0
L_PERCEP PC=0xAAAAB2F68C60, theta= 261, max bias=  14, baseline_comp=  0, stable_cnt=255, grace_period=511, time_alive=  0
G_PERCEP PC=0xAAAAB2F68C60, theta= 320, max bias=  12, baseline_comp=  0, stable_cnt=255, grace_period=511, time_alive=  0
L_PERCEP PC=0xAAAAB2F68D40, theta= 261, max bias=  27, baseline_comp=  0, stable_cnt=255, grace_period=511, time_alive=  0
L_PERCEP PC=0xAAAAB2F68C60, theta= 261, max bias=   3, baseline_comp=  0, stable_cnt=255, grace_period=511, time_alive=  0
G_PERCEP PC=0xAAAAB2F68C60, theta= 320, max bias=  14, baseline_comp=  0, stable_cnt=255, grace_period=511, time_alive=  0
L_PERCEP PC=0xAAAAB2F68C4C, theta= 261, max bias=   2, baseline_comp=  0, stable_cnt=255, grace_period=511, time_alive=  0
G_PERCEP PC=0xAAAAB2F68C4C, theta= 320, max bias=  23, baseline_comp=  0, stable_cnt=255, grace_period=511, time_alive=  0
L_PERCEP PC=0xAAAAB2F68C60, theta= 261, max bias=   6, baseline_comp=  0, stable_cnt=255, grace_period=511, time_alive=  0
G_PERCEP PC=0xAAAAB2F68C60, theta= 320, max bias=  13, baseline_comp=  0, stable_cnt=255, grace_period=511, time_alive=  0
G_PERCEP PC=0xAAAAB2F68C60, theta= 320, max bias=  10, baseline_comp=  0, stable_cnt=255, grace_period=511, time_alive=  0
L_PERCEP PC=0xAAAAB2F68C60, theta= 261, max bias=  41, baseline_comp=  0, stable_cnt=255, grace_period=511, time_alive=  0
G_PERCEP PC=0xAAAAB2F68C6C, theta= 328, max bias=  16, baseline_comp=  0, stable_cnt=255, grace_period=511, time_alive=  0
L_PERCEP PC=0xAAAAB2F68C6C, theta= 261, max bias=   7, baseline_comp=  0, stable_cnt=255, grace_period=511, time_alive=  0
L_PERCEP PC=0xAAAAB2F68B04, theta= 261, max bias=   7, baseline_comp=  0, stable_cnt=255, grace_period=511, time_alive=  0
G_PERCEP PC=0xAAAAB2F68B04, theta= 320, max bias=  10, baseline_comp=  0, stable_cnt=255, grace_period=511, time_alive=  0
L_PERCEP PC=0xAAAAB2F68C60, theta= 261, max bias=  17, baseline_comp=  0, stable_cnt=255, grace_period=511, time_alive=  0
G_PERCEP PC=0xAAAAB2F68C60, theta= 320, max bias=   7, baseline_comp=  0, stable_cnt=255, grace_period=511, time_alive=  0
L_PERCEP PC=0xAAAAB2F68C60, theta= 261, max bias=   4, baseline_comp=  0, stable_cnt=255, grace_period=511, time_alive=  0
G_PERCEP PC=0xAAAAB2F68C60, theta= 320, max bias=  11, baseline_comp=  0, stable_cnt=255, grace_period=511, time_alive=  0
L_PERCEP PC=0xAAAAB2F68C60, theta= 261, max bias=  11, baseline_comp=  0, stable_cnt=255, grace_period=511, time_alive=  0
G_PERCEP PC=0xAAAAB2F68C60, theta= 320, max bias=   9, baseline_comp=  0, stable_cnt=255, grace_period=511, time_alive=  0
L_PERCEP PC=0xAAAAB2F68C60, theta= 261, max bias=   5, baseline_comp=  0, stable_cnt=255, grace_period=511, time_alive=  0
G_PERCEP PC=0xAAAAB2F68C60, theta= 328, max bias=  10, baseline_comp=  0, stable_cnt=255, grace_period=511, time_alive=  0
L_PERCEP PC=0xAAAAB2F68CF8, theta= 261, max bias=  10, baseline_comp=  0, stable_cnt=255, grace_period=511, time_alive=  0
G_PERCEP PC=0xAAAAB2F68CF8, theta= 320, max bias=  15, baseline_comp=  0, stable_cnt=255, grace_period=511, time_alive=  0
L_PERCEP PC=0xAAAAB2F68B04, theta= 261, max bias=   7, baseline_comp=  0, stable_cnt=255, grace_period=511, time_alive=  0
G_PERCEP PC=0xAAAAB2F68B04, theta= 320, max bias=   9, baseline_comp=  0, stable_cnt=255, grace_period=511, time_alive=  0
L_PERCEP PC=0xAAAAB2F68C60, theta= 261, max bias=   4, baseline_comp=  0, stable_cnt=255, grace_period=511, time_alive=  0
G_PERCEP PC=0xAAAAB2F68C60, theta= 328, max bias=  16, baseline_comp=  0, stable_cnt=255, grace_period=511, time_alive=  0
L_PERCEP PC=0xAAAAB2F68C6C, theta= 261, max bias=   8, baseline_comp=  0, stable_cnt=255, grace_period=511, time_alive=  0
G_PERCEP PC=0xAAAAB2F68C6C, theta= 320, max bias=   9, baseline_comp=  0, stable_cnt=255, grace_period=511, time_alive=  0
L_PERCEP PC=0xAAAAB2F68C60, theta= 261, max bias=   3, baseline_comp=  0, stable_cnt=255, grace_period=511, time_alive=  0
L_PERCEP PC=0xAAAAB2F68C4C, theta= 261, max bias=   1, baseline_comp=  0, stable_cnt=255, grace_period=511, time_alive=  0
G_PERCEP PC=0xAAAAB2F68C4C, theta= 320, max bias=  25, baseline_comp=  0, stable_cnt=255, grace_period=511, time_alive=  0
G_PERCEP PC=0xAAAAB2F68C60, theta= 320, max bias=  13, baseline_comp=  0, stable_cnt=255, grace_period=511, time_alive=  0
L_PERCEP PC=0xAAAAB2F68C60, theta= 261, max bias=   8, baseline_comp=  0, stable_cnt=255, grace_period=511, time_alive=  0
G_PERCEP PC=0xAAAAB2F68C60, theta= 320, max bias=  13, baseline_comp=  0, stable_cnt=255, grace_period=511, time_alive=  0
L_PERCEP PC=0xAAAAB2F68C60, theta= 261, max bias=  37, baseline_comp=  0, stable_cnt=255, grace_period=511, time_alive=  0
G_PERCEP PC=0xAAAAB2F68C60, theta= 320, max bias=  12, baseline_comp=  0, stable_cnt=255, grace_period=511, time_alive=  0
20000000 instrs 
G_PERCEP PC=0xAAAAB2F68C60, theta= 336, max bias=  13, baseline_comp=  0, stable_cnt=255, grace_period=511, time_alive=  0
L_PERCEP PC=0xAAAAB2F68C60, theta= 269, max bias=  27, baseline_comp=  0, stable_cnt=255, grace_period=511, time_alive=  0
L_PERCEP PC=0xAAAAB2F69438, theta= 277, max bias=  19, baseline_comp=  0, stable_cnt= 11, grace_period=511, time_alive=65535
L_PERCEP PC=0xAAAAB2F6940C, theta= 261, max bias=  11, baseline_comp=  5, stable_cnt=  0, grace_period=511, time_alive=65535
L_PERCEP PC=0xAAAAB2F69484, theta= 309, max bias=  12, baseline_comp=  5, stable_cnt=  0, grace_period=511, time_alive=65535
L_PERCEP PC=0xAAAAB2F69470, theta= 285, max bias=  33, baseline_comp=  0, stable_cnt= 18, grace_period=511, time_alive=65535
L_PERCEP PC=0xAAAAB2F6949C, theta= 261, max bias=  29, baseline_comp=  7, stable_cnt=  0, grace_period=511, time_alive=65535
L_PERCEP PC=0xAAAAB2F694EC, theta= 277, max bias=  20, baseline_comp=  3, stable_cnt=  0, grace_period=511, time_alive=65535
L_PERCEP PC=0xAAAAB2F69518, theta= 301, max bias=  26, baseline_comp=  0, stable_cnt= 12, grace_period=511, time_alive=65535
L_PERCEP PC=0xAAAAB2F68B04, theta= 261, max bias=   1, baseline_comp=  0, stable_cnt=255, grace_period=511, time_alive=  0
G_PERCEP PC=0xAAAAB2F68B04, theta= 320, max bias=  13, baseline_comp=  0, stable_cnt=255, grace_period=511, time_alive=  0
L_PERCEP PC=0xAAAAB2F68C6C, theta= 261, max bias=   4, baseline_comp=  0, stable_cnt=255, grace_period=511, time_alive=  0
G_PERCEP PC=0xAAAAB2F68C6C, theta= 320, max bias=  10, baseline_comp=  0, stable_cnt=255, grace_period=511, time_alive=  0
G_PERCEP PC=0xAAAAB2F68D08, theta= 320, max bias=  22, baseline_comp=  0, stable_cnt=255, grace_period=511, time_alive=  0
L_PERCEP PC=0xAAAAB2F68D40, theta= 261, max bias=   9, baseline_comp=  0, stable_cnt=255, grace_period=511, time_alive=  0
L_PERCEP PC=0xAAAAB2F68D08, theta= 261, max bias=  14, baseline_comp=  0, stable_cnt=255, grace_period=511, time_alive=  0
G_PERCEP PC=0xAAAAB2F68BB4, theta= 320, max bias=   8, baseline_comp=  0, stable_cnt=255, grace_period=511, time_alive=  0
L_PERCEP PC=0xAAAAB2F68BB4, theta= 261, max bias=  12, baseline_comp=  0, stable_cnt=255, grace_period=511, time_alive=  0
G_PERCEP PC=0xAAAAB2F68C60, theta= 328, max bias=   7, baseline_comp=  0, stable_cnt=255, grace_period=511, time_alive=  0
L_PERCEP PC=0xAAAAB2F68C60, theta= 261, max bias=  14, baseline_comp=  0, stable_cnt=255, grace_period=511, time_alive=  0
L_PERCEP PC=0xAAAAB2F68CE0, theta= 261, max bias=  17, baseline_comp=  0, stable_cnt=255, grace_period=511, time_alive=  0
L_PERCEP PC=0xAAAAB2F68C60, theta= 261, max bias=   3, baseline_comp=  0, stable_cnt=255, grace_period=511, time_alive=  0
G_PERCEP PC=0xAAAAB2F68C60, theta= 328, max bias=  10, baseline_comp=  0, stable_cnt=255, grace_period=511, time_alive=  0
L_PERCEP PC=0xAAAAB2F68C14, theta= 261, max bias=  13, baseline_comp=  0, stable_cnt=255, grace_period=511, time_alive=  0
L_PERCEP PC=0xAAAAB2F689F4, theta= 261, max bias=  16, baseline_comp=  0, stable_cnt=255, grace_period=511, time_alive=  0
G_PERCEP PC=0xAAAAB2F689F4, theta= 320, max bias=  18, baseline_comp=  0, stable_cnt=255, grace_period=511, time_alive=  0
L_PERCEP PC=0xAAAAB2F68C60, theta= 261, max bias=   4, baseline_comp=  0, stable_cnt=255, grace_period=511, time_alive=  0
G_PERCEP PC=0xAAAAB2F68C60, theta= 320, max bias=   8, baseline_comp=  0, stable_cnt=255, grace_period=511, time_alive=  0
G_PERCEP PC=0xAAAAB2F69438, theta= 312, max bias=  44, baseline_comp=  5, stable_cnt=  0, grace_period=511, time_alive=65535
G_PERCEP PC=0xAAAAB2F69484, theta= 392, max bias=  15, baseline_comp=  0, stable_cnt=  5, grace_period=511, time_alive=65535
G_PERCEP PC=0xAAAAB2F69470, theta= 304, max bias=  75, baseline_comp=  0, stable_cnt= 34, grace_period=511, time_alive=65535
G_PERCEP PC=0xAAAAB2F6949C, theta= 320, max bias=  40, baseline_comp= 11, stable_cnt=  0, grace_period=511, time_alive=65535
G_PERCEP PC=0xAAAAB2F694EC, theta= 288, max bias=  80, baseline_comp=  5, stable_cnt=  0, grace_period=511, time_alive=65535
G_PERCEP PC=0xAAAAB2F69518, theta= 304, max bias=  70, baseline_comp=  9, stable_cnt=  0, grace_period=511, time_alive=65535
L_PERCEP PC=0xAAAAB2F68B04, theta= 261, max bias=   6, baseline_comp=  0, stable_cnt=255, grace_period=511, time_alive=  0
G_PERCEP PC=0xAAAAB2F68B04, theta= 320, max bias=  12, baseline_comp=  0, stable_cnt=255, grace_period=511, time_alive=  0
G_PERCEP PC=0xAAAAB2F68CD0, theta= 312, max bias=  11, baseline_comp=  0, stable_cnt=255, grace_period=511, time_alive=  0
L_PERCEP PC=0xAAAAB2F68CD0, theta= 261, max bias=  12, baseline_comp=  0, stable_cnt=255, grace_period=511, time_alive=  0
G_PERCEP PC=0xAAAAB2F68C60, theta= 320, max bias=  25, baseline_comp=  0, stable_cnt=255, grace_period=511, time_alive=  0
L_PERCEP PC=0xAAAAB2F68C60, theta= 261, max bias=  11, baseline_comp=  0, stable_cnt=255, grace_period=511, time_alive=  0
L_PERCEP PC=0xAAAAB2F68C4C, theta= 261, max bias=   1, baseline_comp=  0, stable_cnt=255, grace_period=511, time_alive=  0
G_PERCEP PC=0xAAAAB2F68C4C, theta= 320, max bias=  21, baseline_comp=  0, stable_cnt=255, grace_period=511, time_alive=  0
G_PERCEP PC=0xAAAAB2F68C60, theta= 328, max bias=  11, baseline_comp=  0, stable_cnt=255, grace_period=511, time_alive=  0
L_PERCEP PC=0xAAAAB2F68C60, theta= 261, max bias=   5, baseline_comp=  0, stable_cnt=255, grace_period=511, time_alive=  0
L_PERCEP PC=0xAAAAB2F68C60, theta= 261, max bias=   5, baseline_comp=  0, stable_cnt=255, grace_period=511, time_alive=  0
G_PERCEP PC=0xAAAAB2F68C60, theta= 320, max bias=  10, baseline_comp=  0, stable_cnt=255, grace_period=511, time_alive=  0
G_PERCEP PC=0xAAAAB2F68C6C, theta= 320, max bias=  12, baseline_comp=  0, stable_cnt=255, grace_period=511, time_alive=  0
L_PERCEP PC=0xAAAAB2F68C6C, theta= 261, max bias=   4, baseline_comp=  0, stable_cnt=255, grace_period=511, time_alive=  0
L_PERCEP PC=0xAAAAB2F68C60, theta= 261, max bias=   1, baseline_comp=  0, stable_cnt=255, grace_period=511, time_alive=  0
G_PERCEP PC=0xAAAAB2F68C60, theta= 320, max bias=   9, baseline_comp=  0, stable_cnt=255, grace_period=511, time_alive=  0
L_PERCEP PC=0xAAAAB2F68C60, theta= 261, max bias=   1, baseline_comp=  0, stable_cnt=255, grace_period=511, time_alive=  0
G_PERCEP PC=0xAAAAB2F68C60, theta= 320, max bias=  17, baseline_comp=  0, stable_cnt=255, grace_period=511, time_alive=  0
L_PERCEP PC=0xAAAAB2F68B04, theta= 261, max bias=   2, baseline_comp=  0, stable_cnt=255, grace_period=511, time_alive=  0
G_PERCEP PC=0xAAAAB2F68B04, theta= 320, max bias=  11, baseline_comp=  0, stable_cnt=255, grace_period=511, time_alive=  0
L_PERCEP PC=0xAAAAB2F68D08, theta= 261, max bias=   4, baseline_comp=  0, stable_cnt=255, grace_period=511, time_alive=  0
G_PERCEP PC=0xAAAAB2F68C60, theta= 320, max bias=   6, baseline_comp=  0, stable_cnt=255, grace_period=511, time_alive=  0
L_PERCEP PC=0xAAAAB2F68C60, theta= 261, max bias=   9, baseline_comp=  0, stable_cnt=255, grace_period=511, time_alive=  0
G_PERCEP PC=0xAAAAB2F68C60, theta= 320, max bias=  11, baseline_comp=  0, stable_cnt=255, grace_period=511, time_alive=  0
L_PERCEP PC=0xAAAAB2F68C60, theta= 261, max bias=  17, baseline_comp=  0, stable_cnt=255, grace_period=511, time_alive=  0
G_PERCEP PC=0xAAAAB2F68C6C, theta= 320, max bias=  15, baseline_comp=  0, stable_cnt=255, grace_period=511, time_alive=  0
L_PERCEP PC=0xAAAAB2F68C6C, theta= 261, max bias=  10, baseline_comp=  0, stable_cnt=255, grace_period=511, time_alive=  0
G_PERCEP PC=0xAAAAB2F68C60, theta= 320, max bias=  11, baseline_comp=  0, stable_cnt=255, grace_period=511, time_alive=  0
L_PERCEP PC=0xAAAAB2F68C60, theta= 261, max bias=  32, baseline_comp=  0, stable_cnt=255, grace_period=511, time_alive=  0
L_PERCEP PC=0xAAAAB2F68C4C, theta= 261, max bias=   2, baseline_comp=  0, stable_cnt=255, grace_period=511, time_alive=  0
G_PERCEP PC=0xAAAAB2F68C4C, theta= 320, max bias=  20, baseline_comp=  0, stable_cnt=255, grace_period=511, time_alive=  0
L_PERCEP PC=0xAAAAB2F6891C, theta= 261, max bias=  37, baseline_comp=  0, stable_cnt=255, grace_period=511, time_alive=  0
G_PERCEP PC=0xAAAAB2F6891C, theta= 312, max bias=  48, baseline_comp=  0, stable_cnt=255, grace_period=511, time_alive=  0
G_PERCEP PC=0xAAAAB2F68C60, theta= 328, max bias=  10, baseline_comp=  0, stable_cnt=255, grace_period=511, time_alive=  0
L_PERCEP PC=0xAAAAB2F68C60, theta= 261, max bias=  17, baseline_comp=  0, stable_cnt=255, grace_period=511, time_alive=  0
L_PERCEP PC=0xAAAAB2F68B04, theta= 261, max bias=   1, baseline_comp=  0, stable_cnt=255, grace_period=511, time_alive=  0
G_PERCEP PC=0xAAAAB2F68B04, theta= 320, max bias=  18, baseline_comp=  0, stable_cnt=255, grace_period=511, time_alive=  0
G_PERCEP PC=0xAAAAB2F68D20, theta= 320, max bias=  20, baseline_comp=  0, stable_cnt=255, grace_period=511, time_alive=  0
L_PERCEP PC=0xAAAAB2F68C60, theta= 261, max bias=  10, baseline_comp=  0, stable_cnt=255, grace_period=511, time_alive=  0
G_PERCEP PC=0xAAAAB2F68C60, theta= 320, max bias=  16, baseline_comp=  0, stable_cnt=255, grace_period=511, time_alive=  0
L_PERCEP PC=0xAAAAB2F68C6C, theta= 261, max bias=  22, baseline_comp=  0, stable_cnt=255, grace_period=511, time_alive=  0
G_PERCEP PC=0xAAAAB2F68C6C, theta= 320, max bias=  11, baseline_comp=  0, stable_cnt=255, grace_period=511, time_alive=  0
L_PERCEP PC=0xAAAAB2F68C60, theta= 261, max bias=   3, baseline_comp=  0, stable_cnt=255, grace_period=511, time_alive=  0
G_PERCEP PC=0xAAAAB2F68C60, theta= 320, max bias=   9, baseline_comp=  0, stable_cnt=255, grace_period=511, time_alive=  0
G_PERCEP PC=0xAAAAB2F68D40, theta= 320, max bias=  24, baseline_comp=  0, stable_cnt=255, grace_period=511, time_alive=  0
L_PERCEP PC=0xAAAAB2F68D20, theta= 253, max bias=  54, baseline_comp=  0, stable_cnt=255, grace_period=511, time_alive=  0
L_PERCEP PC=0xAAAAB2F68C60, theta= 261, max bias=   5, baseline_comp=  0, stable_cnt=255, grace_period=511, time_alive=  0
G_PERCEP PC=0xAAAAB2F68C60, theta= 320, max bias=  18, baseline_comp=  0, stable_cnt=255, grace_period=511, time_alive=  0
L_PERCEP PC=0xAAAAB2F68B04, theta= 261, max bias=   5, baseline_comp=  0, stable_cnt=255, grace_period=511, time_alive=  0
G_PERCEP PC=0xAAAAB2F68B04, theta= 320, max bias=  12, baseline_comp=  0, stable_cnt=255, grace_period=511, time_alive=  0
L_PERCEP PC=0xAAAAB2F68CE0, theta= 261, max bias=  13, baseline_comp=  0, stable_cnt=255, grace_period=511, time_alive=  0
L_PERCEP PC=0xAAAAB2F68C60, theta= 261, max bias=   4, baseline_comp=  0, stable_cnt=255, grace_period=511, time_alive=  0
G_PERCEP PC=0xAAAAB2F68C60, theta= 328, max bias=   9, baseline_comp=  0, stable_cnt=255, grace_period=511, time_alive=  0
L_PERCEP PC=0xAAAAB2F68C60, theta= 261, max bias=   5, baseline_comp=  0, stable_cnt=255, grace_period=511, time_alive=  0
G_PERCEP PC=0xAAAAB2F68C60, theta= 320, max bias=  13, baseline_comp=  0, stable_cnt=255, grace_period=511, time_alive=  0
G_PERCEP PC=0xAAAAB2F68D08, theta= 320, max bias=  22, baseline_comp=  0, stable_cnt=255, grace_period=511, time_alive=  0
G_PERCEP PC=0xAAAAB2F68CD0, theta= 320, max bias=  11, baseline_comp=  0, stable_cnt=255, grace_period=511, time_alive=  0
L_PERCEP PC=0xAAAAB2F68C60, theta= 261, max bias=  29, baseline_comp=  0, stable_cnt=255, grace_period=511, time_alive=  0
G_PERCEP PC=0xAAAAB2F68C60, theta= 320, max bias=  15, baseline_comp=  0, stable_cnt=255, grace_period=511, time_alive=  0
G_PERCEP PC=0xAAAAB2F68C6C, theta= 312, max bias=  10, baseline_comp=  0, stable_cnt=255, grace_period=511, time_alive=  0
L_PERCEP PC=0xAAAAB2F68C6C, theta= 261, max bias=  14, baseline_comp=  0, stable_cnt=255, grace_period=511, time_alive=  0
L_PERCEP PC=0xAAAAB2F68C60, theta= 261, max bias=  17, baseline_comp=  0, stable_cnt=255, grace_period=511, time_alive=  0
G_PERCEP PC=0xAAAAB2F68C60, theta= 328, max bias=  12, baseline_comp=  0, stable_cnt=255, grace_period=511, time_alive=  0
L_PERCEP PC=0xAAAAB2F68C4C, theta= 261, max bias=   0, baseline_comp=  0, stable_cnt=255, grace_period=511, time_alive=  0
G_PERCEP PC=0xAAAAB2F68C4C, theta= 320, max bias=  19, baseline_comp=  0, stable_cnt=255, grace_period=511, time_alive=  0
L_PERCEP PC=0xAAAAB2F68C60, theta= 261, max bias=  12, baseline_comp=  0, stable_cnt=255, grace_period=511, time_alive=  0
G_PERCEP PC=0xAAAAB2F68C60, theta= 320, max bias=  78, baseline_comp=  0, stable_cnt=255, grace_period=511, time_alive=  0
L_PERCEP PC=0xAAAAB2F68CF8, theta= 261, max bias=  10, baseline_comp=  0, stable_cnt=255, grace_period=511, time_alive=  0
L_PERCEP PC=0xAAAAB2F68B04, theta= 261, max bias=   1, baseline_comp=  0, stable_cnt=255, grace_period=511, time_alive=  0
G_PERCEP PC=0xAAAAB2F68B04, theta= 320, max bias=  12, baseline_comp=  0, stable_cnt=255, grace_period=511, time_alive=  0
L_PERCEP PC=0xAAAAB2F68C60, theta= 261, max bias=   9, baseline_comp=  0, stable_cnt=255, grace_period=511, time_alive=  0
G_PERCEP PC=0xAAAAB2F68C60, theta= 328, max bias=   7, baseline_comp=  0, stable_cnt=255, grace_period=511, time_alive=  0
L_PERCEP PC=0xAAAAB2F68C60, theta= 261, max bias=  11, baseline_comp=  0, stable_cnt=255, grace_period=511, time_alive=  0
G_PERCEP PC=0xAAAAB2F68C60, theta= 320, max bias=  10, baseline_comp=  0, stable_cnt=255, grace_period=511, time_alive=  0
L_PERCEP PC=0xAAAAB2F68C60, theta= 261, max bias=  25, baseline_comp=  0, stable_cnt=255, grace_period=511, time_alive=  0
G_PERCEP PC=0xAAAAB2F68C60, theta= 328, max bias=   5, baseline_comp=  0, stable_cnt=255, grace_period=511, time_alive=  0
G_PERCEP PC=0xAAAAB2F68CF8, theta= 320, max bias=  19, baseline_comp=  0, stable_cnt=255, grace_period=511, time_alive=  0
L_PERCEP PC=0xAAAAB2F68C60, theta= 261, max bias=  13, baseline_comp=  0, stable_cnt=255, grace_period=511, time_alive=  0
G_PERCEP PC=0xAAAAB2F68C60, theta= 320, max bias=  21, baseline_comp=  0, stable_cnt=255, grace_period=511, time_alive=  0
L_PERCEP PC=0xAAAAB2F68D40, theta= 261, max bias=   3, baseline_comp=  0, stable_cnt=255, grace_period=511, time_alive=  0
G_PERCEP PC=0xAAAAB2F68D40, theta= 320, max bias=  17, baseline_comp=  0, stable_cnt=255, grace_period=511, time_alive=  0
G_PERCEP PC=0xAAAAB2F68C6C, theta= 320, max bias=  13, baseline_comp=  0, stable_cnt=255, grace_period=511, time_alive=  0
L_PERCEP PC=0xAAAAB2F68C6C, theta= 261, max bias=  14, baseline_comp=  0, stable_cnt=255, grace_period=511, time_alive=  0
L_PERCEP PC=0xAAAAB2F68B04, theta= 261, max bias=   2, baseline_comp=  0, stable_cnt=255, grace_period=511, time_alive=  0
G_PERCEP PC=0xAAAAB2F68B04, theta= 320, max bias=  14, baseline_comp=  0, stable_cnt=255, grace_period=511, time_alive=  0
L_PERCEP PC=0xAAAAB2F68C60, theta= 261, max bias=  27, baseline_comp=  0, stable_cnt=255, grace_period=511, time_alive=  0
G_PERCEP PC=0xAAAAB2F68C60, theta= 320, max bias=  13, baseline_comp=  0, stable_cnt=255, grace_period=511, time_alive=  0
25000000 instrs 
30000000 instrs 
L_PERCEP PC=0xAAAAAD30BE1C, theta= 261, max bias=  32, baseline_comp=  0, stable_cnt=255, grace_period=511, time_alive=  0
G_PERCEP PC=0xAAAAAD30BE1C, theta= 304, max bias=  16, baseline_comp=  0, stable_cnt=255, grace_period=511, time_alive=  0
35000000 instrs 
G_PERCEP PC=0xAAAAB29C7D84, theta= 296, max bias=  28, baseline_comp=  0, stable_cnt=255, grace_period=511, time_alive=  0
G_PERCEP PC=0xAAAAAD3779A0, theta= 312, max bias=  19, baseline_comp=  0, stable_cnt=255, grace_period=511, time_alive=  0
L_PERCEP PC=0xAAAAB21E8C4C, theta= 261, max bias=   5, baseline_comp=  0, stable_cnt=255, grace_period=511, time_alive=  0
G_PERCEP PC=0xAAAAB21E8C4C, theta= 320, max bias=   4, baseline_comp=  0, stable_cnt=255, grace_period=511, time_alive=  0
40000000 instrs 
L_PERCEP PC=0xAAAAAD308F68, theta= 261, max bias=   6, baseline_comp=  0, stable_cnt=255, grace_period=511, time_alive=  0
G_PERCEP PC=0xAAAAAD308F68, theta= 320, max bias=  16, baseline_comp=  0, stable_cnt=255, grace_period=511, time_alive=  0
G_PERCEP PC=0xAAAAB29C8194, theta= 304, max bias=  13, baseline_comp=  0, stable_cnt=255, grace_period=511, time_alive=  0
L_PERCEP PC=0xAAAAB2F68C60, theta= 261, max bias=   9, baseline_comp=  0, stable_cnt=255, grace_period=511, time_alive=  0
G_PERCEP PC=0xAAAAB2F68C60, theta= 320, max bias=   8, baseline_comp=  0, stable_cnt=255, grace_period=511, time_alive=  0
L_PERCEP PC=0xAAAAB2F68C60, theta= 261, max bias=   9, baseline_comp=  0, stable_cnt=255, grace_period=511, time_alive=  0
G_PERCEP PC=0xAAAAB2F68C60, theta= 336, max bias=  20, baseline_comp=  0, stable_cnt=255, grace_period=511, time_alive=  0
L_PERCEP PC=0xAAAAB2F68CA8, theta= 261, max bias=   3, baseline_comp=  0, stable_cnt=255, grace_period=511, time_alive=  0
G_PERCEP PC=0xAAAAB2F68CA8, theta= 320, max bias=  17, baseline_comp=  0, stable_cnt=255, grace_period=511, time_alive=  0
G_PERCEP PC=0xAAAAB2F68C60, theta= 320, max bias=   7, baseline_comp=  0, stable_cnt=255, grace_period=511, time_alive=  0
L_PERCEP PC=0xAAAAB2F68C60, theta= 261, max bias=  16, baseline_comp=  0, stable_cnt=255, grace_period=511, time_alive=  0
L_PERCEP PC=0xAAAAB2F68B04, theta= 261, max bias=   1, baseline_comp=  0, stable_cnt=255, grace_period=511, time_alive=  0
G_PERCEP PC=0xAAAAB2F68B04, theta= 320, max bias=  24, baseline_comp=  0, stable_cnt=255, grace_period=511, time_alive=  0
L_PERCEP PC=0xAAAAB2F68D08, theta= 261, max bias=  11, baseline_comp=  0, stable_cnt=255, grace_period=511, time_alive=  0
L_PERCEP PC=0xAAAAB2F68C6C, theta= 261, max bias=  15, baseline_comp=  0, stable_cnt=255, grace_period=511, time_alive=  0
G_PERCEP PC=0xAAAAB2F68C6C, theta= 320, max bias=   9, baseline_comp=  0, stable_cnt=255, grace_period=511, time_alive=  0
G_PERCEP PC=0xAAAAB2F68C14, theta= 232, max bias=  85, baseline_comp=  0, stable_cnt=255, grace_period=511, time_alive=  0
L_PERCEP PC=0xAAAAB2F68C60, theta= 261, max bias=   4, baseline_comp=  0, stable_cnt=255, grace_period=511, time_alive=  0
G_PERCEP PC=0xAAAAB2F68C60, theta= 320, max bias=   7, baseline_comp=  0, stable_cnt=255, grace_period=511, time_alive=  0
L_PERCEP PC=0xAAAAB2F68C60, theta= 261, max bias=   5, baseline_comp=  0, stable_cnt=255, grace_period=511, time_alive=  0
G_PERCEP PC=0xAAAAB2F68C60, theta= 328, max bias=  12, baseline_comp=  0, stable_cnt=255, grace_period=511, time_alive=  0
L_PERCEP PC=0xAAAAB2F68C60, theta= 261, max bias=   4, baseline_comp=  0, stable_cnt=255, grace_period=511, time_alive=  0
G_PERCEP PC=0xAAAAB2F68C60, theta= 320, max bias=  12, baseline_comp=  0, stable_cnt=255, grace_period=511, time_alive=  0
L_PERCEP PC=0xAAAAB2F68C60, theta= 261, max bias=  12, baseline_comp=  0, stable_cnt=255, grace_period=511, time_alive=  0
G_PERCEP PC=0xAAAAB2F68C60, theta= 320, max bias=  10, baseline_comp=  0, stable_cnt=255, grace_period=511, time_alive=  0
L_PERCEP PC=0xAAAAB2F68C4C, theta= 261, max bias=   1, baseline_comp=  0, stable_cnt=255, grace_period=511, time_alive=  0
G_PERCEP PC=0xAAAAB2F68C4C, theta= 320, max bias=  17, baseline_comp=  0, stable_cnt=255, grace_period=511, time_alive=  0
L_PERCEP PC=0xAAAAB2F68C6C, theta= 261, max bias=   8, baseline_comp=  0, stable_cnt=255, grace_period=511, time_alive=  0
G_PERCEP PC=0xAAAAB2F68C6C, theta= 312, max bias=  20, baseline_comp=  0, stable_cnt=255, grace_period=511, time_alive=  0
L_PERCEP PC=0xAAAAB2F68C60, theta= 261, max bias=   0, baseline_comp=  0, stable_cnt=255, grace_period=511, time_alive=  0
G_PERCEP PC=0xAAAAB2F68C60, theta= 320, max bias=   8, baseline_comp=  0, stable_cnt=255, grace_period=511, time_alive=  0
L_PERCEP PC=0xAAAAB2F68B04, theta= 261, max bias=   5, baseline_comp=  0, stable_cnt=255, grace_period=511, time_alive=  0
G_PERCEP PC=0xAAAAB2F68B04, theta= 320, max bias=  22, baseline_comp=  0, stable_cnt=255, grace_period=511, time_alive=  0
L_PERCEP PC=0xAAAAB2F68C60, theta= 261, max bias=   3, baseline_comp=  0, stable_cnt=255, grace_period=511, time_alive=  0
G_PERCEP PC=0xAAAAB2F68C60, theta= 336, max bias=  12, baseline_comp=  0, stable_cnt=255, grace_period=511, time_alive=  0
L_PERCEP PC=0xAAAAB2F68C60, theta= 261, max bias=  12, baseline_comp=  0, stable_cnt=255, grace_period=511, time_alive=  0
G_PERCEP PC=0xAAAAB2F68C60, theta= 320, max bias=  42, baseline_comp=  0, stable_cnt=255, grace_period=511, time_alive=  0
L_PERCEP PC=0xAAAAB2F68C60, theta= 261, max bias=  27, baseline_comp=  0, stable_cnt=255, grace_period=511, time_alive=  0
G_PERCEP PC=0xAAAAB2F68C60, theta= 320, max bias=   9, baseline_comp=  0, stable_cnt=255, grace_period=511, time_alive=  0
G_PERCEP PC=0xAAAAB2F68C6C, theta= 320, max bias=   5, baseline_comp=  0, stable_cnt=255, grace_period=511, time_alive=  0
L_PERCEP PC=0xAAAAB2F68C6C, theta= 261, max bias=   4, baseline_comp=  0, stable_cnt=255, grace_period=511, time_alive=  0
G_PERCEP PC=0xAAAAB2F68D40, theta= 320, max bias=  19, baseline_comp=  0, stable_cnt=255, grace_period=511, time_alive=  0
L_PERCEP PC=0xAAAAB2F68C60, theta= 261, max bias=   8, baseline_comp=  0, stable_cnt=255, grace_period=511, time_alive=  0
G_PERCEP PC=0xAAAAB2F68C60, theta= 336, max bias=   3, baseline_comp=  0, stable_cnt=255, grace_period=511, time_alive=  0
45000000 instrs 
G_PERCEP PC=0xAAAAB2F68C60, theta= 320, max bias=  12, baseline_comp=  0, stable_cnt=255, grace_period=511, time_alive=  0
L_PERCEP PC=0xAAAAB2F68C60, theta= 261, max bias=  14, baseline_comp=  0, stable_cnt=255, grace_period=511, time_alive=  0
G_PERCEP PC=0xAAAAB2F68C60, theta= 328, max bias=   8, baseline_comp=  0, stable_cnt=255, grace_period=511, time_alive=  0
L_PERCEP PC=0xAAAAB2F68C60, theta= 261, max bias=  32, baseline_comp=  0, stable_cnt=255, grace_period=511, time_alive=  0
L_PERCEP PC=0xAAAAB2F68C4C, theta= 261, max bias=   4, baseline_comp=  0, stable_cnt=255, grace_period=511, time_alive=  0
G_PERCEP PC=0xAAAAB2F68C4C, theta= 320, max bias=  16, baseline_comp=  0, stable_cnt=255, grace_period=511, time_alive=  0
G_PERCEP PC=0xAAAAB2F68C6C, theta= 320, max bias=   9, baseline_comp=  0, stable_cnt=255, grace_period=511, time_alive=  0
G_PERCEP PC=0xAAAAB2F68C60, theta= 320, max bias=  11, baseline_comp=  0, stable_cnt=255, grace_period=511, time_alive=  0
L_PERCEP PC=0xAAAAB2F68C60, theta= 261, max bias=  15, baseline_comp=  0, stable_cnt=255, grace_period=511, time_alive=  0
L_PERCEP PC=0xAAAAB2F68C6C, theta= 261, max bias=   3, baseline_comp=  0, stable_cnt=255, grace_period=511, time_alive=  0
L_PERCEP PC=0xAAAAB2F68B04, theta= 261, max bias=   6, baseline_comp=  0, stable_cnt=255, grace_period=511, time_alive=  0
G_PERCEP PC=0xAAAAB2F68B04, theta= 320, max bias=  22, baseline_comp=  0, stable_cnt=255, grace_period=511, time_alive=  0
G_PERCEP PC=0xAAAAB2F68C60, theta= 320, max bias=   9, baseline_comp=  0, stable_cnt=255, grace_period=511, time_alive=  0
L_PERCEP PC=0xAAAAB2F68C60, theta= 261, max bias=  12, baseline_comp=  0, stable_cnt=255, grace_period=511, time_alive=  0
G_PERCEP PC=0xAAAAB2F68BB4, theta= 320, max bias=  13, baseline_comp=  0, stable_cnt=255, grace_period=511, time_alive=  0
L_PERCEP PC=0xAAAAB2F68C60, theta= 261, max bias=  10, baseline_comp=  0, stable_cnt=255, grace_period=511, time_alive=  0
G_PERCEP PC=0xAAAAB2F68C60, theta= 320, max bias=  15, baseline_comp=  0, stable_cnt=255, grace_period=511, time_alive=  0
G_PERCEP PC=0xAAAAB2F68C60, theta= 328, max bias=  12, baseline_comp=  0, stable_cnt=255, grace_period=511, time_alive=  0
L_PERCEP PC=0xAAAAB2F68C60, theta= 261, max bias=  39, baseline_comp=  0, stable_cnt=255, grace_period=511, time_alive=  0
L_PERCEP PC=0xAAAAB2F68C60, theta= 261, max bias=  12, baseline_comp=  0, stable_cnt=255, grace_period=511, time_alive=  0
G_PERCEP PC=0xAAAAB2F68C60, theta= 328, max bias=  13, baseline_comp=  0, stable_cnt=255, grace_period=511, time_alive=  0
L_PERCEP PC=0xAAAAB2F68C6C, theta= 261, max bias=  10, baseline_comp=  0, stable_cnt=255, grace_period=511, time_alive=  0
G_PERCEP PC=0xAAAAB2F68C6C, theta= 320, max bias=  20, baseline_comp=  0, stable_cnt=255, grace_period=511, time_alive=  0
G_PERCEP PC=0xAAAAB2F689F4, theta= 320, max bias=  16, baseline_comp=  0, stable_cnt=255, grace_period=511, time_alive=  0
L_PERCEP PC=0xAAAAB29C7D84, theta= 245, max bias=  15, baseline_comp=  0, stable_cnt= 13, grace_period=511, time_alive=65535
L_PERCEP PC=0xAAAAB29C8194, theta= 253, max bias=   7, baseline_comp=  0, stable_cnt= 34, grace_period=511, time_alive=65535
L_PERCEP PC=0xAAAAB29C5FA0, theta= 261, max bias=  18, baseline_comp=  0, stable_cnt=  0, grace_period=128, time_alive=65535
L_PERCEP PC=0xAAAAB29C6B2C, theta= 253, max bias=  23, baseline_comp=  7, stable_cnt=  0, grace_period=511, time_alive=65535
L_PERCEP PC=0xAAAAAD3779A0, theta= 213, max bias=  24, baseline_comp=  1, stable_cnt=  0, grace_period=511, time_alive=65535
L_PERCEP PC=0xAAAAAD37B36C, theta= 261, max bias=  13, baseline_comp=  0, stable_cnt= 26, grace_period=511, time_alive=65535
G_PERCEP PC=0xAAAAB2F68C60, theta= 320, max bias=   4, baseline_comp=  0, stable_cnt=255, grace_period=511, time_alive=  0
L_PERCEP PC=0xAAAAB2F68C60, theta= 261, max bias=  14, baseline_comp=  0, stable_cnt=255, grace_period=511, time_alive=  0
L_PERCEP PC=0xAAAAB2F689F4, theta= 261, max bias=  14, baseline_comp=  0, stable_cnt=255, grace_period=511, time_alive=  0
L_PERCEP PC=0xAAAAB2F68B04, theta= 261, max bias=   1, baseline_comp=  0, stable_cnt=255, grace_period=511, time_alive=  0
G_PERCEP PC=0xAAAAB2F68B04, theta= 320, max bias=  11, baseline_comp=  0, stable_cnt=255, grace_period=511, time_alive=  0
L_PERCEP PC=0xAAAAB2F68C60, theta= 261, max bias=   7, baseline_comp=  0, stable_cnt=255, grace_period=511, time_alive=  0
G_PERCEP PC=0xAAAAB2F68C60, theta= 320, max bias=  13, baseline_comp=  0, stable_cnt=255, grace_period=511, time_alive=  0
G_PERCEP PC=0xAAAAB29C5FA0, theta= 320, max bias=   9, baseline_comp=  0, stable_cnt=  0, grace_period=128, time_alive=65535
G_PERCEP PC=0xAAAAB29C6B2C, theta= 320, max bias=  13, baseline_comp=  1, stable_cnt=  0, grace_period=511, time_alive=65535
G_PERCEP PC=0xAAAAAD37B36C, theta= 320, max bias=  18, baseline_comp=  0, stable_cnt= 28, grace_period=511, time_alive=65535
L_PERCEP PC=0xAAAAB2F68C4C, theta= 261, max bias=   2, baseline_comp=  0, stable_cnt=255, grace_period=511, time_alive=  0
G_PERCEP PC=0xAAAAB2F68C4C, theta= 320, max bias=  12, baseline_comp=  0, stable_cnt=255, grace_period=511, time_alive=  0
L_PERCEP PC=0xAAAAB2F68C60, theta= 261, max bias=   9, baseline_comp=  0, stable_cnt=255, grace_period=511, time_alive=  0
G_PERCEP PC=0xAAAAB2F68C60, theta= 336, max bias=  42, baseline_comp=  0, stable_cnt=255, grace_period=511, time_alive=  0
L_PERCEP PC=0xAAAAB2F68BB4, theta= 261, max bias=  12, baseline_comp=  0, stable_cnt=255, grace_period=511, time_alive=  0
L_PERCEP PC=0xAAAAB2F68C60, theta= 261, max bias=   8, baseline_comp=  0, stable_cnt=255, grace_period=511, time_alive=  0
G_PERCEP PC=0xAAAAB2F68C60, theta= 320, max bias=  14, baseline_comp=  0, stable_cnt=255, grace_period=511, time_alive=  0
L_PERCEP PC=0xAAAAB2F68C60, theta= 261, max bias=   7, baseline_comp=  0, stable_cnt=255, grace_period=511, time_alive=  0
G_PERCEP PC=0xAAAAB2F68C60, theta= 320, max bias=  10, baseline_comp=  0, stable_cnt=255, grace_period=511, time_alive=  0
L_PERCEP PC=0xAAAAB2F68C14, theta= 269, max bias=  13, baseline_comp=  0, stable_cnt=255, grace_period=511, time_alive=  0
L_PERCEP PC=0xAAAAB2F68C60, theta= 261, max bias=   4, baseline_comp=  0, stable_cnt=255, grace_period=511, time_alive=  0
G_PERCEP PC=0xAAAAB2F68C60, theta= 312, max bias=  15, baseline_comp=  0, stable_cnt=255, grace_period=511, time_alive=  0
G_PERCEP PC=0xAAAAB2F68C6C, theta= 320, max bias=   9, baseline_comp=  0, stable_cnt=255, grace_period=511, time_alive=  0
L_PERCEP PC=0xAAAAB2F68C6C, theta= 261, max bias=   3, baseline_comp=  0, stable_cnt=255, grace_period=511, time_alive=  0
L_PERCEP PC=0xAAAAB2F68B04, theta= 261, max bias=   3, baseline_comp=  0, stable_cnt=255, grace_period=511, time_alive=  0
G_PERCEP PC=0xAAAAB2F68B04, theta= 320, max bias=  17, baseline_comp=  0, stable_cnt=255, grace_period=511, time_alive=  0
L_PERCEP PC=0xAAAAB2F68C60, theta= 269, max bias=  47, baseline_comp=  0, stable_cnt=255, grace_period=511, time_alive=  0
G_PERCEP PC=0xAAAAB2F68C60, theta= 320, max bias=   7, baseline_comp=  0, stable_cnt=255, grace_period=511, time_alive=  0
L_PERCEP PC=0xAAAAB2F68C60, theta= 269, max bias=  15, baseline_comp=  0, stable_cnt=255, grace_period=511, time_alive=  0
G_PERCEP PC=0xAAAAB2F68C60, theta= 320, max bias=  13, baseline_comp=  0, stable_cnt=255, grace_period=511, time_alive=  0
L_PERCEP PC=0xAAAAB2F68C4C, theta= 261, max bias=   2, baseline_comp=  0, stable_cnt=255, grace_period=511, time_alive=  0
G_PERCEP PC=0xAAAAB2F68C4C, theta= 320, max bias=  22, baseline_comp=  0, stable_cnt=255, grace_period=511, time_alive=  0
G_PERCEP PC=0xAAAAB2F68C14, theta= 280, max bias=  39, baseline_comp=  0, stable_cnt=255, grace_period=511, time_alive=  0
L_PERCEP PC=0xAAAAB2F68C60, theta= 261, max bias=  11, baseline_comp=  0, stable_cnt=255, grace_period=511, time_alive=  0
G_PERCEP PC=0xAAAAB2F68C60, theta= 320, max bias=  20, baseline_comp=  0, stable_cnt=255, grace_period=511, time_alive=  0
G_PERCEP PC=0xAAAAB2F68D20, theta= 320, max bias=  18, baseline_comp=  0, stable_cnt=255, grace_period=511, time_alive=  0
L_PERCEP PC=0xAAAAB2F68D20, theta= 261, max bias=   6, baseline_comp=  0, stable_cnt=255, grace_period=511, time_alive=  0
G_PERCEP PC=0xAAAAB2F68CF8, theta= 320, max bias=  15, baseline_comp=  0, stable_cnt=255, grace_period=511, time_alive=  0
L_PERCEP PC=0xAAAAB2F68C60, theta= 261, max bias=   8, baseline_comp=  0, stable_cnt=255, grace_period=511, time_alive=  0
G_PERCEP PC=0xAAAAB2F68C60, theta= 336, max bias=  19, baseline_comp=  0, stable_cnt=255, grace_period=511, time_alive=  0
L_PERCEP PC=0xAAAAB2F68C6C, theta= 261, max bias=   4, baseline_comp=  0, stable_cnt=255, grace_period=511, time_alive=  0
G_PERCEP PC=0xAAAAB2F68C6C, theta= 320, max bias=  10, baseline_comp=  0, stable_cnt=255, grace_period=511, time_alive=  0
L_PERCEP PC=0xAAAAB2F68B04, theta= 261, max bias=   1, baseline_comp=  0, stable_cnt=255, grace_period=511, time_alive=  0
G_PERCEP PC=0xAAAAB2F68B04, theta= 320, max bias=  15, baseline_comp=  0, stable_cnt=255, grace_period=511, time_alive=  0
G_PERCEP PC=0xAAAAB2F68D08, theta= 320, max bias=  20, baseline_comp=  0, stable_cnt=255, grace_period=511, time_alive=  0
L_PERCEP PC=0xAAAAB2F68D40, theta= 261, max bias=  21, baseline_comp=  0, stable_cnt=255, grace_period=511, time_alive=  0
L_PERCEP PC=0xAAAAB2F68C60, theta= 261, max bias=  16, baseline_comp=  0, stable_cnt=255, grace_period=511, time_alive=  0
G_PERCEP PC=0xAAAAB2F68C60, theta= 336, max bias=  15, baseline_comp=  0, stable_cnt=255, grace_period=511, time_alive=  0
L_PERCEP PC=0xAAAAB2F68C60, theta= 261, max bias=   7, baseline_comp=  0, stable_cnt=255, grace_period=511, time_alive=  0
G_PERCEP PC=0xAAAAB2F68C60, theta= 320, max bias=  22, baseline_comp=  0, stable_cnt=255, grace_period=511, time_alive=  0
L_PERCEP PC=0xAAAAB2F68C60, theta= 261, max bias=  10, baseline_comp=  0, stable_cnt=255, grace_period=511, time_alive=  0
G_PERCEP PC=0xAAAAB2F68C60, theta= 328, max bias=   8, baseline_comp=  0, stable_cnt=255, grace_period=511, time_alive=  0
L_PERCEP PC=0xAAAAB2F68C4C, theta= 261, max bias=   2, baseline_comp=  0, stable_cnt=255, grace_period=511, time_alive=  0
G_PERCEP PC=0xAAAAB2F68C4C, theta= 320, max bias=  18, baseline_comp=  0, stable_cnt=255, grace_period=511, time_alive=  0
L_PERCEP PC=0xAAAAB2F68B04, theta= 261, max bias=   2, baseline_comp=  0, stable_cnt=255, grace_period=511, time_alive=  0
G_PERCEP PC=0xAAAAB2F68B04, theta= 320, max bias=  14, baseline_comp=  0, stable_cnt=255, grace_period=511, time_alive=  0
L_PERCEP PC=0xAAAAB2F68C6C, theta= 261, max bias=   2, baseline_comp=  0, stable_cnt=255, grace_period=511, time_alive=  0
G_PERCEP PC=0xAAAAB2F68C6C, theta= 320, max bias=  10, baseline_comp=  0, stable_cnt=255, grace_period=511, time_alive=  0
G_PERCEP PC=0xAAAAB2F68C60, theta= 320, max bias=  19, baseline_comp=  0, stable_cnt=255, grace_period=511, time_alive=  0
L_PERCEP PC=0xAAAAB2F68C60, theta= 261, max bias=  28, baseline_comp=  0, stable_cnt=255, grace_period=511, time_alive=  0
G_PERCEP PC=0xAAAAB2F68C60, theta= 320, max bias=   9, baseline_comp=  0, stable_cnt=255, grace_period=511, time_alive=  0
L_PERCEP PC=0xAAAAB2F68C60, theta= 261, max bias=  35, baseline_comp=  0, stable_cnt=255, grace_period=511, time_alive=  0
G_PERCEP PC=0xAAAAB2F68C60, theta= 320, max bias=   4, baseline_comp=  0, stable_cnt=255, grace_period=511, time_alive=  0
L_PERCEP PC=0xAAAAB2F68C60, theta= 261, max bias=   4, baseline_comp=  0, stable_cnt=255, grace_period=511, time_alive=  0
L_PERCEP PC=0xAAAAB2F68C6C, theta= 261, max bias=   5, baseline_comp=  0, stable_cnt=255, grace_period=511, time_alive=  0
G_PERCEP PC=0xAAAAB2F68C6C, theta= 320, max bias=   7, baseline_comp=  0, stable_cnt=255, grace_period=511, time_alive=  0
G_PERCEP PC=0xAAAAB2F68C60, theta= 320, max bias=  11, baseline_comp=  0, stable_cnt=255, grace_period=511, time_alive=  0
L_PERCEP PC=0xAAAAB2F68C60, theta= 261, max bias=  17, baseline_comp=  0, stable_cnt=255, grace_period=511, time_alive=  0
L_PERCEP PC=0xAAAAB2F68B04, theta= 261, max bias=   0, baseline_comp=  0, stable_cnt=255, grace_period=511, time_alive=  0
G_PERCEP PC=0xAAAAB2F68B04, theta= 320, max bias=  15, baseline_comp=  0, stable_cnt=255, grace_period=511, time_alive=  0
L_PERCEP PC=0xAAAAB2F68C60, theta= 261, max bias=  12, baseline_comp=  0, stable_cnt=255, grace_period=511, time_alive=  0
G_PERCEP PC=0xAAAAB2F68C60, theta= 320, max bias=   6, baseline_comp=  0, stable_cnt=255, grace_period=511, time_alive=  0
L_PERCEP PC=0xAAAAB2F68C60, theta= 261, max bias=   6, baseline_comp=  0, stable_cnt=255, grace_period=511, time_alive=  0
G_PERCEP PC=0xAAAAB2F68C60, theta= 344, max bias=  19, baseline_comp=  0, stable_cnt=255, grace_period=511, time_alive=  0
L_PERCEP PC=0xAAAAB2F68CD0, theta= 285, max bias=   9, baseline_comp=  0, stable_cnt=255, grace_period=511, time_alive=  0
L_PERCEP PC=0xAAAAB2F68C4C, theta= 261, max bias=   4, baseline_comp=  0, stable_cnt=255, grace_period=511, time_alive=  0
G_PERCEP PC=0xAAAAB2F68C4C, theta= 320, max bias=  19, baseline_comp=  0, stable_cnt=255, grace_period=511, time_alive=  0
L_PERCEP PC=0xAAAAB2F68C60, theta= 261, max bias=   3, baseline_comp=  0, stable_cnt=255, grace_period=511, time_alive=  0
G_PERCEP PC=0xAAAAB2F68C60, theta= 320, max bias=   7, baseline_comp=  0, stable_cnt=255, grace_period=511, time_alive=  0
L_PERCEP PC=0xAAAAB2F68C6C, theta= 261, max bias=   9, baseline_comp=  0, stable_cnt=255, grace_period=511, time_alive=  0
G_PERCEP PC=0xAAAAB2F68C6C, theta= 320, max bias=  22, baseline_comp=  0, stable_cnt=255, grace_period=511, time_alive=  0
G_PERCEP PC=0xAAAAB2F68C60, theta= 328, max bias=  10, baseline_comp=  0, stable_cnt=255, grace_period=511, time_alive=  0
L_PERCEP PC=0xAAAAB2F68C60, theta= 261, max bias=  30, baseline_comp=  0, stable_cnt=255, grace_period=511, time_alive=  0
L_PERCEP PC=0xAAAAB2F68B04, theta= 261, max bias=   4, baseline_comp=  0, stable_cnt=255, grace_period=511, time_alive=  0
G_PERCEP PC=0xAAAAB2F68B04, theta= 320, max bias=  11, baseline_comp=  0, stable_cnt=255, grace_period=511, time_alive=  0
50000000 instrs 
L_PERCEP PC=0xAAAAB2F68C60, theta= 261, max bias=  22, baseline_comp=  0, stable_cnt=255, grace_period=511, time_alive=  0
G_PERCEP PC=0xAAAAB2F68C60, theta= 320, max bias=  13, baseline_comp=  0, stable_cnt=255, grace_period=511, time_alive=  0
L_PERCEP PC=0xAAAAB2F68C60, theta= 261, max bias=  34, baseline_comp=  0, stable_cnt=255, grace_period=511, time_alive=  0
G_PERCEP PC=0xAAAAB2F68C60, theta= 320, max bias=   6, baseline_comp=  0, stable_cnt=255, grace_period=511, time_alive=  0
L_PERCEP PC=0xAAAAB2F68C60, theta= 261, max bias=  23, baseline_comp=  0, stable_cnt=255, grace_period=511, time_alive=  0
G_PERCEP PC=0xAAAAB2F68C60, theta= 328, max bias=  11, baseline_comp=  0, stable_cnt=255, grace_period=511, time_alive=  0
L_PERCEP PC=0xAAAAB2F68CA8, theta= 261, max bias=   7, baseline_comp=  0, stable_cnt=255, grace_period=511, time_alive=  0
G_PERCEP PC=0xAAAAB2F68CA8, theta= 320, max bias=  15, baseline_comp=  0, stable_cnt=255, grace_period=511, time_alive=  0
G_PERCEP PC=0xAAAAB2F68D40, theta= 320, max bias=  15, baseline_comp=  0, stable_cnt=255, grace_period=511, time_alive=  0
L_PERCEP PC=0xAAAAB2F68C60, theta= 261, max bias=  11, baseline_comp=  0, stable_cnt=255, grace_period=511, time_alive=  0
G_PERCEP PC=0xAAAAB2F68C60, theta= 328, max bias=  15, baseline_comp=  0, stable_cnt=255, grace_period=511, time_alive=  0
L_PERCEP PC=0xAAAAB2F68B04, theta= 261, max bias=  10, baseline_comp=  0, stable_cnt=255, grace_period=511, time_alive=  0
G_PERCEP PC=0xAAAAB2F68B04, theta= 320, max bias=  17, baseline_comp=  0, stable_cnt=255, grace_period=511, time_alive=  0
L_PERCEP PC=0xAAAAB2F68D40, theta= 261, max bias=  17, baseline_comp=  0, stable_cnt=255, grace_period=511, time_alive=  0
L_PERCEP PC=0xAAAAB2F68CF8, theta= 261, max bias=  29, baseline_comp=  0, stable_cnt=255, grace_period=511, time_alive=  0
G_PERCEP PC=0xAAAAB2F68CE0, theta= 320, max bias=  20, baseline_comp=  0, stable_cnt=255, grace_period=511, time_alive=  0
L_PERCEP PC=0xAAAAB2F68C60, theta= 261, max bias=   6, baseline_comp=  0, stable_cnt=255, grace_period=511, time_alive=  0
G_PERCEP PC=0xAAAAB2F68C60, theta= 328, max bias=  62, baseline_comp=  0, stable_cnt=255, grace_period=511, time_alive=  0
L_PERCEP PC=0xAAAAB2F68D08, theta= 261, max bias=  14, baseline_comp=  0, stable_cnt=255, grace_period=511, time_alive=  0
L_PERCEP PC=0xAAAAB2F68C6C, theta= 261, max bias=  14, baseline_comp=  0, stable_cnt=255, grace_period=511, time_alive=  0
G_PERCEP PC=0xAAAAB2F68C6C, theta= 320, max bias=   9, baseline_comp=  0, stable_cnt=255, grace_period=511, time_alive=  0
L_PERCEP PC=0xAAAAB2F68C60, theta= 261, max bias=   2, baseline_comp=  0, stable_cnt=255, grace_period=511, time_alive=  0
G_PERCEP PC=0xAAAAB2F68C60, theta= 320, max bias=  12, baseline_comp=  0, stable_cnt=255, grace_period=511, time_alive=  0
L_PERCEP PC=0xAAAAB2F68C4C, theta= 261, max bias=   4, baseline_comp=  0, stable_cnt=255, grace_period=511, time_alive=  0
G_PERCEP PC=0xAAAAB2F68C4C, theta= 320, max bias=  15, baseline_comp=  0, stable_cnt=255, grace_period=511, time_alive=  0
L_PERCEP PC=0xAAAAB2F68C60, theta= 261, max bias=   7, baseline_comp=  0, stable_cnt=255, grace_period=511, time_alive=  0
G_PERCEP PC=0xAAAAB2F68C60, theta= 336, max bias=  11, baseline_comp=  0, stable_cnt=255, grace_period=511, time_alive=  0
L_PERCEP PC=0xAAAAB2F68C14, theta= 261, max bias=   4, baseline_comp=  0, stable_cnt=255, grace_period=511, time_alive=  0
L_PERCEP PC=0xAAAAB2F68C60, theta= 261, max bias=  34, baseline_comp=  0, stable_cnt=255, grace_period=511, time_alive=  0
G_PERCEP PC=0xAAAAB2F68C60, theta= 320, max bias=  12, baseline_comp=  0, stable_cnt=255, grace_period=511, time_alive=  0
L_PERCEP PC=0xAAAAB2F68B04, theta= 261, max bias=   0, baseline_comp=  0, stable_cnt=255, grace_period=511, time_alive=  0
G_PERCEP PC=0xAAAAB2F68B04, theta= 320, max bias=  14, baseline_comp=  0, stable_cnt=255, grace_period=511, time_alive=  0
L_PERCEP PC=0xAAAAB2F68CD0, theta= 261, max bias=   6, baseline_comp=  0, stable_cnt=255, grace_period=511, time_alive=  0
L_PERCEP PC=0xAAAAB2F68C60, theta= 269, max bias=  21, baseline_comp=  0, stable_cnt=255, grace_period=511, time_alive=  0
G_PERCEP PC=0xAAAAB2F68C60, theta= 320, max bias=  26, baseline_comp=  0, stable_cnt=255, grace_period=511, time_alive=  0
G_PERCEP PC=0xAAAAB2F68D08, theta= 320, max bias=  22, baseline_comp=  0, stable_cnt=255, grace_period=511, time_alive=  0
G_PERCEP PC=0xAAAAB2F68CD0, theta= 320, max bias=  13, baseline_comp=  0, stable_cnt=255, grace_period=511, time_alive=  0
L_PERCEP PC=0xAAAAB2F68C60, theta= 261, max bias=  13, baseline_comp=  0, stable_cnt=255, grace_period=511, time_alive=  0
G_PERCEP PC=0xAAAAB2F68C60, theta= 320, max bias=   8, baseline_comp=  0, stable_cnt=255, grace_period=511, time_alive=  0
G_PERCEP PC=0xAAAAB2F68C6C, theta= 320, max bias=   5, baseline_comp=  0, stable_cnt=255, grace_period=511, time_alive=  0
L_PERCEP PC=0xAAAAB2F68C6C, theta= 261, max bias=   9, baseline_comp=  0, stable_cnt=255, grace_period=511, time_alive=  0
L_PERCEP PC=0xAAAAB2F68C60, theta= 261, max bias=  18, baseline_comp=  0, stable_cnt=255, grace_period=511, time_alive=  0
G_PERCEP PC=0xAAAAB2F68C60, theta= 320, max bias=  13, baseline_comp=  0, stable_cnt=255, grace_period=511, time_alive=  0
G_PERCEP PC=0xAAAAB2F68D40, theta= 320, max bias=  17, baseline_comp=  0, stable_cnt=255, grace_period=511, time_alive=  0
L_PERCEP PC=0xAAAAB2F68B04, theta= 261, max bias=   3, baseline_comp=  0, stable_cnt=255, grace_period=511, time_alive=  0
G_PERCEP PC=0xAAAAB2F68B04, theta= 320, max bias=  10, baseline_comp=  0, stable_cnt=255, grace_period=511, time_alive=  0
L_PERCEP PC=0xAAAAB2F68CB8, theta= 333, max bias=  35, baseline_comp=  0, stable_cnt=255, grace_period=511, time_alive=  0
L_PERCEP PC=0xAAAAB2F68C60, theta= 261, max bias=  13, baseline_comp=  0, stable_cnt=255, grace_period=511, time_alive=  0
G_PERCEP PC=0xAAAAB2F68C60, theta= 336, max bias=  16, baseline_comp=  0, stable_cnt=255, grace_period=511, time_alive=  0
L_PERCEP PC=0xAAAAB2F68C60, theta= 261, max bias=   3, baseline_comp=  0, stable_cnt=255, grace_period=511, time_alive=  0
L_PERCEP PC=0xAAAAB2F68C4C, theta= 261, max bias=   1, baseline_comp=  0, stable_cnt=255, grace_period=511, time_alive=  0
G_PERCEP PC=0xAAAAB2F68C4C, theta= 320, max bias=  22, baseline_comp=  0, stable_cnt=255, grace_period=511, time_alive=  0
G_PERCEP PC=0xAAAAB2F68C60, theta= 336, max bias=  12, baseline_comp=  0, stable_cnt=255, grace_period=511, time_alive=  0
L_PERCEP PC=0xAAAAB2F68B04, theta= 261, max bias=   2, baseline_comp=  0, stable_cnt=255, grace_period=511, time_alive=  0
G_PERCEP PC=0xAAAAB2F68B04, theta= 320, max bias=  14, baseline_comp=  0, stable_cnt=255, grace_period=511, time_alive=  0
L_PERCEP PC=0xAAAAB2F68D40, theta= 261, max bias=   5, baseline_comp=  0, stable_cnt=255, grace_period=511, time_alive=  0
L_PERCEP PC=0xAAAAB2F68D20, theta= 261, max bias=   2, baseline_comp=  0, stable_cnt=255, grace_period=511, time_alive=  0
L_PERCEP PC=0xAAAAB2F68C60, theta= 261, max bias=   9, baseline_comp=  0, stable_cnt=255, grace_period=511, time_alive=  0
G_PERCEP PC=0xAAAAB2F68C60, theta= 312, max bias=  10, baseline_comp=  0, stable_cnt=255, grace_period=511, time_alive=  0
L_PERCEP PC=0xAAAAB2F68CE0, theta= 261, max bias=  10, baseline_comp=  0, stable_cnt=255, grace_period=511, time_alive=  0
G_PERCEP PC=0xAAAAB2F68D20, theta= 320, max bias=  21, baseline_comp=  0, stable_cnt=255, grace_period=511, time_alive=  0
L_PERCEP PC=0xAAAAB2F68C60, theta= 261, max bias=  17, baseline_comp=  0, stable_cnt=255, grace_period=511, time_alive=  0
G_PERCEP PC=0xAAAAB2F68C60, theta= 328, max bias=  22, baseline_comp=  0, stable_cnt=255, grace_period=511, time_alive=  0
L_PERCEP PC=0xAAAAB2F68B04, theta= 261, max bias=   4, baseline_comp=  0, stable_cnt=255, grace_period=511, time_alive=  0
G_PERCEP PC=0xAAAAB2F68B04, theta= 320, max bias=  12, baseline_comp=  0, stable_cnt=255, grace_period=511, time_alive=  0
G_PERCEP PC=0xAAAAB2F689FC, theta= 312, max bias=  25, baseline_comp=  0, stable_cnt=255, grace_period=511, time_alive=  0
L_PERCEP PC=0xAAAAB2F689FC, theta= 261, max bias=  22, baseline_comp=  0, stable_cnt=255, grace_period=511, time_alive=  0
L_PERCEP PC=0xAAAAB2F68C60, theta= 261, max bias=   4, baseline_comp=  0, stable_cnt=255, grace_period=511, time_alive=  0
G_PERCEP PC=0xAAAAB2F68C60, theta= 320, max bias=   7, baseline_comp=  0, stable_cnt=255, grace_period=511, time_alive=  0
G_PERCEP PC=0xAAAAB2F68C6C, theta= 320, max bias=  13, baseline_comp=  0, stable_cnt=255, grace_period=511, time_alive=  0
L_PERCEP PC=0xAAAAB2F68C6C, theta= 261, max bias=  12, baseline_comp=  0, stable_cnt=255, grace_period=511, time_alive=  0
G_PERCEP PC=0xAAAAB2F68C14, theta= 272, max bias=  49, baseline_comp=  0, stable_cnt=255, grace_period=511, time_alive=  0
G_PERCEP PC=0xAAAAB2F68C60, theta= 336, max bias=  16, baseline_comp=  0, stable_cnt=255, grace_period=511, time_alive=  0
L_PERCEP PC=0xAAAAB2F68C60, theta= 261, max bias=  15, baseline_comp=  0, stable_cnt=255, grace_period=511, time_alive=  0
G_PERCEP PC=0xAAAAB2F68C60, theta= 328, max bias=  13, baseline_comp=  0, stable_cnt=255, grace_period=511, time_alive=  0
L_PERCEP PC=0xAAAAB2F68C60, theta= 261, max bias=  18, baseline_comp=  0, stable_cnt=255, grace_period=511, time_alive=  0
L_PERCEP PC=0xAAAAB2F68C60, theta= 261, max bias=  14, baseline_comp=  0, stable_cnt=255, grace_period=511, time_alive=  0
G_PERCEP PC=0xAAAAB2F68C60, theta= 320, max bias=  24, baseline_comp=  0, stable_cnt=255, grace_period=511, time_alive=  0
L_PERCEP PC=0xAAAAB2F68C4C, theta= 261, max bias=   3, baseline_comp=  0, stable_cnt=255, grace_period=511, time_alive=  0
G_PERCEP PC=0xAAAAB2F68C4C, theta= 320, max bias=  16, baseline_comp=  0, stable_cnt=255, grace_period=511, time_alive=  0
L_PERCEP PC=0xAAAAB2F68B44, theta= 261, max bias=   3, baseline_comp=  0, stable_cnt=255, grace_period=511, time_alive=  0
G_PERCEP PC=0xAAAAB2F68B44, theta= 320, max bias=  14, baseline_comp=  0, stable_cnt=255, grace_period=511, time_alive=  0
L_PERCEP PC=0xAAAAB2F689F4, theta= 261, max bias=  17, baseline_comp=  0, stable_cnt=255, grace_period=511, time_alive=  0
L_PERCEP PC=0xAAAAB2F68C60, theta= 261, max bias=  15, baseline_comp=  0, stable_cnt=255, grace_period=511, time_alive=  0
G_PERCEP PC=0xAAAAB2F68C60, theta= 320, max bias=  16, baseline_comp=  0, stable_cnt=255, grace_period=511, time_alive=  0
L_PERCEP PC=0xAAAAB2F68B04, theta= 261, max bias=  11, baseline_comp=  0, stable_cnt=255, grace_period=511, time_alive=  0
G_PERCEP PC=0xAAAAB2F68B04, theta= 320, max bias=  19, baseline_comp=  0, stable_cnt=255, grace_period=511, time_alive=  0
L_PERCEP PC=0xAAAAB2F68C6C, theta= 261, max bias=  11, baseline_comp=  0, stable_cnt=255, grace_period=511, time_alive=  0
G_PERCEP PC=0xAAAAB2F68C6C, theta= 320, max bias=   8, baseline_comp=  0, stable_cnt=255, grace_period=511, time_alive=  0
L_PERCEP PC=0xAAAAB2F68C60, theta= 261, max bias=   7, baseline_comp=  0, stable_cnt=255, grace_period=511, time_alive=  0
G_PERCEP PC=0xAAAAB2F68C60, theta= 328, max bias=  12, baseline_comp=  0, stable_cnt=255, grace_period=511, time_alive=  0
G_PERCEP PC=0xAAAAB2F68CF8, theta= 320, max bias=  16, baseline_comp=  0, stable_cnt=255, grace_period=511, time_alive=  0
G_PERCEP PC=0xAAAAB2F68CD0, theta= 312, max bias=  14, baseline_comp=  0, stable_cnt=255, grace_period=511, time_alive=  0
L_PERCEP PC=0xAAAAB2F68CF8, theta= 261, max bias=   1, baseline_comp=  0, stable_cnt=255, grace_period=511, time_alive=  0
G_PERCEP PC=0xAAAAB2F68C60, theta= 320, max bias=  10, baseline_comp=  0, stable_cnt=255, grace_period=511, time_alive=  0
L_PERCEP PC=0xAAAAB2F68C60, theta= 261, max bias=   5, baseline_comp=  0, stable_cnt=255, grace_period=511, time_alive=  0
55000000 instrs 
L_PERCEP PC=0xAAAAB2F68C60, theta= 261, max bias=  14, baseline_comp=  0, stable_cnt=255, grace_period=511, time_alive=  0
G_PERCEP PC=0xAAAAB2F68C60, theta= 336, max bias=  22, baseline_comp=  0, stable_cnt=255, grace_period=511, time_alive=  0
L_PERCEP PC=0xAAAAB2F68D40, theta= 261, max bias=   3, baseline_comp=  0, stable_cnt=255, grace_period=511, time_alive=  0
G_PERCEP PC=0xAAAAB2F68D40, theta= 320, max bias=  13, baseline_comp=  0, stable_cnt=255, grace_period=511, time_alive=  0
L_PERCEP PC=0xAAAAB2F68BB4, theta= 261, max bias=  13, baseline_comp=  0, stable_cnt=255, grace_period=511, time_alive=  0
G_PERCEP PC=0xAAAAB2F68BB4, theta= 320, max bias=  11, baseline_comp=  0, stable_cnt=255, grace_period=511, time_alive=  0
L_PERCEP PC=0xAAAAB2F68C6C, theta= 261, max bias=   9, baseline_comp=  0, stable_cnt=255, grace_period=511, time_alive=  0
G_PERCEP PC=0xAAAAB2F68C6C, theta= 320, max bias=  11, baseline_comp=  0, stable_cnt=255, grace_period=511, time_alive=  0
L_PERCEP PC=0xAAAAB2F68B04, theta= 261, max bias=   9, baseline_comp=  0, stable_cnt=255, grace_period=511, time_alive=  0
G_PERCEP PC=0xAAAAB2F68B04, theta= 320, max bias=  13, baseline_comp=  0, stable_cnt=255, grace_period=511, time_alive=  0
G_PERCEP PC=0xAAAAB2F68C60, theta= 328, max bias=   8, baseline_comp=  0, stable_cnt=255, grace_period=511, time_alive=  0
L_PERCEP PC=0xAAAAB2F68C60, theta= 261, max bias=   9, baseline_comp=  0, stable_cnt=255, grace_period=511, time_alive=  0
L_PERCEP PC=0xAAAAB2F68C60, theta= 261, max bias=   7, baseline_comp=  0, stable_cnt=255, grace_period=511, time_alive=  0
G_PERCEP PC=0xAAAAB2F68C60, theta= 320, max bias=  17, baseline_comp=  0, stable_cnt=255, grace_period=511, time_alive=  0
G_PERCEP PC=0xAAAAB2F689F4, theta= 320, max bias=  18, baseline_comp=  0, stable_cnt=255, grace_period=511, time_alive=  0
L_PERCEP PC=0xAAAAB2F68C4C, theta= 261, max bias=   0, baseline_comp=  0, stable_cnt=255, grace_period=511, time_alive=  0
G_PERCEP PC=0xAAAAB2F68C4C, theta= 320, max bias=  17, baseline_comp=  0, stable_cnt=255, grace_period=511, time_alive=  0
G_PERCEP PC=0xAAAAB2F68C60, theta= 344, max bias=  37, baseline_comp=  0, stable_cnt=255, grace_period=511, time_alive=  0
L_PERCEP PC=0xAAAAB2F68C60, theta= 261, max bias=  12, baseline_comp=  0, stable_cnt=255, grace_period=511, time_alive=  0
L_PERCEP PC=0xAAAAB2F68C60, theta= 261, max bias=  17, baseline_comp=  0, stable_cnt=255, grace_period=511, time_alive=  0
G_PERCEP PC=0xAAAAB2F68C60, theta= 320, max bias=  13, baseline_comp=  0, stable_cnt=255, grace_period=511, time_alive=  0
L_PERCEP PC=0xAAAAB2F68B04, theta= 261, max bias=  11, baseline_comp=  0, stable_cnt=255, grace_period=511, time_alive=  0
G_PERCEP PC=0xAAAAB2F68B04, theta= 320, max bias=  14, baseline_comp=  0, stable_cnt=255, grace_period=511, time_alive=  0
L_PERCEP PC=0xAAAAB2F68C60, theta= 261, max bias=   9, baseline_comp=  0, stable_cnt=255, grace_period=511, time_alive=  0
G_PERCEP PC=0xAAAAB2F68C60, theta= 320, max bias=  11, baseline_comp=  0, stable_cnt=255, grace_period=511, time_alive=  0
L_PERCEP PC=0xAAAAB2F68C6C, theta= 261, max bias=   3, baseline_comp=  0, stable_cnt=255, grace_period=511, time_alive=  0
G_PERCEP PC=0xAAAAB2F68C6C, theta= 320, max bias=   8, baseline_comp=  0, stable_cnt=255, grace_period=511, time_alive=  0
G_PERCEP PC=0xAAAAB2F68C60, theta= 320, max bias=   9, baseline_comp=  0, stable_cnt=255, grace_period=511, time_alive=  0
L_PERCEP PC=0xAAAAB2F68C60, theta= 261, max bias=  13, baseline_comp=  0, stable_cnt=255, grace_period=511, time_alive=  0
G_PERCEP PC=0xAAAAB2F68C60, theta= 320, max bias=  10, baseline_comp=  0, stable_cnt=255, grace_period=511, time_alive=  0
L_PERCEP PC=0xAAAAB2F68C60, theta= 261, max bias=  10, baseline_comp=  0, stable_cnt=255, grace_period=511, time_alive=  0
L_PERCEP PC=0xAAAAB2F68CD0, theta= 261, max bias=   8, baseline_comp=  0, stable_cnt=255, grace_period=511, time_alive=  0
L_PERCEP PC=0xAAAAB2F68C60, theta= 261, max bias=   9, baseline_comp=  0, stable_cnt=255, grace_period=511, time_alive=  0
G_PERCEP PC=0xAAAAB2F68C60, theta= 320, max bias=  14, baseline_comp=  0, stable_cnt=255, grace_period=511, time_alive=  0
G_PERCEP PC=0xAAAAB2F68C14, theta= 312, max bias=  21, baseline_comp=  0, stable_cnt=255, grace_period=511, time_alive=  0
L_PERCEP PC=0xAAAAB2F68B04, theta= 261, max bias=   8, baseline_comp=  0, stable_cnt=255, grace_period=511, time_alive=  0
G_PERCEP PC=0xAAAAB2F68B04, theta= 320, max bias=  12, baseline_comp=  0, stable_cnt=255, grace_period=511, time_alive=  0
G_PERCEP PC=0xAAAAB2F68CE0, theta= 320, max bias=  18, baseline_comp=  0, stable_cnt=255, grace_period=511, time_alive=  0
L_PERCEP PC=0xAAAAB2F68C60, theta= 261, max bias=  13, baseline_comp=  0, stable_cnt=255, grace_period=511, time_alive=  0
G_PERCEP PC=0xAAAAB2F68C60, theta= 320, max bias=   5, baseline_comp=  0, stable_cnt=255, grace_period=511, time_alive=  0
L_PERCEP PC=0xAAAAB2F68C4C, theta= 261, max bias=   2, baseline_comp=  0, stable_cnt=255, grace_period=511, time_alive=  0
G_PERCEP PC=0xAAAAB2F68C4C, theta= 320, max bias=  17, baseline_comp=  0, stable_cnt=255, grace_period=511, time_alive=  0
G_PERCEP PC=0xAAAAB2F68D40, theta= 320, max bias=  16, baseline_comp=  0, stable_cnt=255, grace_period=511, time_alive=  0
L_PERCEP PC=0xAAAAB2F68C60, theta= 261, max bias=   4, baseline_comp=  0, stable_cnt=255, grace_period=511, time_alive=  0
G_PERCEP PC=0xAAAAB2F68C60, theta= 320, max bias=  10, baseline_comp=  0, stable_cnt=255, grace_period=511, time_alive=  0
L_PERCEP PC=0xAAAAB2F68D08, theta= 261, max bias=   9, baseline_comp=  0, stable_cnt=255, grace_period=511, time_alive=  0
L_PERCEP PC=0xAAAAB2F68C60, theta= 261, max bias=  18, baseline_comp=  0, stable_cnt=255, grace_period=511, time_alive=  0
G_PERCEP PC=0xAAAAB2F68C60, theta= 320, max bias=   6, baseline_comp=  0, stable_cnt=255, grace_period=511, time_alive=  0
G_PERCEP PC=0xAAAAB2F68D08, theta= 320, max bias=  28, baseline_comp=  0, stable_cnt=255, grace_period=511, time_alive=  0
L_PERCEP PC=0xAAAAB2F68B04, theta= 261, max bias=   1, baseline_comp=  0, stable_cnt=255, grace_period=511, time_alive=  0
G_PERCEP PC=0xAAAAB2F68B04, theta= 320, max bias=  12, baseline_comp=  0, stable_cnt=255, grace_period=511, time_alive=  0
L_PERCEP PC=0xAAAAB2F68C60, theta= 261, max bias=   2, baseline_comp=  0, stable_cnt=255, grace_period=511, time_alive=  0
G_PERCEP PC=0xAAAAB2F68C60, theta= 320, max bias=  15, baseline_comp=  0, stable_cnt=255, grace_period=511, time_alive=  0
G_PERCEP PC=0xAAAAB2F68C6C, theta= 320, max bias=   8, baseline_comp=  0, stable_cnt=255, grace_period=511, time_alive=  0
L_PERCEP PC=0xAAAAB2F68C6C, theta= 261, max bias=   3, baseline_comp=  0, stable_cnt=255, grace_period=511, time_alive=  0
G_PERCEP PC=0xAAAAB2F68C60, theta= 336, max bias=  13, baseline_comp=  0, stable_cnt=255, grace_period=511, time_alive=  0
L_PERCEP PC=0xAAAAB2F68C60, theta= 261, max bias=   4, baseline_comp=  0, stable_cnt=255, grace_period=511, time_alive=  0
L_PERCEP PC=0xAAAAB2F68C60, theta= 261, max bias=   4, baseline_comp=  0, stable_cnt=255, grace_period=511, time_alive=  0
G_PERCEP PC=0xAAAAB2F68C60, theta= 320, max bias=  14, baseline_comp=  0, stable_cnt=255, grace_period=511, time_alive=  0
L_PERCEP PC=0xAAAAB2F68D40, theta= 261, max bias=   2, baseline_comp=  0, stable_cnt=255, grace_period=511, time_alive=  0
L_PERCEP PC=0xAAAAB2F68B04, theta= 261, max bias=   2, baseline_comp=  0, stable_cnt=255, grace_period=511, time_alive=  0
G_PERCEP PC=0xAAAAB2F68B04, theta= 320, max bias=  19, baseline_comp=  0, stable_cnt=255, grace_period=511, time_alive=  0
L_PERCEP PC=0xAAAAB2F68C60, theta= 261, max bias=   6, baseline_comp=  0, stable_cnt=255, grace_period=511, time_alive=  0
G_PERCEP PC=0xAAAAB2F68C60, theta= 320, max bias=   7, baseline_comp=  0, stable_cnt=255, grace_period=511, time_alive=  0
L_PERCEP PC=0xAAAAB2F68C4C, theta= 261, max bias=   3, baseline_comp=  0, stable_cnt=255, grace_period=511, time_alive=  0
G_PERCEP PC=0xAAAAB2F68C4C, theta= 320, max bias=  20, baseline_comp=  0, stable_cnt=255, grace_period=511, time_alive=  0
L_PERCEP PC=0xAAAAB2F68CE0, theta= 261, max bias=   6, baseline_comp=  0, stable_cnt=255, grace_period=511, time_alive=  0
G_PERCEP PC=0xAAAAB2F68C60, theta= 320, max bias=   6, baseline_comp=  0, stable_cnt=255, grace_period=511, time_alive=  0
L_PERCEP PC=0xAAAAB2F68C60, theta= 261, max bias=  10, baseline_comp=  0, stable_cnt=255, grace_period=511, time_alive=  0
L_PERCEP PC=0xAAAAB2F68CF8, theta= 261, max bias=   4, baseline_comp=  0, stable_cnt=255, grace_period=511, time_alive=  0
G_PERCEP PC=0xAAAAB2F68CF8, theta= 320, max bias=  17, baseline_comp=  0, stable_cnt=255, grace_period=511, time_alive=  0
L_PERCEP PC=0xAAAAB2F68C6C, theta= 261, max bias=  17, baseline_comp=  0, stable_cnt=255, grace_period=511, time_alive=  0
G_PERCEP PC=0xAAAAB2F68C6C, theta= 320, max bias=   7, baseline_comp=  0, stable_cnt=255, grace_period=511, time_alive=  0
G_PERCEP PC=0xAAAAB2F68CA8, theta= 320, max bias=  31, baseline_comp=  0, stable_cnt=255, grace_period=511, time_alive=  0
L_PERCEP PC=0xAAAAB2F68CA8, theta= 261, max bias=   9, baseline_comp=  0, stable_cnt=255, grace_period=511, time_alive=  0
L_PERCEP PC=0xAAAAB2F68C60, theta= 261, max bias=  10, baseline_comp=  0, stable_cnt=255, grace_period=511, time_alive=  0
G_PERCEP PC=0xAAAAB2F68C60, theta= 328, max bias=   4, baseline_comp=  0, stable_cnt=255, grace_period=511, time_alive=  0
G_PERCEP PC=0xAAAAB2F68C60, theta= 320, max bias=  15, baseline_comp=  0, stable_cnt=255, grace_period=511, time_alive=  0
L_PERCEP PC=0xAAAAB2F68C60, theta= 261, max bias=   4, baseline_comp=  0, stable_cnt=255, grace_period=511, time_alive=  0
L_PERCEP PC=0xAAAAB2F68B04, theta= 261, max bias=   0, baseline_comp=  0, stable_cnt=255, grace_period=511, time_alive=  0
G_PERCEP PC=0xAAAAB2F68B04, theta= 320, max bias=   9, baseline_comp=  0, stable_cnt=255, grace_period=511, time_alive=  0
L_PERCEP PC=0xAAAAB2F68CD0, theta= 261, max bias=  15, baseline_comp=  0, stable_cnt=255, grace_period=511, time_alive=  0
L_PERCEP PC=0xAAAAB2F68D08, theta= 261, max bias=   4, baseline_comp=  0, stable_cnt=255, grace_period=511, time_alive=  0
G_PERCEP PC=0xAAAAB2F68CD0, theta= 320, max bias=  14, baseline_comp=  0, stable_cnt=255, grace_period=511, time_alive=  0
G_PERCEP PC=0xAAAAB2F68D08, theta= 320, max bias=  20, baseline_comp=  0, stable_cnt=255, grace_period=511, time_alive=  0
L_PERCEP PC=0xAAAAB2F68C60, theta= 261, max bias=  10, baseline_comp=  0, stable_cnt=255, grace_period=511, time_alive=  0
G_PERCEP PC=0xAAAAB2F68C60, theta= 320, max bias=  19, baseline_comp=  0, stable_cnt=255, grace_period=511, time_alive=  0
L_PERCEP PC=0xAAAAB2F68C60, theta= 261, max bias=   8, baseline_comp=  0, stable_cnt=255, grace_period=511, time_alive=  0
G_PERCEP PC=0xAAAAB2F68C60, theta= 320, max bias=   7, baseline_comp=  0, stable_cnt=255, grace_period=511, time_alive=  0
L_PERCEP PC=0xAAAAB2F68C60, theta= 261, max bias=   8, baseline_comp=  0, stable_cnt=255, grace_period=511, time_alive=  0
G_PERCEP PC=0xAAAAB2F68C60, theta= 328, max bias=   9, baseline_comp=  0, stable_cnt=255, grace_period=511, time_alive=  0
G_PERCEP PC=0xAAAAB2F68C6C, theta= 320, max bias=  15, baseline_comp=  0, stable_cnt=255, grace_period=511, time_alive=  0
G_PERCEP PC=0xAAAAB2F68C60, theta= 320, max bias=  14, baseline_comp=  0, stable_cnt=255, grace_period=511, time_alive=  0
L_PERCEP PC=0xAAAAB2F68C60, theta= 261, max bias=   2, baseline_comp=  0, stable_cnt=255, grace_period=511, time_alive=  0
L_PERCEP PC=0xAAAAB2F68C6C, theta= 261, max bias=   9, baseline_comp=  0, stable_cnt=255, grace_period=511, time_alive=  0
L_PERCEP PC=0xAAAAB2F68C4C, theta= 261, max bias=   1, baseline_comp=  0, stable_cnt=255, grace_period=511, time_alive=  0
G_PERCEP PC=0xAAAAB2F68C4C, theta= 320, max bias=  14, baseline_comp=  0, stable_cnt=255, grace_period=511, time_alive=  0
L_PERCEP PC=0xAAAAB2F68C60, theta= 261, max bias=   3, baseline_comp=  0, stable_cnt=255, grace_period=511, time_alive=  0
G_PERCEP PC=0xAAAAB2F68C60, theta= 320, max bias=  10, baseline_comp=  0, stable_cnt=255, grace_period=511, time_alive=  0
L_PERCEP PC=0xAAAAB2F68B04, theta= 261, max bias=   5, baseline_comp=  0, stable_cnt=255, grace_period=511, time_alive=  0
G_PERCEP PC=0xAAAAB2F68B04, theta= 320, max bias=  15, baseline_comp=  0, stable_cnt=255, grace_period=511, time_alive=  0
L_PERCEP PC=0xAAAAB2F68C60, theta= 261, max bias=   2, baseline_comp=  0, stable_cnt=255, grace_period=511, time_alive=  0
G_PERCEP PC=0xAAAAB2F68C60, theta= 328, max bias=   8, baseline_comp=  0, stable_cnt=255, grace_period=511, time_alive=  0
60000000 instrs 
L_PERCEP PC=0xAAAAB2F68C60, theta= 261, max bias=  15, baseline_comp=  0, stable_cnt=255, grace_period=511, time_alive=  0
G_PERCEP PC=0xAAAAB2F68CE0, theta= 320, max bias=  26, baseline_comp=  0, stable_cnt=255, grace_period=511, time_alive=  0
G_PERCEP PC=0xAAAAB2F68C60, theta= 328, max bias=  21, baseline_comp=  0, stable_cnt=255, grace_period=511, time_alive=  0
L_PERCEP PC=0xAAAAB2F68D40, theta= 261, max bias=  10, baseline_comp=  0, stable_cnt=255, grace_period=511, time_alive=  0
G_PERCEP PC=0xAAAAB2F68CB8, theta= 328, max bias=  31, baseline_comp=  0, stable_cnt=255, grace_period=511, time_alive=  0
G_PERCEP PC=0xAAAAB2F68D40, theta= 320, max bias=  20, baseline_comp=  0, stable_cnt=255, grace_period=511, time_alive=  0
G_PERCEP PC=0xAAAAAD30A5D4, theta= 304, max bias=  16, baseline_comp=  0, stable_cnt=255, grace_period=511, time_alive=  0
L_PERCEP PC=0xAAAAAD30A5D4, theta= 261, max bias=  24, baseline_comp=  0, stable_cnt=255, grace_period=511, time_alive=  0
65000000 instrs 
L_PERCEP PC=0xAAAAAD30A5A0, theta= 261, max bias=  23, baseline_comp=  0, stable_cnt=255, grace_period=511, time_alive=  0
G_PERCEP PC=0xAAAAAD30A5A0, theta= 312, max bias=  13, baseline_comp=  0, stable_cnt=255, grace_period=511, time_alive=  0
L_PERCEP PC=0xAAAAAD37B138, theta= 261, max bias=  24, baseline_comp=  0, stable_cnt=255, grace_period=511, time_alive=  0
G_PERCEP PC=0xAAAAAD37B138, theta= 320, max bias=  16, baseline_comp=  0, stable_cnt=255, grace_period=511, time_alive=  0
L_PERCEP PC=0xAAAAAD300E38, theta= 261, max bias=  21, baseline_comp=  0, stable_cnt=255, grace_period=511, time_alive=  0
70000000 instrs 
EOF
======== Predictor Memory ========
TAGE-SC-L (bits) = 1305275
TAGE-SC-L (KBytes) = 159.335327
H2P_ID_MEM_BITS = 19456
H2P_ID_MEM (KBytes) = 2.375000
L_PERCEP_MEM_BITS = 176320
L_PERCEP_MEM (KBytes) = 21.523438
G_PERCEP_MEM_BITS = 33184
G_PERCEP_MEM (KBytes) = 4.050781
Total Memory (bits) = 1534235
Total Memory (KBytes) = 187.284546
======== Runtime Statistics ========
COL h2p_insert_cnt = 457
COL h2p_with_tage = 10886419
COL h2p_with_lhist_percep = 0
COL h2p_with_ghist_percep = 0
COL filtered_updates = 0
COL lhist_percep_evictions = 430
COL ghist_percep_evictions = 434
COL lhist_percep_stale_evictions = 19
COL ghist_percep_stale_evictions = 15
======== End of Statistics ========
WINDOW_SIZE = 1024
FETCH_WIDTH = 16
FETCH_NUM_BRANCH = 16
FETCH_STOP_AT_INDIRECT = 1
FETCH_STOP_AT_TAKEN = 1
FETCH_MODEL_ICACHE = 1
PERFECT_BRANCH_PRED = 0
PERFECT_INDIRECT_PRED = 1
PIPELINE_FILL_LATENCY = 10
NUM_LDST_LANES = 8
NUM_ALU_LANES = 16
MEMORY HIERARCHY CONFIGURATION---------------------
STRIDE Prefetcher = 1
PERFECT_CACHE = 0
WRITE_ALLOCATE = 1
Within-pipeline factors:
	AGEN latency = 1 cycle
	Store Queue (SQ): SQ size = window size, oracle memory disambiguation, store-load forwarding = 1 cycle after store's or load's agen.
	* Note: A store searches the L1$ at commit. The store is released
	* from the SQ and window, whether it hits or misses. Store misses
	* are buffered until the block is allocated and the store is
	* performed in the L1$. While buffered, conflicting loads get
	* the store's data as they would from the SQ.
I$: 128 KB, 8-way set-assoc., 64B block size
L1$: 128 KB, 8-way set-assoc., 64B block size, 3-cycle search latency
L2$: 4 MB, 8-way set-assoc., 64B block size, 12-cycle search latency
L3$: 32 MB, 16-way set-assoc., 128B block size, 50-cycle search latency
Main Memory: 150-cycle fixed search time
---------------------------STORE QUEUE MEASUREMENTS (Full Simulation i.e. Counts Not Reset When Warmup Ends)---------------------------
Number of loads: 19423493
Number of loads that miss in SQ: 15145489 (77.98%)
Number of PFs issued to the memory system 1353526
---------------------------------------------------------------------------------------------------------------------------------------
------------------------MEMORY HIERARCHY MEASUREMENTS (Full Simulation i.e. Counts Not Reset When Warmup Ends)-------------------------
I$:
	accesses   = 77409258
	misses     = 6231
	miss ratio = 0.01%
	pf accesses   = 0
	pf misses     = 0
	pf miss ratio = -nan%
L1$:
	accesses   = 27296765
	misses     = 122805
	miss ratio = 0.45%
	pf accesses   = 1353526
	pf misses     = 19196
	pf miss ratio = 1.42%
L2$:
	accesses   = 129036
	misses     = 31184
	miss ratio = 24.17%
	pf accesses   = 19196
	pf misses     = 3873
	pf miss ratio = 20.18%
L3$:
	accesses   = 31184
	misses     = 16982
	miss ratio = 54.46%
	pf accesses   = 3873
	pf misses     = 2026
	pf miss ratio = 52.31%
---------------------------------------------------------------------------------------------------------------------------------------
----------------------------------------------Prefetcher (Full Simulation i.e. No Warmup)----------------------------------------------
Num Trainings :19423493
Num Prefetches generated :1414144
Num Prefetches issued :8012310
Num Prefetches filtered by PF queue :515222
Num untimely prefetches dropped from PF queue :60618
Num prefetches not issued LDST contention :6658784
Num prefetches not issued stride 0 :5485371
---------------------------------------------------------------------------------------------------------------------------------------

-------------------------------ILP LIMIT STUDY (Full Simulation i.e. Counts Not Reset When Warmup Ends)--------------------------------
instructions = 70000043
cycles       = 19737747
CycWP        = 10610815
IPC          = 3.5465

---------------------------------------------------------------------------------------------------------------------------------------

-----------------------------------------------BRANCH PREDICTION MEASUREMENTS (Full Simulation i.e. Counts Not Reset When Warmup Ends)----------------------------------------------
Type                   NumBr     MispBr        mr     mpki
CondDirect         11059737     251862   2.2773%   3.5980
JumpDirect           903156          0   0.0000%   0.0000
JumpIndirect         196137          0   0.0000%   0.0000
JumpReturn           501035          0   0.0000%   0.0000
Not control        64749193          0   0.0000%   0.0000
------------------------------------------------------------------------------------------------------------------------------------------------------------------------------------

------------------------------------------------------DIRECT CONDITIONAL BRANCH PREDICTION MEASUREMENTS (Last 10M instructions)-----------------------------------------------------
       Instr       Cycles      IPC      NumBr     MispBr BrPerCyc MispBrPerCyc        MR     MPKI      CycWP   CycWPAvg   CycWPPKI
    10000043      1629137   6.1382    1046597       6490   0.6424       0.0040   0.6201%   0.6490     179914    27.7217    17.9913
------------------------------------------------------------------------------------------------------------------------------------------------------------------------------------

------------------------------------------------------DIRECT CONDITIONAL BRANCH PREDICTION MEASUREMENTS (Last 25M instructions)-----------------------------------------------------
       Instr       Cycles      IPC      NumBr     MispBr BrPerCyc MispBrPerCyc        MR     MPKI      CycWP   CycWPAvg   CycWPPKI
    25000043      6503282   3.8442    4006661      83766   0.6161       0.0129   2.0907%   3.3506    3530140    42.1429   141.2054
-------------------------------------------------------------------------------------------------------------------------------------------------------------------------------------

---------------------------------------------------------DIRECT CONDITIONAL BRANCH PREDICTION MEASUREMENTS (50 Perc instructions)---------------------------------------------------
       Instr       Cycles      IPC      NumBr     MispBr BrPerCyc MispBrPerCyc        MR     MPKI      CycWP   CycWPAvg   CycWPPKI
    35000043      8522173   4.1069    5268168      98046   0.6182       0.0115   1.8611%   2.8013    4163676    42.4666   118.9620
------------------------------------------------------------------------------------------------------------------------------------------------------------------------------------

-------------------------------------DIRECT CONDITIONAL BRANCH PREDICTION MEASUREMENTS (Full Simulation i.e. Counts Not Reset When Warmup Ends)-------------------------------------
       Instr       Cycles      IPC      NumBr     MispBr BrPerCyc MispBrPerCyc        MR     MPKI      CycWP   CycWPAvg   CycWPPKI
    70000043     19737747   3.5465   11059737     251862   0.5603       0.0128   2.2773%   3.5980   10610815    42.1295   151.5830
------------------------------------------------------------------------------------------------------------------------------------------------------------------------------------
 Read 70000043 instrs 
G_PERCEP PC=0xAAAAAD30BE1C, theta= 320, max bias=  11, baseline_comp=  0, stable_cnt=  0, grace_period= 18, time_alive=  0
G_PERCEP PC=0xAAAAAD300E38, theta= 312, max bias=  37, baseline_comp=  1, stable_cnt=  0, grace_period=511, time_alive=  2
G_PERCEP PC=0xAAAAB2F68C60, theta= 320, max bias=   7, baseline_comp=  1, stable_cnt= 50, grace_period=511, time_alive=3819
G_PERCEP PC=0xAAAAB2F68B04, theta= 320, max bias=   8, baseline_comp=  0, stable_cnt=  0, grace_period=154, time_alive=3794
G_PERCEP PC=0xAAAAB2F6A580, theta= 320, max bias=  28, baseline_comp=  0, stable_cnt=  0, grace_period=373, time_alive=3421
G_PERCEP PC=0xAAAAB2F68D08, theta= 320, max bias=  15, baseline_comp=  3, stable_cnt=  0, grace_period=511, time_alive=3821
G_PERCEP PC=0xAAAAB2F68D20, theta= 320, max bias=  18, baseline_comp=  6, stable_cnt=  0, grace_period=511, time_alive=3820
G_PERCEP PC=0xAAAAB2F68B2C, theta= 304, max bias= 114, baseline_comp=  1, stable_cnt=  6, grace_period=511, time_alive=3818
L_PERCEP PC=0xAAAAAD30BE1C, theta= 261, max bias=   8, baseline_comp=  0, stable_cnt=  0, grace_period= 18, time_alive=  0
L_PERCEP PC=0xAAAAB2F68C60, theta= 261, max bias=   9, baseline_comp=  0, stable_cnt=196, grace_period=511, time_alive=3836
L_PERCEP PC=0xAAAAB2F68B04, theta= 261, max bias=   5, baseline_comp=  0, stable_cnt=  0, grace_period=154, time_alive=3812
L_PERCEP PC=0xAAAAB2F6A580, theta= 261, max bias=  15, baseline_comp=  1, stable_cnt=  0, grace_period=373, time_alive=3439
L_PERCEP PC=0xAAAAB2F68D08, theta= 261, max bias=   9, baseline_comp=  2, stable_cnt=  0, grace_period=511, time_alive=3840
L_PERCEP PC=0xAAAAB2F68D20, theta= 261, max bias=   9, baseline_comp=  4, stable_cnt=  0, grace_period=511, time_alive=3839
L_PERCEP PC=0xAAAAB2F68C14, theta= 269, max bias=  10, baseline_comp=  0, stable_cnt= 49, grace_period=511, time_alive=3837
L_PERCEP PC=0xAAAAB2F68CB8, theta= 293, max bias=  19, baseline_comp=  3, stable_cnt=  0, grace_period=511, time_alive=3838

ExecTime = 780.2945659160614
